params_label,split_id,test_groups,test_start,test_end,purged_train_bars,candidate_cpcv_mode,train_score,test_score,train_return_pct,train_monthly_return_pct,train_max_dd_pct,train_profit_factor,train_trades,test_return_pct,test_monthly_return_pct,test_max_dd_pct,test_profit_factor,test_trades,test_win_rate_pct,test_expectancy_pct,train_test_gap_pct
candidate_01,1,"0,1",2024-06-01 00:00:00,2024-12-03 03:00:00,12995,approx_full_backtest,10.680517246219296,9.884984738604086,31.820181835932004,1.5652573666143699,-8.98378969794209,1.5982317169798166,82,13.549207471099155,2.111625378391535,-6.540475221707465,2.3267096157069695,19,89.47368421052632,0.7811977798932512,0.0
candidate_01,2,"0,2",2024-06-01 00:00:00,2025-03-05 17:00:00,11459,approx_full_backtest,13.86038111981983,5.905272528168959,36.95558618278045,2.025409118683119,-7.733417134441889,1.5750369356785814,73,8.599032256178862,1.3658540839015298,-6.252638484449657,1.8992574399802218,17,88.23529411764706,0.5074448387438596,32.564039960994094
candidate_01,3,"0,3",2024-06-01 00:00:00,2025-06-06 07:00:00,11459,approx_full_backtest,17.97994901682045,0.27267038728466675,46.17867441128845,2.4502515895702404,-7.733417134441889,2.1213905527363686,65,4.547611131271179,0.7340425590719679,-8.98378969794209,1.2252182559674734,26,84.61538461538461,0.18874517827611245,70.04215558122688
candidate_01,4,"0,4",2024-06-01 00:00:00,2025-09-06 21:00:00,11459,approx_full_backtest,15.579128198951944,0.14925695420337004,42.612855097368566,2.2890581337323024,-8.98378969794209,1.8897681420973147,66,2.4814560544524022,0.40391534923411854,-6.252638484449657,1.1521744380587766,19,84.21052631578947,0.13261208370291458,82.35451763841682
candidate_01,5,"0,5",2024-06-01 00:00:00,2025-12-08 11:00:00,11459,approx_full_backtest,17.776672143190893,7.875847770143241,50.51329451649058,2.641313067465356,-8.98378969794209,1.862721742067503,73,11.541711025314804,1.812524050540687,-6.252638484449657,1.9500417946320034,19,84.21052631578947,0.6087454278043642,31.377916807112445
candidate_01,6,"0,6",2024-06-01 00:00:00,2026-03-11 01:00:00,11459,approx_full_backtest,14.59525930801364,1.233817190258901,39.54466533605998,2.1473107339730513,-8.98378969794209,2.01175318028812,74,3.767453830928047,0.6100361869885829,-6.726744963517328,1.1767962947022887,16,81.25,0.2619094713054848,71.59068888647214
candidate_01,7,"0,7",2024-06-01 00:00:00,2026-06-11 14:00:00,11796,approx_full_backtest,10.175087786999246,9.496069124439435,29.21140241993403,1.5998805697859497,-8.98378969794209,1.646212967195336,68,14.15533661013506,2.201566352868567,-6.252638484449657,2.36178968391606,22,86.36363636363636,0.6339647598079893,0.0
candidate_01,8,"1,2",2024-09-01 14:00:00,2025-03-05 17:00:00,11795,approx_full_backtest,13.615272530416995,12.173371762654149,36.83189893254553,1.9614316674042565,-7.733417134441889,1.5740884150275745,73,17.439238268885383,2.678848796090616,-6.540475221707465,2.803548816183166,24,91.66666666666666,0.7820511169109378,0.0
candidate_01,9,"1,3",2024-09-01 14:00:00,2025-06-06 07:00:00,10259,approx_full_backtest,11.269834246217652,6.238517599552688,28.501832366495815,1.802218065481398,-7.733417134441889,1.7910415493572203,56,13.058022332326624,2.0388533991011926,-8.98378969794209,1.7137765154372164,33,87.87878787878788,0.4560617934059339,0.0
candidate_01,10,"1,4",2024-09-01 14:00:00,2025-09-06 21:00:00,10259,approx_full_backtest,9.296740534711045,6.611722065065939,25.367214286451436,1.623303997906067,-8.98378969794209,1.6090526040895843,57,10.823677575049274,1.7044500423814668,-6.540475221707465,1.8598848966153116,26,88.46153846153845,0.48701131298354894,0.0
candidate_01,11,"1,5",2024-09-01 14:00:00,2025-12-08 11:00:00,10259,approx_full_backtest,11.477464165093547,13.73972976973238,32.3122830247357,2.014326353321305,-8.98378969794209,1.574450257248084,64,20.621457722757942,3.131304491164566,-6.540475221707465,2.6149900211506503,26,88.46153846153845,0.8349549105961468,0.0
candidate_01,12,"1,6",2024-09-01 14:00:00,2026-03-11 01:00:00,10259,approx_full_backtest,8.759054794527149,7.726512446490837,22.670049272716565,1.466001043507137,-8.98378969794209,1.6639820885523662,65,12.214358469226273,1.9132407690496178,-6.726744963517328,1.6394713703886554,23,86.95652173913044,0.6231833081784631,0.0
candidate_01,13,"1,7",2024-09-01 14:00:00,2026-06-11 14:00:00,10596,approx_full_backtest,4.6556732852549585,15.25158381338209,13.586349311729595,0.882297812198285,-8.98378969794209,1.3340904132482712,59,23.447838321410998,3.525686082393076,-6.540475221707465,3.0401180206531104,29,89.65517241379311,0.8306858366549194,0.0
candidate_01,14,"2,3",2024-12-03 04:00:00,2025-06-06 07:00:00,11795,approx_full_backtest,10.53095142641081,2.8728970491243055,29.100247155001014,1.5947378551964375,-8.1583698106375,1.7044421964892578,62,8.129260322782583,1.2936135940767146,-8.98378969794209,1.4679272280505413,31,87.09677419354838,0.28496269751837594,18.882367414714114
candidate_01,15,"2,4",2024-12-03 04:00:00,2025-09-06 21:00:00,10259,approx_full_backtest,8.128182477519056,3.928057620062765,24.951728868691237,1.5992782652710424,-8.1583698106375,1.3913045535372062,55,5.992321776304843,0.9616525491241257,-4.504298052783328,1.5087320285759964,24,87.5,0.2685874407602546,39.86959180232799
candidate_01,16,"2,5",2024-12-03 04:00:00,2025-12-08 11:00:00,10259,approx_full_backtest,10.598933924463212,10.930341387245209,31.87378062600066,1.9902081753691458,-8.1583698106375,1.3554144087837314,62,15.362967912877679,2.3780859798754994,-4.95728316676487,2.3225056084662135,24,87.5,0.6455263381739021,0.0
candidate_01,17,"2,6",2024-12-03 04:00:00,2026-03-11 01:00:00,10259,approx_full_backtest,7.236526230667375,3.9858097917306257,22.263502657169344,1.4420125003609119,-8.1583698106375,1.3938313317716844,63,7.322375967332295,1.1689183746859788,-6.726744963517328,1.4045049621114591,21,85.71428571428571,0.38652478708468996,18.938402101686506
candidate_01,18,"2,7",2024-12-03 04:00:00,2026-06-11 14:00:00,10596,approx_full_backtest,3.1487474133433353,12.02709735226265,13.209907416101196,0.8592081288820719,-8.1583698106375,1.1282703068810054,57,18.066132511181788,2.769417578056399,-5.994974098838767,2.7652509836852928,27,88.88888888888889,0.6619886556913519,0.0
candidate_01,19,"3,4",2025-03-05 18:00:00,2025-09-06 21:00:00,11795,approx_full_backtest,14.528925095750553,-1.5531997070078072,38.63541458974038,2.0441675747701504,-8.1583698106375,1.8444639280162436,61,2.0381472076995255,0.33236040510911113,-8.98378969794209,1.1043044442081997,33,84.84848484848484,0.08263366529634612,83.74103917843026
candidate_01,20,"3,5",2025-03-05 18:00:00,2025-12-08 11:00:00,10259,approx_full_backtest,15.589411361682744,4.698871647290494,40.754641550631085,2.4647524127700438,-8.1583698106375,1.851537979901677,54,11.059209808185312,1.7399652320491565,-8.98378969794209,1.5665161878542475,33,84.84848484848484,0.3567710452335443,29.406084642243062
candidate_01,21,"3,6",2025-03-05 18:00:00,2026-03-11 01:00:00,10259,approx_full_backtest,11.960187860078955,-0.6222433802408763,30.497172444311403,1.91400607036738,-8.1583698106375,2.0364615638979893,55,3.318582083205901,0.5383343465500401,-8.98378969794209,1.1327932462711185,30,83.33333333333334,0.14659443017706003,71.87394779543669
candidate_01,22,"3,7",2025-03-05 18:00:00,2026-06-11 14:00:00,10596,approx_full_backtest,7.744978460130275,6.2391875234545475,20.83387510914885,1.3134839672128917,-8.1583698106375,1.5846168708483779,49,13.661529510083348,2.128713880285882,-8.98378969794209,1.7863608283551253,36,86.11111111111111,0.39318072444999475,0.0
candidate_01,23,"4,5",2025-06-06 08:00:00,2025-12-08 11:00:00,11795,approx_full_backtest,13.44565105050323,5.655826384023094,38.98416473694451,2.0600498396853073,-8.98378969794209,1.6245240831800454,63,8.864367212647227,1.4065413963943785,-4.95728316676487,1.6348804747603356,26,84.61538461538461,0.36098844030320837,31.722943333776747
candidate_01,24,"4,6",2025-06-06 08:00:00,2026-03-11 01:00:00,10259,approx_full_backtest,9.913132040136173,-0.9875551179834563,27.313880902040278,1.734895539030834,-8.98378969794209,1.7596613572691702,56,1.2767160798507815,0.20884851478557565,-6.726744963517328,1.068867502818554,23,82.6086956521739,0.08739512436905461,87.96189683545761
candidate_01,25,"4,7",2025-06-06 08:00:00,2026-06-11 14:00:00,10596,approx_full_backtest,5.8136805702486445,6.779532424902168,17.886305859562633,1.1411048208815666,-8.98378969794209,1.4136140908921675,50,11.415257752220075,1.793940789598092,-5.994974098838767,1.9431632623317947,29,86.20689655172413,0.40575038053021595,0.0
candidate_01,26,"5,6",2025-09-06 22:00:00,2026-03-11 01:00:00,11795,approx_full_backtest,13.562426958610398,5.943629240195431,37.07140864886029,1.9724778275827415,-8.98378969794209,1.8989870603591856,72,10.230461524368417,1.614720541537329,-6.726744963517328,1.5077913823584688,23,82.6086956521739,0.48072266949633913,18.137455389490576
candidate_01,27,"5,7",2025-09-06 22:00:00,2026-06-11 14:00:00,10596,approx_full_backtest,7.718576299769069,13.63857631789921,24.416948676801532,1.517832379041284,-8.98378969794209,1.3683011771602431,57,21.265338749733488,3.2223745614023525,-5.994974098838767,2.6080639128402847,29,86.20689655172413,0.717699812872545,0.0
candidate_01,28,"6,7",2025-12-08 12:00:00,2026-06-11 14:00:00,12132,approx_full_backtest,7.862328545784457,7.466828964058649,23.585827086469457,1.2833680248670154,-8.98378969794209,1.5465999692962005,67,12.81336214350317,2.002962337279479,-6.726744963517328,1.714350419102517,26,84.61538461538461,0.5168339609964863,0.0
candidate_02,1,"0,1",2024-06-01 00:00:00,2024-12-03 03:00:00,12995,approx_full_backtest,17.65483359700123,-50001.383515357935,51.560093494294826,2.3651591280139606,-10.08875581046026,2.148423368094215,84,-1.3835153579357162,-0.22884949834816037,-9.488804552237596,1.07794919239288,16,81.25,0.12783170487369178,109.67586052192297
candidate_02,2,"0,2",2024-06-01 00:00:00,2025-03-05 17:00:00,11459,approx_full_backtest,16.957009503303023,8.41267714521014,46.710038940916185,2.4739562081019795,-7.73341745183701,1.9072674246780257,74,10.85816982903376,1.709654963798779,-4.647649291406486,2.2400941379496238,16,87.5,0.5413610198346044,30.893887361473254
candidate_02,3,"0,3",2024-06-01 00:00:00,2025-06-06 07:00:00,11459,approx_full_backtest,18.245819665086373,-3.2652208552269815,47.50960624636207,2.5094745341346814,-7.73341745183701,2.281000039814912,66,0.6700004852463914,0.10987640094455298,-10.08875581046026,1.0204098988409642,24,79.16666666666666,0.036729069088784184,95.62153751911092
candidate_02,4,"0,4",2024-06-01 00:00:00,2025-09-06 21:00:00,11459,approx_full_backtest,15.176024303607138,0.019932082513859695,42.85887618034503,2.3003000842995114,-10.08875581046026,1.9751839848857542,66,1.4238804197768795,0.23278041723373555,-4.647649291406486,1.1143854267974507,20,80.0,0.06435866668620846,89.88043260866019
candidate_02,5,"0,5",2024-06-01 00:00:00,2025-12-08 11:00:00,11459,approx_full_backtest,13.654653918459529,18.663321969302977,41.27991611997843,2.2278318923886653,-10.08875581046026,1.6501039482677828,76,17.176410803401932,2.641023128822817,-4.647649291406486,6.927271056110919,14,92.85714285714286,1.1803745229094738,0.0
candidate_02,6,"0,6",2024-06-01 00:00:00,2026-03-11 01:00:00,11459,approx_full_backtest,10.934335706960542,1.4593904546396954,32.00305592743944,1.7860948864765858,-10.08875581046026,1.7933632333522698,78,3.9056563406829614,0.6320601882904509,-6.7267450810392315,1.2726621942965881,14,78.57142857142857,0.2974578740612297,64.61217189097323
candidate_02,7,"0,7",2024-06-01 00:00:00,2026-06-11 14:00:00,11796,approx_full_backtest,10.695151088119832,7.255349725216288,31.84818104501248,1.7270743786812037,-10.08875581046026,1.7857113984272746,73,9.49293181016062,1.5029387479869483,-4.891410087138781,2.143198448943832,17,82.35294117647058,0.5554419655268128,12.977763636642315
candidate_02,8,"1,2",2024-09-01 14:00:00,2025-03-05 17:00:00,11795,approx_full_backtest,15.94613990057968,4.580394787038323,45.22808482763543,2.3382499908798815,-7.73341745183701,1.8852973255511054,73,9.537324746213848,1.5093645111114107,-9.488804552237596,1.6325691936824278,26,88.46153846153845,0.4446829565765287,35.44896751850566
candidate_02,9,"1,3",2024-09-01 14:00:00,2025-06-06 07:00:00,10259,approx_full_backtest,17.937297710609332,-50000.529455317905,42.58697290282991,2.5591903432164997,-7.73341745183701,2.700521207115626,53,-0.529455317907146,-0.08726370802502048,-10.08875581046026,1.0926967258025293,34,82.35294117647058,0.11121994740490865,103.40981702499485
candidate_02,10,"1,4",2024-09-01 14:00:00,2025-09-06 21:00:00,10259,approx_full_backtest,13.914591541788877,-2.2550488384375913,38.09144519601722,2.3254357299307804,-10.08875581046026,2.196884652381589,53,0.21544234128814121,0.03539828108329868,-9.488804552237596,1.1667860994601076,30,83.33333333333334,0.1395717962453414,98.47777856735898
candidate_02,11,"1,5",2024-09-01 14:00:00,2025-12-08 11:00:00,10259,approx_full_backtest,12.246568517133742,10.37055022533431,36.56517757812308,2.2444648228707287,-10.08875581046026,1.7480381742398525,63,15.780285589799291,2.4388985911465877,-9.488804552237596,2.5944628067822637,24,91.66666666666666,0.809384328098696,0.0
candidate_02,12,"1,6",2024-09-01 14:00:00,2026-03-11 01:00:00,10259,approx_full_backtest,9.615254807883387,-0.30737546241687985,27.597901164357165,1.7510441885192796,-10.08875581046026,1.978631309800479,65,2.6676485739444145,0.43389177549670865,-9.488804552237596,1.2540950428033983,24,83.33333333333334,0.2943496162705537,75.22096938835011
candidate_02,13,"1,7",2024-09-01 14:00:00,2026-06-11 14:00:00,10596,approx_full_backtest,9.293256073082178,3.665983430210866,27.448194706412576,1.6864749251687794,-10.08875581046026,1.9841979803918555,60,8.188353168748597,1.3030104043086022,-9.488804552237596,1.7042254010886817,27,85.18518518518519,0.45712940620710707,22.737635474882666
candidate_02,14,"2,3",2024-12-03 04:00:00,2025-06-06 07:00:00,11795,approx_full_backtest,13.102912082599882,4.545997111522672,35.179317413648505,1.884716747857107,-8.328153879448463,2.119451073480183,58,11.818247987419994,1.8539916965029324,-10.08875581046026,1.530657187913483,34,85.29411764705883,0.30582197797474997,1.630221166608111
candidate_02,15,"2,4",2024-12-03 04:00:00,2025-09-06 21:00:00,10259,approx_full_backtest,9.203706705275398,8.72147358110808,28.580200878438244,1.8066389458400556,-8.328153879448463,1.6139531777694418,49,12.655612972676211,1.9790369478270842,-3.7448049197012168,1.965797671018779,30,86.66666666666667,0.3601207642244948,0.0
candidate_02,16,"2,5",2024-12-03 04:00:00,2025-12-08 11:00:00,10259,approx_full_backtest,8.725807875899491,26.805073778258787,27.15905710936173,1.7260785666794343,-8.328153879448463,1.3193145436540568,59,30.152586652771696,4.429236088688704,-2.688440192097319,8.819159550225885,24,95.83333333333334,1.0850705380726378,0.0
candidate_02,17,"2,6",2024-12-03 04:00:00,2026-03-11 01:00:00,10259,approx_full_backtest,6.1053455024700725,9.39385260953053,18.809414588220562,1.2351596078544969,-8.328153879448463,1.3822937600937852,61,15.412222032331012,2.3852729751588253,-6.7267450810392315,1.7877853362741383,24,87.5,0.5700358262444956,0.0
candidate_02,18,"2,7",2024-12-03 04:00:00,2026-06-11 14:00:00,10596,approx_full_backtest,5.452994515379729,14.799485183857449,18.6700193750849,1.1873260529600582,-8.328153879448463,1.3467958479943813,56,21.618235253833305,3.2717256348458568,-4.891410087138781,2.9175634330241955,27,88.88888888888889,0.702183815072833,0.0
candidate_02,19,"3,4",2025-03-05 18:00:00,2025-09-06 21:00:00,11795,approx_full_backtest,12.936568066936822,-1.833034099751491,35.68848508393903,1.908446296471955,-9.532900339689366,1.925930928195578,56,2.302253682478028,0.37502130911786224,-10.08875581046026,1.1139931669208383,38,81.57894736842105,0.07956169125031567,80.34939155421117
candidate_02,20,"3,5",2025-03-05 18:00:00,2025-12-08 11:00:00,10259,approx_full_backtest,9.825031541427611,9.679923304654992,27.85207188456007,1.765467389621711,-9.532900339689366,1.5522887019425,51,18.19120757358077,2.786681571230254,-10.08875581046026,2.368871066025686,32,87.5,0.5706691954537642,0.0
candidate_02,21,"3,6",2025-03-05 18:00:00,2026-03-11 01:00:00,10259,approx_full_backtest,7.070841210471768,-0.1647754912009699,19.45692394865477,1.274358344633808,-9.532900339689366,1.7051883972871342,53,4.805522821785102,0.7748677003013293,-10.08875581046026,1.2094950532698276,32,81.25,0.18439316158265762,39.19546228388447
candidate_02,22,"3,7",2025-03-05 18:00:00,2026-06-11 14:00:00,10596,approx_full_backtest,6.617295825381139,3.6414465023214104,19.316769033894253,1.2252559951347886,-9.532900339689366,1.6878671769075164,48,10.4411864357848,1.6470145864746266,-10.08875581046026,1.6166746244417702,35,82.85714285714286,0.31939098136410404,0.0
candidate_02,23,"4,5",2025-06-06 08:00:00,2025-12-08 11:00:00,11795,approx_full_backtest,7.736461332967174,14.913255723519688,25.970612216338253,1.4404180336150318,-10.08875581046026,1.3990621859482513,62,19.076297266619058,2.9128718777245766,-3.7448049197012168,3.863340759897053,28,89.28571428571429,0.6666817832183501,0.0
candidate_02,24,"4,6",2025-06-06 08:00:00,2026-03-11 01:00:00,10259,approx_full_backtest,5.238486932136427,2.1806672293665366,15.690647826447135,1.0435321418197363,-10.08875581046026,1.4727649083113554,53,5.590372134415245,0.8985881205700874,-6.7267450810392315,1.3195702231645416,28,82.14285714285714,0.22522345879422828,13.889751493125265
candidate_02,25,"4,7",2025-06-06 08:00:00,2026-06-11 14:00:00,10596,approx_full_backtest,4.7202117036327556,7.181004547642929,15.55491176068613,1.0018944850903821,-10.08875581046026,1.444080847714975,48,11.268239122765555,1.7718338508492915,-4.891410087138781,1.9720719456685523,31,83.87096774193549,0.37368903301087064,0.0
candidate_02,26,"5,6",2025-09-06 22:00:00,2026-03-11 01:00:00,11795,approx_full_backtest,7.003394247519802,15.515584556681711,22.13289981118387,1.246197557444062,-10.08875581046026,1.531147767822684,71,21.99001626537791,3.3228278597005056,-6.7267450810392315,2.7130723408498345,22,90.9090909090909,0.9792875833294026,0.0
candidate_02,27,"5,7",2025-09-06 22:00:00,2026-06-11 14:00:00,10596,approx_full_backtest,3.4248203430538497,21.749739410705295,14.277731123908799,0.9245198793905951,-10.08875581046026,1.1354233748956366,58,28.549734469418155,4.217611791932696,-4.891410087138781,5.126843760240615,25,92.0,1.0728972004138182,0.0
candidate_02,28,"6,7",2025-12-08 12:00:00,2026-06-11 14:00:00,12132,approx_full_backtest,4.074891897042804,8.410667980562199,15.85313864160154,0.8900590281931686,-10.08875581046026,1.3733369091139316,70,13.990900053047373,2.1773359492603284,-6.7267450810392315,1.8261183974231205,25,84.0,0.5784638770588015,0.0
candidate_03,1,"0,1",2024-06-01 00:00:00,2024-12-03 03:00:00,12995,approx_full_backtest,11.020439927189994,5.229830132741769,32.41313916653596,1.5908870892308746,-8.983789292613519,1.664155055018257,78,9.151832699450612,1.4505288685595863,-7.814212480005878,1.6545516929921538,20,85.0,0.5391343035853284,8.822638741706395
candidate_03,2,"0,2",2024-06-01 00:00:00,2025-03-05 17:00:00,11459,approx_full_backtest,13.99566841583027,7.490059016157853,37.07155984505426,2.030915485979534,-7.733417459728553,1.638146715041719,69,10.939027188584593,1.7218511318761065,-6.782334314189087,2.06096692471522,18,88.88888888888889,0.6081296788640256,15.217982049822343
candidate_03,3,"0,3",2024-06-01 00:00:00,2025-06-06 07:00:00,11459,approx_full_backtest,14.373196288109373,-0.23368204845467533,37.63489898070369,2.0576006289557247,-7.733417459728553,1.9028042925561175,64,3.7775787594311216,0.6116505309490039,-8.983789292613519,1.170808992553949,24,83.33333333333334,0.17446264745297926,70.27360303347938
candidate_03,4,"0,4",2024-06-01 00:00:00,2025-09-06 21:00:00,11459,approx_full_backtest,12.50518683334736,4.085881967486778,34.99756551188449,1.9317782674938666,-8.983789292613519,1.7260371784719444,65,7.191792991735069,1.1486646023626923,-6.782334314189087,1.7284723374410447,20,90.0,0.36289838065926405,40.53848613521897
candidate_03,5,"0,5",2024-06-01 00:00:00,2025-12-08 11:00:00,11459,approx_full_backtest,16.678141251326323,7.727014593573797,47.769264443032576,2.520970287507218,-8.983789292613519,1.8309466339104135,73,11.164902131705468,1.7558818031842893,-6.782334314189087,1.9589453050791568,17,82.35294117647058,0.6598028253128483,30.348968732966004
candidate_03,6,"0,6",2024-06-01 00:00:00,2026-03-11 01:00:00,11459,approx_full_backtest,14.27194223936162,0.5081893268724265,38.81183621535935,2.113023244021983,-8.983789292613519,2.017622941597072,75,2.87040277727586,0.4664829627542222,-6.782334314189087,1.1105035523705182,15,80.0,0.22189960432026457,77.9234343931633
candidate_03,7,"0,7",2024-06-01 00:00:00,2026-06-11 14:00:00,11796,approx_full_backtest,9.390755546231915,9.736865315689853,27.312210098081447,1.5067492241179536,-8.983789292613519,1.642533672530988,67,14.860486398259765,2.3051435691185285,-6.782334314189087,2.3350045107035955,22,86.36363636363636,0.6663886024065904,0.0
candidate_03,8,"1,2",2024-09-01 14:00:00,2025-03-05 17:00:00,11795,approx_full_backtest,13.74954730565392,8.295572956117553,36.947767856226044,1.9667777915034712,-7.733417459728553,1.6367175263864455,69,13.912054165391563,2.1652145301047865,-7.814212480005878,2.092923094744801,26,88.46153846153845,0.6000876133140657,0.0
candidate_03,9,"1,3",2024-09-01 14:00:00,2025-06-06 07:00:00,10259,approx_full_backtest,9.915714032071671,1.7945038723466626,25.192692961369655,1.6132212023530101,-7.733417459728553,1.736481364615846,53,6.558687888097103,1.0501750247960961,-8.983789292613519,1.3361030205699291,32,84.375,0.2763452270463984,34.901982241224374
candidate_03,10,"1,4",2024-09-01 14:00:00,2025-09-06 21:00:00,10259,approx_full_backtest,8.213623816813492,5.358396811874469,22.793774651814157,1.4732868842586289,-8.983789292613519,1.5705980032992508,54,10.06439878550145,1.5895297180225976,-7.814212480005878,1.8547770035070716,28,89.28571428571429,0.4254968335642331,0.0
candidate_03,11,"1,5",2024-09-01 14:00:00,2025-12-08 11:00:00,10259,approx_full_backtest,12.272278797681464,8.447645137005425,34.41091096479567,2.1287354130843816,-8.983789292613519,1.6697966266416306,62,14.143982274078247,2.199393527007776,-7.814212480005878,2.0103648396412677,25,84.0,0.6349036702772667,0.0
candidate_03,12,"1,6",2024-09-01 14:00:00,2026-03-11 01:00:00,10259,approx_full_backtest,10.290050282656948,2.1542957909716947,26.263234974654438,1.6748663058834712,-8.983789292613519,1.8401798770124065,64,5.627200725863868,0.904374731325186,-7.814212480005878,1.2762861601621416,23,82.6086956521739,0.3471494691920529,46.00316884110105
candidate_03,13,"1,7",2024-09-01 14:00:00,2026-06-11 14:00:00,10596,approx_full_backtest,5.683731557085241,10.433096944407886,15.803175990103124,1.0168424315180502,-8.983789292613519,1.4427018516868162,56,17.93860357023307,2.7511499225315372,-7.814212480005878,2.2984044274139164,30,86.66666666666667,0.6438830993186078,0.0
candidate_03,14,"2,3",2024-12-03 04:00:00,2025-06-06 07:00:00,11795,approx_full_backtest,9.32646968197579,3.053652624393433,26.552627423207298,1.4693869800715298,-8.677297903778669,1.6542233056251523,59,8.303423592969207,1.3204265700766493,-8.983789292613519,1.4721834481929488,30,86.66666666666667,0.30022318044435475,10.137588805069518
candidate_03,15,"2,4",2024-12-03 04:00:00,2025-09-06 21:00:00,10259,approx_full_backtest,6.972612389763083,8.706698234518061,22.695180660098945,1.4674815126589857,-8.677297903778669,1.3497907648258995,52,11.86653514999958,1.861223729278727,-4.504297901579868,2.4275539107854844,26,92.3076923076923,0.46452151875555453,0.0
candidate_03,16,"2,5",2024-12-03 04:00:00,2025-12-08 11:00:00,10259,approx_full_backtest,11.537321732747575,11.724867506153991,34.30298930280853,2.1228925427262846,-8.677297903778669,1.4168166113691016,60,16.012915585072186,2.4727185758820935,-4.8651180639046725,2.5180803529938927,23,86.95652173913044,0.6972278219468504,0.0
candidate_03,17,"2,6",2024-12-03 04:00:00,2026-03-11 01:00:00,10259,approx_full_backtest,8.790508479603803,4.0370865775877185,26.161855272154643,1.6690494017565616,-8.677297903778669,1.5110147013379587,62,7.356684751658538,1.1742363440340853,-6.726745141669088,1.3887015200608328,21,85.71428571428571,0.3880040923458623,29.646399753160036
candidate_03,18,"2,7",2024-12-03 04:00:00,2026-06-11 14:00:00,10596,approx_full_backtest,4.023724901948656,13.172654191061692,15.710194913443987,1.011247554752015,-8.677297903778669,1.1981887653056398,54,19.86966800721106,3.0260125656553116,-5.994974150977561,2.9036134012372754,28,89.28571428571429,0.6957193259787189,0.0
candidate_03,19,"3,4",2025-03-05 18:00:00,2025-09-06 21:00:00,11795,approx_full_backtest,10.740140860158803,0.4521995057898843,31.563163928982306,1.7137342861410332,-9.921912843874026,1.6710629078454309,60,4.645213287649197,0.7495020044272271,-8.983789292613519,1.287649708189527,32,87.5,0.16619777521760823,56.26498165506468
candidate_03,20,"3,5",2025-03-05 18:00:00,2025-12-08 11:00:00,10259,approx_full_backtest,12.146337316489786,3.178746753789575,34.854950117980565,2.1527299037273684,-9.921912843874026,1.6505723781970258,55,8.523932373907694,1.3543229462735562,-8.983789292613519,1.4789766688469241,29,82.75862068965517,0.3198968697964346,37.088115702364775
candidate_03,21,"3,6",2025-03-05 18:00:00,2026-03-11 01:00:00,10259,approx_full_backtest,9.11153204193084,-2.680410695788641,26.68035750982729,1.6987541628938896,-9.921912843874026,1.8127444621720368,57,0.42648731927108496,0.07001245567928027,-8.983789292613519,1.0153926271450489,27,81.48148148148148,0.05143908365119077,95.87859990523812
candidate_03,22,"3,7",2025-03-05 18:00:00,2026-06-11 14:00:00,10596,approx_full_backtest,4.654068649280992,5.345595100022772,16.185742731401653,1.0398183978426845,-9.921912843874026,1.4259746413777084,49,12.131719808024721,1.9013264333067381,-8.983789292613519,1.7153484652004816,34,85.29411764705883,0.37414442490362254,0.0
candidate_03,23,"4,5",2025-06-06 08:00:00,2025-12-08 11:00:00,11795,approx_full_backtest,10.770514795544193,8.563020782930018,33.64449056671235,1.8126760764847427,-9.921912843874026,1.491213297166903,64,12.094298525111768,1.8953010271769655,-4.8651180639046725,2.2361145807204923,25,88.0,0.4939149319364153,0.0
candidate_03,24,"4,6",2025-06-06 08:00:00,2026-03-11 01:00:00,10259,approx_full_backtest,7.939919009483587,1.0926461420972382,24.252932858253363,1.558702055043737,-9.921912843874026,1.6182010170929457,58,3.730452842503995,0.6041355371678714,-6.726745141669088,1.2157163195761198,23,86.95652173913044,0.19390084056069254,61.24111498968162
candidate_03,25,"4,7",2025-06-06 08:00:00,2026-06-11 14:00:00,10596,approx_full_backtest,3.507951266270089,10.1928628451301,13.959413870230296,0.905110157658906,-9.921912843874026,1.3047833386052747,50,15.82077979803229,2.4453469402281547,-5.994974150977561,2.6402542328589558,30,90.0,0.526392484034565,0.0
candidate_03,26,"5,6",2025-09-06 22:00:00,2026-03-11 01:00:00,11795,approx_full_backtest,13.187416988333439,4.24751506474522,37.42815348749446,1.9888973355664197,-9.921912843874026,1.9065329999239222,73,7.575265945999687,1.2080838128283533,-6.726745141669088,1.4040439767044919,20,80.0,0.42091998750145354,39.25861374416784
candidate_03,27,"5,7",2025-09-06 22:00:00,2026-06-11 14:00:00,10596,approx_full_backtest,7.355120616752711,13.223322877914242,24.74075884339244,1.5360288806927525,-9.921912843874026,1.3798797385832073,58,20.113725983283093,3.0604873017586076,-5.994974150977561,2.6737092945464616,27,85.18518518518519,0.7314983310433365,0.0
candidate_03,28,"6,7",2025-12-08 12:00:00,2026-06-11 14:00:00,12132,approx_full_backtest,7.388603985048058,6.392386679394226,23.6962010579838,1.2888127701274454,-9.921912843874026,1.5518861902782326,68,11.151515757558194,1.7542649724762605,-6.726745141669088,1.6281264712649965,25,84.0,0.47449203890622543,0.0
candidate_04,1,"0,1",2024-06-01 00:00:00,2024-12-03 03:00:00,12995,approx_full_backtest,12.567188357815395,7.742709784018229,36.43256167189277,1.7618178140873963,-8.983789669935538,1.7571676839359236,80,8.783673853911079,1.3941763940443108,-8.283470616347255,2.992115731158368,14,92.85714285714286,0.8570317813402207,20.867164419808073
candidate_04,2,"0,2",2024-06-01 00:00:00,2025-03-05 17:00:00,11459,approx_full_backtest,11.722256415114517,10.385412897409378,33.2189254448378,1.84561656967428,-7.73341759466909,1.5511301918558742,71,10.728658250960788,1.690104511753221,-2.9563285817465923,2.905300981901221,13,92.3076923076923,0.6526906051261695,8.426021985081341
candidate_04,3,"0,3",2024-06-01 00:00:00,2025-06-06 07:00:00,11459,approx_full_backtest,16.18781472171615,-0.3368174581565659,41.494312633091155,2.237716226622255,-7.73341759466909,2.1198146238863336,63,3.4610948754045356,0.5611271968076537,-8.983789669935538,1.2206289633614789,21,85.71428571428571,0.17298154585476913,74.92411280161949
candidate_04,4,"0,4",2024-06-01 00:00:00,2025-09-06 21:00:00,11459,approx_full_backtest,13.371296368685174,3.6168113408058313,36.75800035169499,2.016017787048985,-8.983789669935538,1.825749808757,63,4.6324824780032525,0.7474862236224844,-3.9268804721208417,1.6494691958618157,17,88.23529411764706,0.2650153268843097,62.92263746756704
candidate_04,5,"0,5",2024-06-01 00:00:00,2025-12-08 11:00:00,11459,approx_full_backtest,16.58369334752699,7.516376316635414,47.19140370015749,2.495361005568042,-8.983789669935538,1.8562454300996747,72,8.868492791843142,1.4071733714502876,-5.564092854363267,2.148569546410795,13,84.61538461538461,0.6789526986035166,43.60842506112819
candidate_04,6,"0,6",2024-06-01 00:00:00,2026-03-11 01:00:00,11459,approx_full_backtest,13.884538793517397,1.9545996484169537,37.62389278377025,2.057080250114307,-8.983789669935538,2.018725894145464,74,3.9994446442321863,0.6469923886862183,-6.7267451421415885,1.2881250796686559,12,83.33333333333334,0.34788413542924634,68.54802389696432
candidate_04,7,"0,7",2024-06-01 00:00:00,2026-06-11 14:00:00,11796,approx_full_backtest,9.14103543973049,11.025524472201518,26.501477843866272,1.4665955613932802,-8.983789669935538,1.6485120518885024,66,14.073673248545893,2.1895365680388856,-5.994974046545087,3.243154915194379,18,88.88888888888889,0.7612689005353811,0.0
candidate_04,8,"1,2",2024-09-01 14:00:00,2025-03-05 17:00:00,11795,approx_full_backtest,10.753384666060574,9.686991169346369,31.873248408117362,1.7285677168902058,-7.73341759466909,1.5317531826473227,70,14.881078832251692,2.307634761961963,-8.283470616347255,2.572088369000945,23,91.30434782608695,0.7074825455185314,0.0
candidate_04,9,"1,3",2024-09-01 14:00:00,2025-06-06 07:00:00,10259,approx_full_backtest,11.850325591979942,2.8809606800957974,29.2823479660113,1.8461367941373652,-7.73341759466909,1.9957284475084693,52,7.340975536017491,1.171801542529649,-8.983789669935538,1.532735977401367,31,87.09677419354838,0.3683784884914895,36.52683017581096
candidate_04,10,"1,4",2024-09-01 14:00:00,2025-09-06 21:00:00,10259,approx_full_backtest,8.941475917650214,4.628047744534881,24.95481309168057,1.5994568857926605,-8.983789669935538,1.6941329046235094,52,8.556291188197317,1.359292265855272,-8.283470616347255,1.9488735043685879,27,88.88888888888889,0.4552733791599736,15.015385664388667
candidate_04,11,"1,5",2024-09-01 14:00:00,2025-12-08 11:00:00,10259,approx_full_backtest,11.944946899629477,8.333884721313785,34.48773958932285,2.132892254375629,-8.983789669935538,1.7230997506542653,61,12.951155557415372,2.022985474758676,-8.283470616347255,2.2149774752897224,23,86.95652173913044,0.7223263374839888,5.152945695755566
candidate_04,12,"1,6",2024-09-01 14:00:00,2026-03-11 01:00:00,10259,approx_full_backtest,9.221114271526334,4.394822100369612,25.7459728536632,1.6451416250606865,-8.983789669935538,1.8789787401947602,63,7.899513887415566,1.2581881652168558,-8.283470616347255,1.590411906304125,22,86.36363636363636,0.5437150138834991,23.520981655883674
candidate_04,13,"1,7",2024-09-01 14:00:00,2026-06-11 14:00:00,10596,approx_full_backtest,4.630102200952679,11.534409518381038,15.583501361174811,1.003617382558497,-8.983789669935538,1.4714441309544615,55,18.351534789206326,2.8102398618680358,-8.283470616347255,2.8363745485311167,28,89.28571428571429,0.7674986032115315,0.0
candidate_04,14,"2,3",2024-12-03 04:00:00,2025-06-06 07:00:00,11795,approx_full_backtest,9.234700110600695,3.427646012134415,25.713463248470948,1.4275788130125644,-8.283470616347255,1.7692857133293298,56,9.260165384873108,1.4670806390267632,-8.983789669935538,1.4160832996776762,30,86.66666666666667,0.2635422023704429,0.0
candidate_04,15,"2,4",2024-12-03 04:00:00,2025-09-06 21:00:00,10259,approx_full_backtest,6.208793885634827,7.259625405023469,20.293821287540716,1.324730864042678,-8.283470616347255,1.3542922523187226,48,10.497210124674638,1.6551185710660832,-3.9268804721208417,1.8020035800578638,26,88.46153846153845,0.3376505448152462,0.0
candidate_04,16,"2,5",2024-12-03 04:00:00,2025-12-08 11:00:00,10259,approx_full_backtest,9.589978413717272,10.143743425348493,29.471156102272978,1.856723817664352,-8.283470616347255,1.3682238962645281,57,14.97065193407694,2.3207488289108458,-5.564092854363267,2.109159577602478,22,86.36363636363636,0.5954563040913116,0.0
candidate_04,17,"2,6",2024-12-03 04:00:00,2026-03-11 01:00:00,10259,approx_full_backtest,6.79275027726967,5.503042040993115,21.055469667967674,1.3702920712854505,-8.283470616347255,1.4340026305205131,59,9.828690054439516,1.5537193889224143,-6.7267451421415885,1.4736339433452892,21,85.71428571428571,0.40229824920543306,0.0
candidate_04,18,"2,7",2024-12-03 04:00:00,2026-06-11 14:00:00,10596,approx_full_backtest,2.096394630402267,13.348998410061153,11.272072779844788,0.7392047908159505,-8.283470616347255,1.1133362724866664,51,20.467586586105767,3.110368554108711,-5.994974046545087,2.7874387915717644,27,88.88888888888889,0.6657960673259257,0.0
candidate_04,19,"3,4",2025-03-05 18:00:00,2025-09-06 21:00:00,11795,approx_full_backtest,12.360304145209927,-0.6335159250238466,32.575933159661474,1.7620611492651372,-8.283470616347255,1.8615584566944963,54,3.244837612554363,0.526529674773113,-8.983789669935538,1.176472214058647,34,85.29411764705883,0.11548672827959858,70.11853561423219
candidate_04,20,"3,5",2025-03-05 18:00:00,2025-12-08 11:00:00,10259,approx_full_backtest,14.58986280949056,2.3258177554463626,37.51373671069225,2.294885606386088,-8.283470616347255,1.9602373345150013,49,7.424669597993949,1.1847700153308827,-8.983789669935538,1.387124358765753,30,83.33333333333334,0.2749224428772934,48.37346088040439
candidate_04,21,"3,6",2025-03-05 18:00:00,2026-03-11 01:00:00,10259,approx_full_backtest,11.377954264817992,-1.1156164418482248,28.575278729729735,1.8063613540233447,-8.283470616347255,2.2359724621187116,51,2.6201951802768297,0.42625624008485463,-8.983789669935538,1.1138133639700483,29,82.75862068965517,0.12399647688358767,76.4024933806602
candidate_04,22,"3,7",2025-03-05 18:00:00,2026-06-11 14:00:00,10596,approx_full_backtest,6.774071620960972,5.574961121733031,18.184149892146763,1.1587044379721911,-8.283470616347255,1.674169090530666,43,12.560818509583571,1.9653669444541277,-8.983789669935538,1.7312564634856678,35,85.71428571428571,0.37497509754599845,0.0
candidate_04,23,"4,5",2025-06-06 08:00:00,2025-12-08 11:00:00,11795,approx_full_backtest,12.489150572874752,5.261827228451775,36.06344060027429,1.925867598465314,-8.983789669935538,1.6738576580400018,58,8.640932835222337,1.3722847717201558,-5.564092854363267,1.6635112859992283,26,84.61538461538461,0.3507815915539198,28.74459423826941
candidate_04,24,"4,6",2025-06-06 08:00:00,2026-03-11 01:00:00,10259,approx_full_backtest,8.79114437032061,0.9696592887822293,24.271411949510213,1.5597777851396044,-8.983789669935538,1.7970243691998458,51,3.782062107697226,0.6123653251882022,-6.7267451421415885,1.219906800435112,25,84.0,0.17874183694828627,60.74022011196975
candidate_04,25,"4,7",2025-06-06 08:00:00,2026-06-11 14:00:00,10596,approx_full_backtest,4.327837091451046,8.4603676145396,14.228110739873202,0.9214975398220249,-8.983789669935538,1.3996586385140029,43,13.835233278722402,2.15437088513295,-5.994974046545087,2.2006600683802984,31,87.09677419354838,0.4515089196191309,0.0
candidate_04,26,"5,6",2025-09-06 22:00:00,2026-03-11 01:00:00,11795,approx_full_backtest,12.38111503109651,4.419825418229808,33.55588159296667,1.808493349551199,-8.983789669935538,1.952370605175801,67,7.983643443323074,1.2711677112870357,-6.7267451421415885,1.4339775602127254,21,80.95238095238095,0.4185557356437909,29.711231086224764
candidate_04,27,"5,7",2025-09-06 22:00:00,2026-06-11 14:00:00,10596,approx_full_backtest,7.818168924605608,11.946878545629744,22.942686486937845,1.4344248699993178,-8.983789669935538,1.4203131015812647,52,18.443813815348875,2.823421321737052,-5.994974046545087,2.4169164105228877,27,85.18518518518519,0.6784407790002042,0.0
candidate_04,28,"6,7",2025-12-08 12:00:00,2026-06-11 14:00:00,12132,approx_full_backtest,7.2396451766717,7.727530973419096,21.797529040292197,1.1945085676239087,-8.983789669935538,1.6080513769314695,63,13.146517807437142,2.0524507744422715,-6.7267451421415885,1.7902746606307087,26,84.61538461538461,0.5256202144734904,0.0
candidate_05,1,"0,1",2024-06-01 00:00:00,2024-12-03 03:00:00,12995,approx_full_backtest,10.763235657746884,4.475945584091781,31.690790715051342,1.5596501627738402,-8.983789559992427,1.646986978464455,76,7.221960287136264,1.1533454618410488,-8.283470612828802,1.852752477865258,15,86.66666666666667,0.5780381259476819,26.05101519754775
candidate_05,2,"0,2",2024-06-01 00:00:00,2025-03-05 17:00:00,11459,approx_full_backtest,13.736371651365904,4.97868770228587,38.08688846365169,2.0789373502366537,-7.733417366556261,1.6971284517604222,66,6.0804482852437,0.9754525614278364,-4.504297976629279,1.7905748336143132,14,85.71428571428571,0.43022008155532127,53.079270940185054
candidate_05,3,"0,3",2024-06-01 00:00:00,2025-06-06 07:00:00,11459,approx_full_backtest,15.946899391136506,-1.6083832762104042,41.26901250630932,2.227328827305075,-7.733417366556261,2.024692371547115,63,1.92331226799487,0.31378242635693443,-8.983789559992427,1.1114003955390157,19,84.21052631578947,0.10766952939783123,85.91216427003322
candidate_05,4,"0,4",2024-06-01 00:00:00,2025-09-06 21:00:00,11459,approx_full_backtest,11.396236214566201,6.5571886740544985,32.06985110177356,1.7893780764301148,-8.983789559992427,1.6750019528612006,63,6.994845201149791,1.1180784388919562,-3.846483410640067,2.6766620343574976,16,93.75,0.42676421392741326,37.51580766415948
candidate_05,5,"0,5",2024-06-01 00:00:00,2025-12-08 11:00:00,11459,approx_full_backtest,14.587906287494881,12.526723964102905,42.17650578636645,2.2690743864251184,-8.983789559992427,1.6946222199114833,70,12.24829598600563,1.9183089141800336,-4.957282686266707,3.737231305719165,12,91.66666666666666,1.000112875934468,15.458526804743006
candidate_05,6,"0,6",2024-06-01 00:00:00,2026-03-11 01:00:00,11459,approx_full_backtest,14.452238908829688,-0.5681820113246985,39.04155815627368,2.123789636330442,-8.983789559992427,2.056250397559242,72,1.5308808415530617,0.2501626427316106,-6.726744985265398,1.068469452859244,11,81.81818181818183,0.1551857146858081,88.22093118582825
candidate_05,7,"0,7",2024-06-01 00:00:00,2026-06-11 14:00:00,11796,approx_full_backtest,9.097979254998952,10.082787161252556,26.39170592034814,1.4611402711421029,-8.983789559992427,1.6202691992700056,64,13.031415593875817,2.0353667568805633,-5.994974017008037,3.1049765117724086,18,88.88888888888889,0.707065359481923,0.0
candidate_05,8,"1,2",2024-09-01 14:00:00,2025-03-05 17:00:00,11795,approx_full_backtest,12.749566431267324,5.04758600028569,36.69203894966966,1.9549729504120483,-7.733417366556261,1.675609459105023,65,9.839351695235464,1.55534055732498,-8.283470612828802,1.665352010202294,25,84.0,0.47239252369666296,20.44183746904723
candidate_05,9,"1,3",2024-09-01 14:00:00,2025-06-06 07:00:00,10259,approx_full_backtest,9.472678382751367,1.2102778914503012,25.533472767525044,1.6328972980848233,-7.733417366556261,1.7977044094371162,51,5.5349098077378756,0.889870542591864,-8.983789559992427,1.2973297403675188,30,83.33333333333334,0.2610817669733622,45.50358166214331
candidate_05,10,"1,4",2024-09-01 14:00:00,2025-09-06 21:00:00,10259,approx_full_backtest,5.274409518058588,5.8140929953772424,17.358978891107647,1.1466285254633668,-8.983789559992427,1.4670171545362451,51,10.786149772155174,1.6987855153888898,-8.283470612828802,1.9091586331573924,27,88.88888888888889,0.46722071753632166,0.0
candidate_05,11,"1,5",2024-09-01 14:00:00,2025-12-08 11:00:00,10259,approx_full_backtest,8.361101717449904,10.290145613775518,26.33988304064616,1.6792612940230267,-8.983789559992427,1.4785124265016247,58,16.225753749127225,2.5036116031233346,-8.283470612828802,2.3071008058093616,23,86.95652173913044,0.7733950635589429,0.0
candidate_05,12,"1,6",2024-09-01 14:00:00,2026-03-11 01:00:00,10259,approx_full_backtest,8.268156274727948,1.6628179685043807,23.554128005144005,1.5179128252665208,-8.983789559992427,1.8066795749671558,60,5.128572785581853,0.8258853993876825,-8.283470612828802,1.2575645724420343,22,81.81818181818183,0.34062612782663454,45.59072262646767
candidate_05,13,"1,7",2024-09-01 14:00:00,2026-06-11 14:00:00,10596,approx_full_backtest,3.1749489819034133,9.747029939666694,12.313305598313274,0.8039243905546556,-8.983789559992427,1.3579382753559113,52,17.036622777480083,2.621474017608927,-8.283470612828802,2.2426526889247667,29,86.20689655172413,0.6384106352178168,0.0
candidate_05,14,"2,3",2024-12-03 04:00:00,2025-06-06 07:00:00,11795,approx_full_backtest,9.572507666186398,0.2117750926036387,26.40849694163583,1.4622247589008763,-8.283470612828802,1.7944982260467612,54,4.411358570271506,0.7124410012238513,-8.983789559992427,1.2221112609369909,29,82.75862068965517,0.17879180212965978,51.27691574861731
candidate_05,15,"2,4",2024-12-03 04:00:00,2025-09-06 21:00:00,10259,approx_full_backtest,6.385349827604483,6.71443203475955,20.572630754809108,1.341440033532293,-8.283470612828802,1.3832604470308167,46,9.606692511070602,1.5199333791472869,-4.504297976629279,1.8793455797473744,26,88.46153846153845,0.3833641779246137,0.0
candidate_05,16,"2,5",2024-12-03 04:00:00,2025-12-08 11:00:00,10259,approx_full_backtest,9.985767137784064,10.990586835185018,29.79945984022041,1.87509866913671,-8.283470612828802,1.3911173929931957,53,14.988385093691846,2.323344062908461,-4.957282686266707,2.3445751609749004,22,86.36363636363636,0.6882088961097708,0.0
candidate_05,17,"2,6",2024-12-03 04:00:00,2026-03-11 01:00:00,10259,approx_full_backtest,9.855375060679252,1.2801943338069481,26.937422214785656,1.7134394382818385,-8.283470612828802,1.7052174235436401,55,4.0093475144227675,0.6485683852193613,-6.726744985265398,1.1845950524267053,21,80.95238095238095,0.23077543165453474,62.14815821738543
candidate_05,18,"2,7",2024-12-03 04:00:00,2026-06-11 14:00:00,10596,approx_full_backtest,4.003662741879404,9.99543159946882,15.388791319686067,0.991875695597888,-8.283470612828802,1.2484629036092547,47,15.79062140608476,2.4409585965949,-5.994974017008037,2.2649434784400393,28,85.71428571428571,0.5666577740669985,0.0
candidate_05,19,"3,4",2025-03-05 18:00:00,2025-09-06 21:00:00,11795,approx_full_backtest,11.700916370408711,0.9801122649013115,31.1222806642637,1.6925873049598028,-8.283470612828802,1.7903669664105908,54,5.3113681932087875,0.8546953799364987,-8.983789559992427,1.328667215719632,31,87.09677419354838,0.1932293078330404,49.503616301978774
candidate_05,20,"3,5",2025-03-05 18:00:00,2025-12-08 11:00:00,10259,approx_full_backtest,12.314437148679982,4.81411297664886,32.79060538978693,2.040550168971511,-8.283470612828802,1.7030233694254384,50,10.482160195839851,1.6528414885741416,-8.983789559992427,1.6566546683848073,27,85.18518518518519,0.4134531715258984,19.000203292859226
candidate_05,21,"3,6",2025-03-05 18:00:00,2026-03-11 01:00:00,10259,approx_full_backtest,12.399543099281061,-50000.066625124,29.8626139374522,1.87862839346582,-8.283470612828802,2.221273380459515,52,-0.06662512400454901,-0.010959749082639636,-8.983789559992427,0.9960929220245694,26,80.76923076923077,0.03342015313575096,100.58339100594664
candidate_05,22,"3,7",2025-03-05 18:00:00,2026-06-11 14:00:00,10596,approx_full_backtest,6.6264901278505235,4.818478165026638,18.047852228341643,1.1506557339464152,-8.283470612828802,1.6038373347420047,44,11.252958052584216,1.7695346626569242,-8.983789559992427,1.6826512451464322,33,84.84848484848484,0.36027447244425004,0.0
candidate_05,23,"4,5",2025-06-06 08:00:00,2025-12-08 11:00:00,11795,approx_full_backtest,8.576267248131147,11.928559646003556,26.81419026057501,1.4823652016228372,-8.983789559992427,1.4105712618570472,59,15.979567035268548,2.467873811098098,-4.957282686266707,2.94981125094842,24,91.66666666666666,0.6644059164782946,0.0
candidate_05,24,"4,6",2025-06-06 08:00:00,2026-03-11 01:00:00,10259,approx_full_backtest,8.473415623330236,2.038859448202083,21.406214867116912,1.3911839054872033,-8.983789559992427,1.6729632131507643,52,4.905891864771461,0.790732545094941,-6.726744985265398,1.2755189086246965,23,86.95652173913044,0.24571436286127585,43.16117790206749
candidate_05,25,"4,7",2025-06-06 08:00:00,2026-06-11 14:00:00,10596,approx_full_backtest,2.4854009897286815,10.897799962137004,10.360807300078957,0.6820991749994842,-8.983789559992427,1.2668298382960823,44,16.78871849952719,2.585687077870946,-5.994974017008037,2.7172249103094646,30,90.0,0.5557187984980024,0.0
candidate_05,26,"5,6",2025-09-06 22:00:00,2026-03-11 01:00:00,11795,approx_full_backtest,11.116819890998128,6.470114369580561,30.504999378306373,1.6628670429027048,-8.983789559992427,1.8275870614289134,66,10.05677496495152,1.5883724632420604,-6.726744985265398,1.5769539480277728,19,84.21052631578947,0.5697135491675973,4.479887912782642
candidate_05,27,"5,7",2025-09-06 22:00:00,2026-06-11 14:00:00,10596,approx_full_backtest,5.348581358860754,15.340720957849781,18.806175874283525,1.1953271931255394,-8.983789559992427,1.2692713858779976,51,22.52304881899434,3.397715475099017,-5.994974017008037,3.1368481507794623,26,88.46153846153845,0.8401804247428875,0.0
candidate_05,28,"6,7",2025-12-08 12:00:00,2026-06-11 14:00:00,12132,approx_full_backtest,7.6266010206477945,6.151602681520874,22.64826240326552,1.2369328233807542,-8.983789559992427,1.6400512125505575,61,10.82460504822298,1.7049771007679793,-6.726744985265398,1.6097127241606421,25,84.0,0.46201517574581374,0.0
candidate_06,1,"0,1",2024-06-01 00:00:00,2024-12-03 03:00:00,12995,approx_full_backtest,10.813677471108049,4.097602015749179,32.15156296432833,1.57959421639855,-9.01022781731463,1.608058066413497,82,6.9670862655609955,1.1137636703301146,-8.28347071494413,1.8235532499704323,15,86.66666666666667,0.5629915773450747,29.490519858354613
candidate_06,2,"0,2",2024-06-01 00:00:00,2025-03-05 17:00:00,11459,approx_full_backtest,11.637903144458365,3.5099230871367784,34.66931369586479,1.9159572307052342,-9.01022781731463,1.5508597448381165,72,5.549869416042497,0.8922222733134921,-5.95464959678832,1.6831098822480062,15,86.66666666666667,0.3697588068586889,53.432036007135764
candidate_06,3,"0,3",2024-06-01 00:00:00,2025-06-06 07:00:00,11459,approx_full_backtest,16.73222257597541,-50000.09661506027,44.64754913273919,2.3814928780290234,-9.01022781731463,2.096150861317323,65,-0.09661506026635847,-0.015895048546488155,-8.983789312088664,0.9887469362566026,22,81.81818181818183,0.001438220281604982,100.66744052409862
candidate_06,4,"0,4",2024-06-01 00:00:00,2025-09-06 21:00:00,11459,approx_full_backtest,15.760203389022662,-50001.55636163308,42.838185477847304,2.299355319577101,-9.01022781731463,1.9229898302613793,64,-1.556361633073422,-0.25762847753197926,-5.95464959678832,0.8535441213280794,19,78.94736842105263,-0.09500049078907417,111.20437869425777
candidate_06,5,"0,5",2024-06-01 00:00:00,2025-12-08 11:00:00,11459,approx_full_backtest,16.827960411858502,7.446230107842691,48.08655802363877,2.5349920639841317,-9.01022781731463,1.79255793077256,73,9.334436522092048,1.4784203438823917,-5.95464959678832,2.2508634361544124,14,85.71428571428571,0.6661135331241957,41.67948827583998
candidate_06,6,"0,6",2024-06-01 00:00:00,2026-03-11 01:00:00,11459,approx_full_backtest,15.468361831567238,-50001.731775506734,41.70667498456386,2.2474929662756216,-8.983789312088664,2.140956354077953,75,-1.7317755067339902,-0.28687816083128315,-7.4358927831343795,0.9005639395497994,13,76.92307692307693,-0.11799105653401305,112.76436300962828
candidate_06,7,"0,7",2024-06-01 00:00:00,2026-06-11 14:00:00,11796,approx_full_backtest,10.669848060936898,6.427106779959236,30.34901205566951,1.6550528513383123,-8.983789312088664,1.715922206246194,68,9.622581499313632,1.522698829542124,-5.99497387504212,2.1225770493972855,19,84.21052631578947,0.5048116949391988,7.996966482923122
candidate_06,8,"1,2",2024-09-01 14:00:00,2025-03-05 17:00:00,11795,approx_full_backtest,10.66631231896075,10.6805888670751,33.308985945520966,1.7968250601031022,-9.01022781731463,1.5328065276927922,71,16.601306852522878,2.5580072710668533,-8.28347071494413,2.7287702314497406,24,91.66666666666666,0.7501153131734813,0.0
candidate_06,9,"1,3",2024-09-01 14:00:00,2025-06-06 07:00:00,10259,approx_full_backtest,8.303717690695866,4.542084880536158,24.588785000850443,1.5782299887464823,-9.01022781731463,1.7166293010742282,54,10.36361586623704,1.6348964425036971,-8.983789312088664,1.5836101588270353,31,87.09677419354838,0.4028395567573717,0.0
candidate_06,10,"1,4",2024-09-01 14:00:00,2025-09-06 21:00:00,10259,approx_full_backtest,7.644282511954579,4.035069160823909,23.030331914439593,1.4871981180718974,-9.01022781731463,1.591561040115182,53,8.75102876400302,1.3891718642463635,-8.28347071494413,1.6726748028351517,28,85.71428571428571,0.3804062888675288,6.591337941754635
candidate_06,11,"1,5",2024-09-01 14:00:00,2025-12-08 11:00:00,10259,approx_full_backtest,8.819039598411205,14.040602585866367,27.55089491486713,1.7483738429784124,-9.01022781731463,1.473054174113518,62,20.78213126166588,3.1538837878991366,-8.28347071494413,3.1785635812730524,23,91.30434782608695,0.9470423859574764,0.0
candidate_06,12,"1,6",2024-09-01 14:00:00,2026-03-11 01:00:00,10259,approx_full_backtest,7.486450177136603,4.331357439530945,22.05573180251841,1.4297242280555844,-8.983789312088664,1.7128304174916074,64,8.557248449332366,1.3594392529023613,-8.28347071494413,1.417722487838421,22,86.36363636363636,0.4964773490155021,4.915981262261337
candidate_06,13,"1,7",2024-09-01 14:00:00,2026-06-11 14:00:00,10596,approx_full_backtest,3.1094586040833447,12.933807784153336,12.273074348283863,0.8014341434756656,-8.983789312088664,1.3361296082185081,57,21.10044601745773,3.1992738710439728,-8.28347071494413,2.8815110983565164,28,89.28571428571429,0.787421700611714,0.0
candidate_06,14,"2,3",2024-12-03 04:00:00,2025-06-06 07:00:00,11795,approx_full_backtest,6.501830288901882,3.4236506116394754,21.315791112070492,1.2041066420881874,-9.584705054662468,1.5835840965857293,58,8.901398080935197,1.4122132377035523,-8.983789312088664,1.5066987958151208,31,87.09677419354838,0.309339829102669,0.0
candidate_06,15,"2,4",2024-12-03 04:00:00,2025-09-06 21:00:00,10259,approx_full_backtest,4.9118002416285655,4.735286025542404,18.786086578687367,1.233743683633426,-9.584705054662468,1.3154532941788963,49,7.310176294822157,1.1670270447695863,-4.504298099024384,1.573486211929524,28,85.71428571428571,0.2768887332498222,5.407657988355925
candidate_06,16,"2,5",2024-12-03 04:00:00,2025-12-08 11:00:00,10259,approx_full_backtest,6.457388298440902,14.427101554125812,23.150701219625127,1.49426714749743,-9.584705054662468,1.21723058457199,58,19.181877599340048,2.9278724646872867,-4.957283056387752,3.201394034201743,23,91.30434782608695,0.8210210139011379,0.0
candidate_06,17,"2,6",2024-12-03 04:00:00,2026-03-11 01:00:00,10259,approx_full_backtest,4.920231269829478,3.4164637627861425,17.845107785305103,1.176413329083248,-9.584705054662468,1.3511288334034488,60,7.11896339351803,1.1373595779124779,-7.4358927831343795,1.3443634522677794,22,86.36363636363636,0.3647277327747846,3.319730421722077
candidate_06,18,"2,7",2024-12-03 04:00:00,2026-06-11 14:00:00,10596,approx_full_backtest,0.03361241376598123,12.912269881379048,8.399928070302142,0.5577144053788397,-9.584705054662468,1.0526475783936824,53,19.495974973401587,2.97311223909551,-5.99497387504212,2.8736619430596817,28,89.28571428571429,0.6839041449940074,0.0
candidate_06,19,"3,4",2025-03-05 18:00:00,2025-09-06 21:00:00,11795,approx_full_backtest,11.8649787951333,-1.8632779259829384,33.27174836680666,1.7950634529310783,-9.584705054662468,1.8025735318745264,56,1.5695226308150012,0.2564362421252131,-8.983789312088664,1.0773169970666403,35,82.85714285714286,0.06394695069457132,85.71436337214209
candidate_06,20,"3,5",2025-03-05 18:00:00,2025-12-08 11:00:00,10259,approx_full_backtest,11.471793412753327,6.2049559142038895,32.275472537319395,2.0123045872928236,-9.584705054662468,1.6602153523051633,51,12.806136677582614,2.0014325292662116,-8.983789312088664,1.770923160142998,30,86.66666666666667,0.4456247354347049,0.5402789466001395
candidate_06,21,"3,6",2025-03-05 18:00:00,2026-03-11 01:00:00,10259,approx_full_backtest,9.851330531482786,-1.953916371670915,26.57676459927849,1.6928284094789747,-9.584705054662468,2.0562027861881202,53,1.3885388343393146,0.22703580814675828,-8.983789312088664,1.0496859598846966,29,82.75862068965517,0.08652651256414602,86.58837441081012
candidate_06,22,"3,7",2025-03-05 18:00:00,2026-06-11 14:00:00,10596,approx_full_backtest,5.119924999926502,5.928957486297551,16.431750420481283,1.0545558004156907,-9.584705054662468,1.5320185881692943,46,13.103431132261134,2.0460573464941234,-8.983789312088664,1.7611844572212474,35,85.71428571428571,0.3895592800899195,0.0
candidate_06,23,"4,5",2025-06-06 08:00:00,2025-12-08 11:00:00,11795,approx_full_backtest,9.884763207612734,7.4304973413771895,30.67949994346271,1.671282074434055,-9.584705054662468,1.4824361249111841,60,11.157860480474358,1.7548217698989843,-4.957283056387752,1.9342991249863697,27,85.18518518518519,0.42711451451308996,0.0
candidate_06,24,"4,6",2025-06-06 08:00:00,2026-03-11 01:00:00,10259,approx_full_backtest,9.794759145596114,-50000.09290818745,24.99344432324966,1.601693838564211,-9.584705054662468,1.8226883050507607,52,-0.09290818744701612,-0.015284959286399058,-7.4358927831343795,0.9952634841503056,26,80.76923076923077,0.025869949737404523,100.95429968689278
candidate_06,25,"4,7",2025-06-06 08:00:00,2026-06-11 14:00:00,10596,approx_full_backtest,4.414510297325883,6.598611121102379,14.975331844782191,0.9668813649597707,-9.584705054662468,1.4077803881493223,45,11.450810992636873,1.7992832093528977,-5.99497387504212,1.8957477112368089,32,84.375,0.3686851447487333,0.0
candidate_06,26,"5,6",2025-09-06 22:00:00,2026-03-11 01:00:00,11795,approx_full_backtest,11.096302584048173,6.519004675325376,31.32376232455576,1.7022596425102732,-9.584705054662468,1.8244501997304348,69,10.959791501938398,1.7249819308665204,-7.4358927831343795,1.5719720210071815,21,85.71428571428571,0.562057975328746,0.0
candidate_06,27,"5,7",2025-09-06 22:00:00,2026-06-11 14:00:00,10596,approx_full_backtest,5.20344190849071,16.058084412154766,19.199926081111318,1.218417693766738,-9.584705054662468,1.2721374620006236,54,23.78058980705027,3.571535684443372,-5.99497387504212,3.2528768358034323,27,88.88888888888889,0.8492045711366893,0.0
candidate_06,28,"6,7",2025-12-08 12:00:00,2026-06-11 14:00:00,12132,approx_full_backtest,6.34739970682496,6.007364851732731,20.517341521992783,1.1301405756601435,-9.584705054662468,1.5434631735934303,65,11.252220014051106,1.769423610778409,-7.4358927831343795,1.5842971998541526,26,84.61538461538461,0.4641942393080657,0.0
candidate_07,1,"0,1",2024-06-01 00:00:00,2024-12-03 03:00:00,12995,approx_full_backtest,9.805422038105236,4.859875005965734,29.72907998561729,1.473995724880095,-9.118216430676384,1.661508612093518,84,9.391742140470004,1.4871653580996513,-8.806203162514926,1.8173242135405825,19,89.47368421052632,0.5228790295372443,0.0
candidate_07,2,"0,2",2024-06-01 00:00:00,2025-03-05 17:00:00,11459,approx_full_backtest,12.191892864043137,7.935455407908332,31.607041677522464,1.7665975513981635,-6.726744898287573,1.5810224179421744,72,11.712476322343669,1.8381410102838114,-5.881773628832098,2.1971237888322257,22,90.9090909090909,0.5479695703996271,0.0
candidate_07,3,"0,3",2024-06-01 00:00:00,2025-06-06 07:00:00,11459,approx_full_backtest,14.138514384364688,-2.5952616166932847,36.67886552041069,2.012252914479684,-7.611198484458437,2.071246939622263,67,0.6235814057678812,0.10228365758453428,-9.118216430676384,1.016070317909309,25,84.0,0.05171650908291001,94.91695815925891
candidate_07,4,"0,4",2024-06-01 00:00:00,2025-09-06 21:00:00,11459,approx_full_backtest,14.127832327535126,3.28331182908144,39.30617123942292,2.1361706530678815,-9.118216430676384,1.9783433402504143,70,5.225665119091061,0.8411931146719454,-5.29340175610481,1.5614342324817951,20,90.0,0.2840086240951038,60.621445975589175
candidate_07,5,"0,5",2024-06-01 00:00:00,2025-12-08 11:00:00,11459,approx_full_backtest,15.940081993150763,7.985075850058769,46.016774667913694,2.4430130701056374,-9.118216430676384,1.911660222294154,77,10.65413847409802,1.6788466993564066,-5.29340175610481,2.098116588594182,19,84.21052631578947,0.5814342109655911,31.279667722620403
candidate_07,6,"0,6",2024-06-01 00:00:00,2026-03-11 01:00:00,11459,approx_full_backtest,13.823265060296828,-1.398266434997772,37.504243149182635,2.05142063629562,-9.118216430676384,2.095051652632427,80,0.6171589762523411,0.10123291385244482,-6.726744898287573,1.0061028212284202,17,82.35294117647058,0.0786514519427023,95.06522884379054
candidate_07,7,"0,7",2024-06-01 00:00:00,2026-06-11 14:00:00,11796,approx_full_backtest,9.008675033766746,10.74015334945013,26.562026162023788,1.469602706400508,-9.118216430676384,1.7162379389619928,70,15.506078970307824,2.399507786382249,-5.655124598501815,2.6943225389227603,25,92.0,0.6237147537607963,0.0
candidate_07,8,"1,2",2024-09-01 14:00:00,2025-03-05 17:00:00,11795,approx_full_backtest,11.90094727943632,9.253053468315457,31.50558488743782,1.7109762826756691,-6.726744898287573,1.5806036346376644,72,16.490068287676117,2.541910589314833,-8.806203162514926,2.6124333232475707,27,92.5925925925926,0.61097893919167,0.0
candidate_07,9,"1,3",2024-09-01 14:00:00,2025-06-06 07:00:00,10259,approx_full_backtest,9.358726560945772,0.36715982966060723,22.826179896178367,1.4751940114997808,-6.726744898287573,1.7535258666653775,57,4.9269361417242585,0.7940573028107245,-9.118216430676384,1.2376684126082727,30,86.66666666666667,0.1911337845485347,46.17268666896005
candidate_07,10,"1,4",2024-09-01 14:00:00,2025-09-06 21:00:00,10259,approx_full_backtest,9.157494312692645,4.593749568830766,25.187202748226124,1.612903799010823,-9.118216430676384,1.702831904829589,60,9.725836530287157,1.538073117814709,-8.806203162514926,1.9984406969539243,25,92.0,0.40485093165141456,4.639500585342226
candidate_07,11,"1,5",2024-09-01 14:00:00,2025-12-08 11:00:00,10259,approx_full_backtest,10.911487769907303,8.982866663015535,31.217672644075755,1.9539819551382065,-9.118216430676384,1.6330682239132515,67,15.386468651608354,2.381515448295368,-8.806203162514926,2.4885844431085915,24,87.5,0.6453479507387301,0.0
candidate_07,12,"1,6",2024-09-01 14:00:00,2026-03-11 01:00:00,10259,approx_full_backtest,9.15608199416232,0.7854917239654307,23.56790379568412,1.5187189860609962,-9.118216430676384,1.7697950515874081,70,4.920239045057295,0.7929992977375955,-8.806203162514926,1.2192850411507292,22,86.36363636363636,0.26264434056405583,47.78498820283094
candidate_07,13,"1,7",2024-09-01 14:00:00,2026-06-11 14:00:00,10596,approx_full_backtest,4.426062530253,11.849159978486616,13.734703124823344,0.8913777709090631,-9.118216430676384,1.4065497025964158,60,20.44591141340284,3.1073166787765283,-8.806203162514926,3.0745446808407726,30,93.33333333333333,0.6677989884467732,0.0
candidate_07,14,"2,3",2024-12-03 04:00:00,2025-06-06 07:00:00,11795,approx_full_backtest,7.212767440638492,1.9258720214375122,22.505518455137775,1.2653042656674662,-9.3345357339233,1.6292599351699086,63,7.152949938914599,1.1426359617309423,-9.118216430676384,1.4050050225975605,33,87.87878787878788,0.23801947042546057,9.694767279695737
candidate_07,15,"2,4",2024-12-03 04:00:00,2025-09-06 21:00:00,10259,approx_full_backtest,5.635164197951427,7.773732153762126,21.018751700035953,1.3681017475597024,-9.3345357339233,1.358665148065917,55,12.053658489128715,1.8892248256025868,-5.881773628832098,2.4566912644887435,28,92.85714285714286,0.4372107956739115,0.0
candidate_07,16,"2,5",2024-12-03 04:00:00,2025-12-08 11:00:00,10259,approx_full_backtest,8.00452945433423,12.05193453866326,26.848420571447097,1.7083581908021728,-9.3345357339233,1.2957586626719881,62,17.83438031921507,2.7355840542050647,-5.881773628832098,2.9592166514001907,27,88.88888888888889,0.65218443723384,0.0
candidate_07,17,"2,6",2024-12-03 04:00:00,2026-03-11 01:00:00,10259,approx_full_backtest,5.379797493421031,3.4165284156650473,19.453371744546978,1.2741438411794537,-9.3345357339233,1.362687780829973,65,7.1461107640536925,1.1415742977318954,-6.726744898287573,1.378757157447907,25,88.0,0.31595217919973545,10.404597908258207
candidate_07,18,"2,7",2024-12-03 04:00:00,2026-06-11 14:00:00,10596,approx_full_backtest,1.03176202380754,14.977896865428107,9.947594442398655,0.656059856203095,-9.3345357339233,1.0736141110905044,55,23.001158621414895,3.463975772727612,-5.881773628832098,3.611775081114313,33,93.93939393939394,0.6713514739693139,0.0
candidate_07,19,"3,4",2025-03-05 18:00:00,2025-09-06 21:00:00,11795,approx_full_backtest,10.209074597689506,-2.2886876637261224,31.73035499881207,1.7217362312047513,-11.259484786643203,1.8376889576551803,62,0.9308968701089437,0.15249673610917558,-9.118216430676384,1.0583433872264219,31,87.09677419354838,0.047725305069370144,91.14285142257424
candidate_07,20,"3,5",2025-03-05 18:00:00,2025-12-08 11:00:00,10259,approx_full_backtest,10.240210246201181,1.4879930984997896,31.736858421629833,1.9826620224359992,-11.259484786643203,1.6853148566754015,57,6.1378079762183235,0.9844295535908154,-9.118216430676384,1.3785204441334988,30,83.33333333333334,0.22821873278648772,50.34809047377146
candidate_07,21,"3,6",2025-03-05 18:00:00,2026-03-11 01:00:00,10259,approx_full_backtest,7.294774016753842,-50003.489513851,24.056821918678928,1.5472766121259252,-11.259484786643203,1.8455989266642543,60,-3.489513850998749,-0.5824098958775448,-9.118216430676384,0.8544287000967563,28,82.14285714285714,-0.10227190506163082,137.6409680927915
candidate_07,22,"3,7",2025-03-05 18:00:00,2026-06-11 14:00:00,10596,approx_full_backtest,3.086533910799244,4.445616271335752,14.184714461611136,0.9188533036066815,-11.259484786643203,1.4433466881729018,50,10.791717317524153,1.7000119411447967,-9.118216430676384,1.7088191820923786,36,88.88888888888889,0.3164494672018975,0.0
candidate_07,23,"4,5",2025-06-06 08:00:00,2025-12-08 11:00:00,11795,approx_full_backtest,9.785999412195585,8.13424665484176,32.93494067419489,1.7791090017724942,-11.259484786643203,1.5376218502004657,69,10.99208836090735,1.7298506098273547,-4.36576715561473,2.3255509092419264,25,88.0,0.44935286953695835,2.7687112985243867
candidate_07,24,"4,6",2025-06-06 08:00:00,2026-03-11 01:00:00,10259,approx_full_backtest,8.0943028250284,-1.143980132448351,26.441500753028446,1.6850842213727235,-11.259484786643203,1.775810275833662,63,0.9244548257886009,0.15144546530543312,-6.726744898287573,1.045984278010462,23,86.95652173913044,0.06624549622189846,91.01258777546082
candidate_07,25,"4,7",2025-06-06 08:00:00,2026-06-11 14:00:00,10596,approx_full_backtest,3.9872312355995088,10.592558890265066,16.379626982918015,1.051435701970993,-11.259484786643203,1.4333003031110705,53,15.858847216051664,2.4508847623004204,-5.655124598501815,3.0000096364813267,31,93.54838709677419,0.5090142120676657,0.0
candidate_07,26,"5,6",2025-09-06 22:00:00,2026-03-11 01:00:00,11795,approx_full_backtest,11.959656112425664,3.0224938200491787,35.51663596451415,1.900446691623614,-11.259484786643203,2.007734351887869,76,6.131033594098989,0.9833695502371009,-6.726744898287573,1.354201606592244,22,81.81818181818183,0.3132147245249008,48.255872970739524
candidate_07,27,"5,7",2025-09-06 22:00:00,2026-06-11 14:00:00,10596,approx_full_backtest,5.608423809502143,14.746131984363616,21.985821718510866,1.3797897290800165,-11.259484786643203,1.35617491180211,60,21.835874439803106,3.302101932439472,-5.655124598501815,3.4172815845951443,30,90.0,0.7048839366847264,0.0
candidate_07,28,"6,7",2025-12-08 12:00:00,2026-06-11 14:00:00,12132,approx_full_backtest,4.716427560041199,6.012360673177154,18.930061708057977,1.0494336888210887,-11.259484786643203,1.4670505488394754,71,10.784645893654755,1.6989441861609667,-6.726744898287573,1.671638432013657,28,89.28571428571429,0.40844081340076777,0.0
candidate_08,1,"0,1",2024-06-01 00:00:00,2024-12-03 03:00:00,12995,approx_full_backtest,12.533483969149685,-2.99320771141259,36.5862507536552,1.76825886070473,-9.233486013226278,1.7270140213435379,77,0.05337447479774049,0.008775633161461904,-9.920197409634767,1.05500597394875,17,82.35294117647058,0.10209994394199118,99.50371332181734
candidate_08,2,"0,2",2024-06-01 00:00:00,2025-03-05 17:00:00,11459,approx_full_backtest,11.981376866783634,14.733311184643666,35.621210295691895,1.9617376499311723,-9.233486013226278,1.599382651902609,67,13.381307461248504,2.0867796397936678,-3.414996166407358,5.657422026828989,15,93.33333333333333,0.864147206035311,0.0
candidate_08,3,"0,3",2024-06-01 00:00:00,2025-06-06 07:00:00,11459,approx_full_backtest,12.153142238372196,-0.17612016201682484,33.97998879636026,1.88261538455603,-9.233486013226278,1.7515792432292137,62,3.667101565476738,0.594028649571654,-8.983789219099592,1.2419768468919765,21,85.71428571428571,0.1829596879912846,68.44662725882581
candidate_08,4,"0,4",2024-06-01 00:00:00,2025-09-06 21:00:00,11459,approx_full_backtest,8.934753880396,6.399838098580098,26.304361844324188,1.5000950155308335,-9.233486013226278,1.528499476897202,62,7.748207429595144,1.2348232416139027,-3.84648345994022,2.1816841842284624,19,89.47368421052632,0.4006603639868234,17.683664779264667
candidate_08,5,"0,5",2024-06-01 00:00:00,2025-12-08 11:00:00,11459,approx_full_backtest,12.3719941029661,15.967678108657777,36.957352760090956,2.0254930275636296,-9.233486013226278,1.539558583724573,71,14.963048940172484,2.31963603427654,-4.86511796881951,5.605581086125672,13,92.3076923076923,1.1141177683605126,0.0
candidate_08,6,"0,6",2024-06-01 00:00:00,2026-03-11 01:00:00,11459,approx_full_backtest,12.12273856463799,-1.468422677254537,33.56247676271982,1.8623426282031952,-8.983789219099592,1.8086650856663726,74,1.0902068826741829,0.1784765590536308,-7.663013809815455,1.0104981407570477,12,83.33333333333334,0.1146331292123901,90.41655620449248
candidate_08,7,"0,7",2024-06-01 00:00:00,2026-06-11 14:00:00,11796,approx_full_backtest,8.237612289882579,10.708639119798654,24.513741782754384,1.367116857110684,-8.983789219099592,1.536311771701953,68,12.880470852323555,2.012940777788663,-4.891410182154177,3.0185576706865334,17,88.23529411764706,0.7404865372515558,0.0
candidate_08,8,"1,2",2024-09-01 14:00:00,2025-03-05 17:00:00,11795,approx_full_backtest,11.002831947745467,2.450561583573801,34.25126719692031,1.8412488537222549,-9.233486013226278,1.5787450579078517,66,6.9430717813228515,1.1100301735881057,-9.920197409634767,1.4220321507800664,26,84.61538461538461,0.3561948067138175,39.71319132967403
candidate_08,9,"1,3",2024-09-01 14:00:00,2025-06-06 07:00:00,10259,approx_full_backtest,11.09055291454036,-50002.21952337366,29.132120509986326,1.837702838408295,-9.233486013226278,1.892677471318464,49,-2.219523373660126,-0.36843842142051386,-9.920197409634767,0.9708277181078259,32,81.25,0.004406572870205128,120.04885739522678
candidate_08,10,"1,4",2024-09-01 14:00:00,2025-09-06 21:00:00,10259,approx_full_backtest,7.3466633520962095,-1.7528834443970678,21.734224798362376,1.4106708697332104,-9.233486013226278,1.585043614643855,49,1.6298412804100382,0.2662251536777793,-9.920197409634767,1.1464712127233105,30,83.33333333333334,0.13038012665930776,81.12776272695498
candidate_08,11,"1,5",2024-09-01 14:00:00,2025-12-08 11:00:00,10259,approx_full_backtest,11.05006132696656,3.5931333667651066,32.0017529500288,1.997254500044754,-9.233486013226278,1.600089096043594,58,8.434995770450215,1.3406586365031892,-9.920197409634767,1.569153220800905,24,83.33333333333334,0.44926616136317704,32.8749222258281
candidate_08,12,"1,6",2024-09-01 14:00:00,2026-03-11 01:00:00,10259,approx_full_backtest,10.686385028981912,-50004.65009186159,28.729715533491106,1.8150663450368976,-8.983789219099592,1.9938076472113193,61,-4.650091861592321,-0.7800145780906487,-9.920197409634767,0.8852024254996769,23,78.26086956521739,-0.10111067675746656,142.97443893571793
candidate_08,13,"1,7",2024-09-01 14:00:00,2026-06-11 14:00:00,10596,approx_full_backtest,6.597488755784907,1.665057264349723,20.008395682719726,1.2656066174873137,-8.983789219099592,1.6099652220977783,55,6.470674640927543,1.0366790646471724,-9.920197409634767,1.4287456212968233,28,82.14285714285714,0.31739742918950137,18.0883656640991
candidate_08,14,"2,3",2024-12-03 04:00:00,2025-06-06 07:00:00,11795,approx_full_backtest,8.484058023703778,5.026674426884684,24.932221771152264,1.3884204440169245,-9.233486013226278,1.680113403445374,54,10.805640911901637,1.7017277498635686,-8.983789219099592,1.661261228498081,30,86.66666666666667,0.3789173125120792,0.0
candidate_08,15,"2,4",2024-12-03 04:00:00,2025-09-06 21:00:00,10259,approx_full_backtest,5.610775574288481,11.37883512655263,19.86666211892647,1.2990611349147585,-9.233486013226278,1.3446701129690006,45,15.167772620747977,2.349578502222749,-3.84648345994022,2.6473142754311634,28,89.28571428571429,0.5406397444033947,0.0
candidate_08,16,"2,5",2024-12-03 04:00:00,2025-12-08 11:00:00,10259,approx_full_backtest,9.395929267719856,18.60548683804684,29.976672921483626,1.8849991877652128,-9.233486013226278,1.3550342374900708,54,22.87942969984922,3.4463367967263014,-4.86511796881951,4.797636201871692,22,90.9090909090909,1.0004044052832757,0.0
candidate_08,17,"2,6",2024-12-03 04:00:00,2026-03-11 01:00:00,10259,approx_full_backtest,9.654567530383076,4.326231343618448,26.75483285063871,1.703011543921451,-8.283470670110004,1.629708829949027,57,8.051300696167306,1.2815997746437269,-7.663013809815455,1.3780609223534868,21,85.71428571428571,0.423855403718766,24.74509176299284
candidate_08,18,"2,7",2024-12-03 04:00:00,2026-06-11 14:00:00,10596,approx_full_backtest,5.292412683830662,14.945488966329176,18.16730948557792,1.157710439637194,-8.283470670110004,1.3113855963527423,51,20.65344482819316,3.136518672890176,-4.891410182154177,3.2200076837526224,26,88.46153846153845,0.7736014254162252,0.0
candidate_08,19,"3,4",2025-03-05 18:00:00,2025-09-06 21:00:00,11795,approx_full_backtest,8.985324669002614,0.8417889381720322,26.60495711955704,1.4719854864812643,-9.920197409634767,1.6235280931622122,53,5.300507188324355,0.852984768958942,-8.983789219099592,1.2898524558955824,34,85.29411764705883,0.17699582942889283,42.05209380168715
candidate_08,20,"3,5",2025-03-05 18:00:00,2025-12-08 11:00:00,10259,approx_full_backtest,9.502661243312362,6.129938498413077,28.403758850408465,1.796682068481048,-9.920197409634767,1.5096234697811592,49,12.351450201400382,1.9337058543749785,-8.983789219099592,1.8295937008116367,28,85.71428571428571,0.4603157954828348,0.0
candidate_08,21,"3,6",2025-03-05 18:00:00,2026-03-11 01:00:00,10259,approx_full_backtest,9.293462309278642,-50001.20624453568,25.220907910984437,1.6148521772463953,-9.920197409634767,1.8584963823247111,52,-1.206244535680201,-0.19937757510053444,-8.983789219099592,0.9465253848216306,27,81.48148148148148,-0.00811448757846684,112.34649077542862
candidate_08,22,"3,7",2025-03-05 18:00:00,2026-06-11 14:00:00,10596,approx_full_backtest,5.089522606990519,4.218683499947283,16.737306550026254,1.0728202135068976,-9.920197409634767,1.4985511821116742,46,10.316181734840724,1.6280809164644694,-8.983789219099592,1.6166380756046428,32,84.375,0.34354945056591135,0.0
candidate_08,23,"4,5",2025-06-06 08:00:00,2025-12-08 11:00:00,11795,approx_full_backtest,5.797077820065422,12.134874112246802,21.300730257702007,1.2033283338611422,-9.920197409634767,1.271427681893588,59,16.774436426876548,2.5830343317724935,-4.86511796881951,2.8599016296065485,26,88.46153846153845,0.6407398362096941,0.0
candidate_08,24,"4,6",2025-06-06 08:00:00,2026-03-11 01:00:00,10259,approx_full_backtest,6.353258634951513,-0.22059727979507082,18.047083040907342,1.1887546793410086,-9.920197409634767,1.5266472088519847,52,2.683010287452481,0.4363629354530829,-7.663013809815455,1.1128266376011742,25,84.0,0.14205209213256245,63.29243173242585
candidate_08,25,"4,7",2025-06-06 08:00:00,2026-06-11 14:00:00,10596,approx_full_backtest,1.9033650484509606,9.701261240427387,10.049501718027187,0.6624901722579457,-9.920197409634767,1.2537721622558438,46,14.659044700878754,2.2756087679699055,-4.891410182154177,2.2518332638843286,30,86.66666666666667,0.4921325295347278,0.0
candidate_08,26,"5,6",2025-09-06 22:00:00,2026-03-11 01:00:00,11795,approx_full_backtest,10.036060865225728,5.662376146449061,29.34008821206171,1.6064190012932578,-9.920197409634767,1.7326340435743812,68,9.558685184754445,1.5126195818528032,-7.663013809815455,1.5246870208365595,19,84.21052631578947,0.5485413882237413,5.83903821885453
candidate_08,27,"5,7",2025-09-06 22:00:00,2026-06-11 14:00:00,10596,approx_full_backtest,5.0939110582008755,16.355988321064274,19.33149582312219,1.2261174465121094,-9.920197409634767,1.2635792416874672,55,22.336637256760316,3.371822518473322,-4.891410182154177,3.37610444665956,24,87.5,0.9014566649574521,0.0
candidate_08,28,"6,7",2025-12-08 12:00:00,2026-06-11 14:00:00,12132,approx_full_backtest,6.281685547325688,3.4595270906942854,20.848429450134454,1.1468490976944912,-9.920197409634767,1.5138787930412514,66,7.574008201995874,1.2081628369312591,-7.663013809815455,1.3927959789945852,23,82.6086956521739,0.37074028351482047,0.0
candidate_09,1,"0,1",2024-06-01 00:00:00,2024-12-03 03:00:00,12995,approx_full_backtest,7.997781325267374,6.467442964597519,25.063938644447514,1.2652868437989628,-9.118216081558739,1.5219526518121886,84,10.022385253259447,1.5831514580834538,-6.828037921908681,1.9375683856678827,19,89.47368421052632,0.5522901140467761,0.0
candidate_09,2,"0,2",2024-06-01 00:00:00,2025-03-05 17:00:00,11459,approx_full_backtest,9.325850455364483,8.709925589349881,25.78400954639428,1.4733813259094175,-7.797107600294106,1.3994757022993187,72,12.25964082423554,1.9200028388336232,-5.881773510309129,2.626211775755009,22,90.9090909090909,0.5656889548950369,0.0
candidate_09,3,"0,3",2024-06-01 00:00:00,2025-06-06 07:00:00,11459,approx_full_backtest,14.84961710290543,-2.671773807858161,37.52021668177721,2.052176475854872,-7.797107600294106,2.048021944710539,66,0.5449753222952936,0.0894194268834747,-9.118216081558739,1.0134750631627245,26,84.61538461538461,0.04413856699064822,95.6427028603266
candidate_09,4,"0,4",2024-06-01 00:00:00,2025-09-06 21:00:00,11459,approx_full_backtest,11.436057580384498,3.5930699129150003,32.51733991617864,1.8113335282831322,-9.118216081558739,1.7121545167621475,69,5.2290765741751954,0.8417307548762132,-4.615045131791717,1.6173284874002887,21,90.47619047619048,0.2676517468902653,53.529775619289424
candidate_09,5,"0,5",2024-06-01 00:00:00,2025-12-08 11:00:00,11459,approx_full_backtest,15.79662610765717,5.211697351799552,45.530647301974895,2.4212331269264364,-9.118216081558739,1.8752934155625658,76,7.485427847036208,1.194179274755669,-5.10114390777191,1.6394714271072728,19,84.21052631578947,0.420943325869031,50.678880877877916
candidate_09,6,"0,6",2024-06-01 00:00:00,2026-03-11 01:00:00,11459,approx_full_backtest,14.979755538175969,-50000.493504408805,40.51003763949239,2.19222200858864,-9.118216081558739,2.2634811278051186,79,-0.49350440880810975,-0.08132608892227333,-7.435892703975644,0.9468393152859517,17,82.35294117647058,0.012278768520300128,103.70975606501787
candidate_09,7,"0,7",2024-06-01 00:00:00,2026-06-11 14:00:00,11796,approx_full_backtest,8.791951528310737,8.856804464235038,26.013910022640353,1.4423310722178728,-9.118216081558739,1.6622797444944653,71,12.871093657048437,2.0115467740633886,-5.99497391237529,2.5111582011886076,23,91.30434782608695,0.5688739161612877,0.0
candidate_09,8,"1,2",2024-09-01 14:00:00,2025-03-05 17:00:00,11795,approx_full_backtest,9.044689850781033,12.167918380282348,25.68704179717183,1.426258217936538,-7.797107600294106,1.3992763373129145,72,18.620665754343403,2.8480091640288085,-6.828037921908681,3.1228024799182874,27,92.5925925925926,0.6800429236275756,0.0
candidate_09,9,"1,3",2024-09-01 14:00:00,2025-06-06 07:00:00,10259,approx_full_backtest,9.540603634998764,1.335322696016977,22.414573658982896,1.4509351793067449,-7.797107600294106,1.7052971158382146,56,6.242206223145663,1.0007578464882982,-9.118216081558739,1.299924224699154,31,87.09677419354838,0.22785821522614785,31.026701898119306
candidate_09,10,"1,4",2024-09-01 14:00:00,2025-09-06 21:00:00,10259,approx_full_backtest,5.819449789521208,6.698803689810861,17.96122824471307,1.1835110681046368,-9.118216081558739,1.4477202817814596,59,11.191725078534652,1.7599191514379386,-6.828037921908681,2.1409041872082204,26,92.3076923076923,0.4437187928826654,0.0
candidate_09,11,"1,5",2024-09-01 14:00:00,2025-12-08 11:00:00,10259,approx_full_backtest,10.110363480891865,8.378687074324489,29.54511397412405,1.8608669433852754,-9.118216081558739,1.5748463332024312,66,13.575929127267461,2.115576800503449,-6.828037921908681,2.0118673738648507,24,87.5,0.579746880073555,0.0
candidate_09,12,"1,6",2024-09-01 14:00:00,2026-03-11 01:00:00,10259,approx_full_backtest,9.74256717452495,1.733485938401782,25.075983498834418,1.606471142850907,-9.118216081558739,1.8747103311621245,69,5.144882588654931,0.8284576513825748,-7.435892703975644,1.2066486538799843,22,86.36363636363636,0.2783973179590379,48.42996993320644
candidate_09,13,"1,7",2024-09-01 14:00:00,2026-06-11 14:00:00,10596,approx_full_backtest,3.7285610852662225,12.286996895865892,12.172155067343171,0.7951837509608151,-9.118216081558739,1.3424584898160346,61,19.266765648954753,2.9405967295561553,-6.828037921908681,2.9194968044037846,28,92.85714285714286,0.678575071498691,0.0
candidate_09,14,"2,3",2024-12-03 04:00:00,2025-06-06 07:00:00,11795,approx_full_backtest,4.788380047842609,2.8698382721246323,16.039397743872975,0.9257279071024138,-8.685124750980089,1.419136070391838,62,8.40259355885362,1.3356780005597146,-9.118216081558739,1.5124734740973653,34,88.23529411764706,0.26515439743566604,0.0
candidate_09,15,"2,4",2024-12-03 04:00:00,2025-09-06 21:00:00,10259,approx_full_backtest,2.3641537817179907,9.078137361948704,12.63077620593933,0.8508023946283583,-8.685124750980089,1.1425343544768274,54,13.45275864734672,2.0973566967313673,-5.881773510309129,2.9393295843200207,29,93.10344827586206,0.46511494675004705,0.0
candidate_09,16,"2,5",2024-12-03 04:00:00,2025-12-08 11:00:00,10259,approx_full_backtest,7.10847265905409,10.458007874845588,23.69120733741099,1.525931008052206,-8.685124750980089,1.2146986576549466,61,15.885444409851623,2.4541937123398805,-5.881773510309129,2.5007772018286336,27,88.88888888888889,0.5876137023173106,0.0
candidate_09,17,"2,6",2024-12-03 04:00:00,2026-03-11 01:00:00,10259,approx_full_backtest,5.872692394586441,3.2784710890019304,19.424028689921368,1.2723717043782612,-8.685124750980089,1.3711097001762411,64,7.282956343278646,1.1628064552075212,-7.435892703975644,1.3824615304850547,25,88.0,0.3230554334360359,8.611103877406526
candidate_09,18,"2,7",2024-12-03 04:00:00,2026-06-11 14:00:00,10596,approx_full_backtest,0.046678875796184904,14.630925462670284,7.103300651619793,0.4743093966762535,-8.685124750980089,1.001270263777611,56,21.692001524964976,3.282026412136352,-5.99497391237529,3.878992768892361,31,93.54838709677419,0.6758628013795294,0.0
candidate_09,19,"3,4",2025-03-05 18:00:00,2025-09-06 21:00:00,11795,approx_full_backtest,10.76939104900052,-1.7701871072914246,29.741571163199865,1.6259273062965596,-8.685124750980089,1.7384904733011624,61,1.6135873470667583,0.2635878352004628,-9.118216081558739,1.1009271265941851,33,87.87878787878788,0.06638724817628507,83.78846125655842
candidate_09,20,"3,5",2025-03-05 18:00:00,2025-12-08 11:00:00,10259,approx_full_backtest,12.904655892507156,-0.30306756396796086,35.23214672527504,2.1730548593372534,-8.685124750980089,1.826105707832628,55,3.7924142893417168,0.6140157073302843,-9.118216081558739,1.2041171855799988,31,83.87096774193549,0.14735534505269118,71.7441230398781
candidate_09,21,"3,6",2025-03-05 18:00:00,2026-03-11 01:00:00,10259,approx_full_backtest,11.953152430546744,-50003.9123756424,30.56682134457802,1.917879374737952,-8.685124750980089,2.314041894387863,58,-3.9123756424036316,-0.65417696556479,-9.118216081558739,0.8447364087825514,29,82.75862068965517,-0.11107477344941591,134.1093905165007
candidate_09,22,"3,7",2025-03-05 18:00:00,2026-06-11 14:00:00,10596,approx_full_backtest,5.796004388770064,3.2456321294338615,17.096514621055015,1.0942348021293347,-8.685124750980089,1.558366370551667,50,8.993037928968839,1.4265657838038237,-9.118216081558739,1.57509291222434,35,88.57142857142857,0.2758340736237559,0.0
candidate_09,23,"4,5",2025-06-06 08:00:00,2025-12-08 11:00:00,11795,approx_full_backtest,10.232061863676646,5.608129039541808,31.308960261683126,1.7015495279579573,-9.118216081558739,1.4965929060766527,67,8.627804383674341,1.3702701066952594,-5.10114390777191,1.7898913155816993,26,88.46153846153845,0.34773460152200547,19.469278784983057
candidate_09,24,"4,6",2025-06-06 08:00:00,2026-03-11 01:00:00,10259,approx_full_backtest,9.062950263873196,-1.7355218254424614,25.816903604305864,1.6492244011862667,-9.118216081558739,1.7847778014466282,61,0.5640704465316615,0.09254520032975222,-7.435892703975644,1.0234809197335126,24,87.5,0.05216314637106897,94.3885622682283
candidate_09,25,"4,7",2025-06-06 08:00:00,2026-06-11 14:00:00,10596,approx_full_backtest,3.309263806540391,9.186151384032339,12.836635990367284,0.836242220834782,-9.118216081558739,1.3083658903174935,53,14.07071012265897,2.1890999363359143,-5.99497391237529,2.7491497782104317,30,93.33333333333333,0.4709092173256723,0.0
candidate_09,26,"5,6",2025-09-06 22:00:00,2026-03-11 01:00:00,11795,approx_full_backtest,12.994693626270466,-0.08146456070572311,35.55388547597707,1.9021814699782924,-9.118216081558739,2.0554138570163074,75,2.7203933540711045,0.44237526713586384,-7.435892703975644,1.1295779950584568,22,81.81818181818183,0.16496145544189425,76.74379263399553
candidate_09,27,"5,7",2025-09-06 22:00:00,2026-06-11 14:00:00,10596,approx_full_backtest,7.4368805582653446,10.640012255478652,23.917282715170618,1.4896669680227737,-9.118216081558739,1.430997285635849,60,16.516646173423343,2.5463381638476834,-5.99497391237529,2.435988127851074,28,89.28571428571429,0.5894468938066496,0.0
candidate_09,28,"6,7",2025-12-08 12:00:00,2026-06-11 14:00:00,12132,approx_full_backtest,7.729457949227008,3.665931381687038,23.438896671616117,1.276112855980971,-9.118216081558739,1.637783196598851,72,7.867302303117851,1.2535002623609515,-7.435892703975644,1.4511688694720293,26,88.46153846153845,0.33520495768921943,1.7719901115357646
candidate_10,1,"0,1",2024-06-01 00:00:00,2024-12-03 03:00:00,12995,approx_full_backtest,9.347722784164379,1.4223249091029113,29.490293989422845,1.4634862469168342,-9.914466320563387,1.5469077303385708,81,4.553975120682008,0.7350509344191458,-8.135817608634744,1.2849597708266882,20,85.0,0.3247798776564439,49.773977311526
candidate_10,2,"0,2",2024-06-01 00:00:00,2025-03-05 17:00:00,11459,approx_full_backtest,8.8648872719922,13.42096419838643,26.972055765363343,1.534222354512349,-9.914466320563387,1.3658005258319645,72,15.718448016581089,2.4298990304020274,-6.252638484449657,4.084517138008035,17,94.11764705882352,0.8966251504286393,0.0
candidate_10,3,"0,3",2024-06-01 00:00:00,2025-06-06 07:00:00,11459,approx_full_backtest,11.941651413238343,-0.4622100532032314,34.26776430072365,1.8965542360839693,-9.914466320563387,1.7374072517673433,66,3.5351611293308993,0.5729626599729087,-8.983789297216338,1.1671425238617843,25,84.0,0.15507987876356227,69.78928157857644
candidate_10,4,"0,4",2024-06-01 00:00:00,2025-09-06 21:00:00,11459,approx_full_backtest,10.806569658219477,-0.4993401674841746,31.8968116397649,1.780869444283506,-9.914466320563387,1.6107959014376252,65,1.7788184486858372,0.29038137450227985,-6.252638484449657,1.086290335415191,21,80.95238095238095,0.08489495570672323,83.69440413308295
candidate_10,5,"0,5",2024-06-01 00:00:00,2025-12-08 11:00:00,11459,approx_full_backtest,16.12008204874088,2.5570556774135706,46.13140321383433,2.4481388757492395,-8.983789297216338,1.7683927186631516,72,5.22476851548157,0.841051808871085,-6.252638484449657,1.2938418846585082,18,77.77777777777779,0.304454414210784,65.64525741564863
candidate_10,6,"0,6",2024-06-01 00:00:00,2026-03-11 01:00:00,11459,approx_full_backtest,12.591696323873393,1.2306986791523908,34.65800991967487,1.91541177000778,-8.983789297216338,1.8028851873740237,76,3.6866917463178606,0.5971545639089637,-6.726745094389697,1.1932161971076272,15,80.0,0.2683673002792045,68.82369768947707
candidate_10,7,"0,7",2024-06-01 00:00:00,2026-06-11 14:00:00,11796,approx_full_backtest,5.5654030947323765,9.469182993007472,19.290945753428403,1.098458303675165,-9.914466320563387,1.3755479124524368,69,14.15533642063247,2.2015663249613793,-6.252638484449657,2.3259416235400057,22,86.36363636363636,0.6339647598079893,0.0
candidate_10,8,"1,2",2024-09-01 14:00:00,2025-03-05 17:00:00,11795,approx_full_backtest,8.636195587447613,9.623438681974456,26.857384835377808,1.4845060133773291,-9.914466320563387,1.3648696962228701,72,15.22489279874768,2.3579248473529546,-8.135817608634744,2.200113691377802,25,92.0,0.6815252735864347,0.0
candidate_10,9,"1,3",2024-09-01 14:00:00,2025-06-06 07:00:00,10259,approx_full_backtest,11.034289574851009,-0.5037382251289074,27.464979674808767,1.7434907806493705,-9.914466320563387,1.757028983784544,56,3.093569318513656,0.5022932861592277,-8.983789297216338,1.1609101026050106,33,84.84848484848484,0.1718939773170623,71.19036752393113
candidate_10,10,"1,4",2024-09-01 14:00:00,2025-09-06 21:00:00,10259,approx_full_backtest,8.588698659297693,-1.3280849953731684,25.214153243662096,1.614461752449503,-9.914466320563387,1.6042926474841497,55,1.3447176828073504,0.21991056143462195,-8.135817608634744,1.1096823402869056,29,82.75862068965517,0.1233895983522478,86.37870726259274
candidate_10,11,"1,5",2024-09-01 14:00:00,2025-12-08 11:00:00,10259,approx_full_backtest,14.113286388643376,1.2910831559139377,38.72753774900153,2.358936292174052,-8.983789297216338,1.7944029273199311,62,4.775970295005205,0.7701940574678545,-8.135817608634744,1.2445992361102203,26,80.76923076923077,0.2798339899295427,67.34994242858397
candidate_10,12,"1,6",2024-09-01 14:00:00,2026-03-11 01:00:00,10259,approx_full_backtest,10.855758089689651,0.28512615039359496,27.835453184566394,1.7645251570050702,-8.983789297216338,1.8402467114492307,66,3.244453636419009,0.5264681912254376,-8.135817608634744,1.1779618175855084,23,82.6086956521739,0.2530875559374812,70.16374693580383
candidate_10,13,"1,7",2024-09-01 14:00:00,2026-06-11 14:00:00,10596,approx_full_backtest,4.034891871803876,7.344892723522654,13.246973724783428,0.8614848221498272,-9.914466320563387,1.3224024995365409,59,13.668448090382324,2.1297364189925228,-8.135817608634744,1.8229618383976116,30,86.66666666666667,0.5247576332716588,0.0
candidate_10,14,"2,3",2024-12-03 04:00:00,2025-06-06 07:00:00,11795,approx_full_backtest,6.218536780679806,7.467804304102315,20.859759258186948,1.180499751160946,-9.914466320563387,1.4751335849086749,62,14.102097297191719,2.1932252789256257,-8.983789297216338,2.008366648417452,30,90.0,0.48065104185403495,0.0
candidate_10,15,"2,4",2024-12-03 04:00:00,2025-09-06 21:00:00,10259,approx_full_backtest,4.23258687613855,9.15997597015875,17.783594612599106,1.1726507697791932,-9.914466320563387,1.224399726770131,53,12.166499947960375,1.9060915184999638,-4.072974022069042,2.3372822736420935,26,88.46153846153845,0.47405109062973766,0.0
candidate_10,16,"2,5",2024-12-03 04:00:00,2025-12-08 11:00:00,10259,approx_full_backtest,9.92631991015843,11.405545908712929,30.49505702470978,1.9138883979234578,-8.1583698106375,1.3290548905252828,60,15.964148259065404,2.4656334298201354,-5.564092850494018,2.304517018991662,23,86.95652173913044,0.6966397279272217,0.0
candidate_10,17,"2,6",2024-12-03 04:00:00,2026-03-11 01:00:00,10259,approx_full_backtest,6.265736763191615,10.05300077516439,20.249339271644896,1.322061711495448,-8.1583698106375,1.3211858329327684,64,14.26909333036881,2.2178069221772345,-6.726745094389697,2.142772706123845,20,90.0,0.7284021895360031,0.0
candidate_10,18,"2,7",2024-12-03 04:00:00,2026-06-11 14:00:00,10596,approx_full_backtest,-29999.018131784265,18.799220342549948,6.526581051481184,0.4369096894917712,-9.914466320563387,0.9818682157358355,57,25.80618179547749,3.8484399912568357,-5.99497410235773,4.885364844513603,27,92.5925925925926,0.9070281111965834,0.0
candidate_10,19,"3,4",2025-03-05 18:00:00,2025-09-06 21:00:00,11795,approx_full_backtest,9.380135685118187,-2.7375420905412318,28.21823853494003,1.5516049742136495,-9.914466320563387,1.5619560854025474,60,0.3571759254940243,0.0586511763708053,-8.983789297216338,1.017478541754541,34,82.35294117647058,0.028226404946334275,96.2199672374388
candidate_10,20,"3,5",2025-03-05 18:00:00,2025-12-08 11:00:00,10259,approx_full_backtest,13.715828157675485,-0.32791661591054144,37.993194277183974,2.320248455884699,-9.726094939490505,1.7607053920912383,54,3.754993097622461,0.6080492357908529,-8.983789297216338,1.160869392322937,31,80.64516129032258,0.15022848884284812,73.79378771921188
candidate_10,21,"3,6",2025-03-05 18:00:00,2026-03-11 01:00:00,10259,approx_full_backtest,9.46255328817607,-1.3827993026723298,27.158766118421184,1.7260619858159965,-9.726094939490505,1.8019042263691356,58,2.2384001241276597,0.3647155379618017,-8.983789297216338,1.0963815173136633,28,82.14285714285714,0.11437190009008012,78.87007877127992
candidate_10,22,"3,7",2025-03-05 18:00:00,2026-06-11 14:00:00,10596,approx_full_backtest,2.9746007533239145,5.5538200665395525,12.647509644275123,0.824579015928073,-9.914466320563387,1.2965804660624747,51,12.560819182385474,1.9653670447059124,-8.983789297216338,1.7030677318614047,35,85.71428571428571,0.37497509754599845,0.0
candidate_10,23,"4,5",2025-06-06 08:00:00,2025-12-08 11:00:00,11795,approx_full_backtest,11.998447726117877,0.08745699707400423,36.25745281636239,1.9348641834526115,-9.726094939490505,1.5568301794254098,63,1.9949212464785093,0.3253693670684621,-5.564092850494018,1.106676184344644,27,77.77777777777779,0.0949214909214971,83.18386531462552
candidate_10,24,"4,6",2025-06-06 08:00:00,2026-03-11 01:00:00,10259,approx_full_backtest,8.394829997405713,-1.6294027927758798,24.913346925937674,1.5970550604597067,-9.726094939490505,1.6302316381971476,57,0.5040553490751831,0.0827193673955895,-6.726745094389697,1.0282821611680069,24,79.16666666666666,0.046175429303099,94.82050622777032
candidate_10,25,"4,7",2025-06-06 08:00:00,2026-06-11 14:00:00,10596,approx_full_backtest,1.930148142578787,6.040695484573836,10.658335890377835,0.7007922995027505,-9.914466320563387,1.2144145017432681,50,10.651367661356371,1.6788090804966904,-5.99497410235773,1.797340855201093,31,83.87096774193549,0.3558040488665185,0.0
candidate_10,26,"5,6",2025-09-06 22:00:00,2026-03-11 01:00:00,11795,approx_full_backtest,11.632459053933996,1.1508803715887135,33.18450856784543,1.790934569937197,-9.726094939490505,1.7443733183838055,72,3.906845453363905,0.6322495794809813,-6.726745094389697,1.1787664029989828,21,76.19047619047619,0.22883788996320487,64.69722623629112
candidate_10,27,"5,7",2025-09-06 22:00:00,2026-06-11 14:00:00,10596,approx_full_backtest,7.208509695485066,8.77925074284612,22.600824841269397,1.4149508270614009,-9.726094939490505,1.3345702695574813,57,14.397717772268015,2.237229096600246,-5.99497410235773,1.865743776371554,28,82.14285714285714,0.5259753893148215,0.0
candidate_10,28,"6,7",2025-12-08 12:00:00,2026-06-11 14:00:00,12132,approx_full_backtest,5.646171074367731,7.534708865015355,19.258027652216512,1.066192086419382,-9.726094939490505,1.4086086346639093,69,12.725559452195444,1.9898994022308436,-6.726745094389697,1.7671127196209107,25,84.0,0.5309056379683581,0.0
candidate_11,1,"0,1",2024-06-01 00:00:00,2024-12-03 03:00:00,12995,approx_full_backtest,7.990622998004309,2.2888713261216487,24.993940687986836,1.2620996685422936,-9.118216409100077,1.5178229021668888,83,5.665599164852453,0.9104062060581786,-8.283470532409943,1.536152275958702,16,87.5,0.3884117818785521,27.86574398599722
candidate_11,2,"0,2",2024-06-01 00:00:00,2025-03-05 17:00:00,11459,approx_full_backtest,7.755532452597131,6.877480188874157,23.601825831968636,1.3602143361794994,-7.958936745124012,1.362547951516238,71,9.656307951971122,1.5274893566614933,-5.881773821182968,2.2961804029650374,19,89.47368421052632,0.5247408308539289,0.0
candidate_11,3,"0,3",2024-06-01 00:00:00,2025-06-06 07:00:00,11459,approx_full_backtest,13.850384525792885,-50001.904166221306,35.29625618872538,1.9461432542137613,-7.958936745124012,1.9952237485192537,64,-1.904166221304704,-0.31566627772581235,-9.118216409100077,0.8881201519265665,24,83.33333333333334,-0.06080201945115423,116.2200946432045
candidate_11,4,"0,4",2024-06-01 00:00:00,2025-09-06 21:00:00,11459,approx_full_backtest,10.605402380918427,1.3379201618723604,30.374284597163204,1.7055505075173727,-9.118216409100077,1.67290009024458,67,2.6658370028763922,0.43360033699868517,-4.742132747388839,1.341519625767565,19,89.47368421052632,0.15862291979531654,74.57710369247049
candidate_11,5,"0,5",2024-06-01 00:00:00,2025-12-08 11:00:00,11459,approx_full_backtest,14.92018089427884,3.098130614242212,43.177142035275764,2.314816404024711,-9.118216409100077,1.8298725060731353,74,4.867226806741165,0.7846224504762356,-5.101143767210214,1.4462780184437936,17,82.35294117647058,0.31712188134864894,66.10433341011266
candidate_11,6,"0,6",2024-06-01 00:00:00,2026-03-11 01:00:00,11459,approx_full_backtest,14.229840490859054,-50003.0877433422,38.48077839030868,2.097478157660726,-9.118216409100077,2.2177457327933947,77,-3.087743342197713,-0.5144653817748313,-7.598355833186943,0.8271458924805866,15,80.0,-0.17128644252962325,124.52780639911903
candidate_11,7,"0,7",2024-06-01 00:00:00,2026-06-11 14:00:00,11796,approx_full_backtest,8.066343913079626,6.851078813120529,24.19400512587737,1.3509763140646225,-9.118216409100077,1.6249732876729217,69,10.121704968326384,1.5985890849635531,-5.994973935989778,2.2391036130648194,21,90.47619047619048,0.4989166125297649,0.0
candidate_11,8,"1,2",2024-09-01 14:00:00,2025-03-05 17:00:00,11795,approx_full_backtest,6.969087743589809,10.446615284070027,22.57356135624835,1.2687874034205127,-7.958936745124012,1.3462415540329835,70,16.90753565668972,2.6022536626353343,-8.283470532409943,2.9373343958100278,25,92.0,0.6728342590726232,0.0
candidate_11,9,"1,3",2024-09-01 14:00:00,2025-06-06 07:00:00,10259,approx_full_backtest,7.2336996745606665,0.18783493224723757,19.5251242916304,1.2784755432983408,-7.958936745124012,1.6321340990848814,53,4.582603586092948,0.7395864861154733,-9.118216409100077,1.2204212283348572,30,86.66666666666667,0.1797177407921075,42.15090855727963
candidate_11,10,"1,4",2024-09-01 14:00:00,2025-09-06 21:00:00,10259,approx_full_backtest,4.313155537476494,4.731026458549078,15.176894098026782,1.011505993336681,-9.118216409100077,1.3923732738020465,56,9.45480678954338,1.4967847951847135,-8.283470532409943,1.974308650284852,25,92.0,0.3945846466680777,0.0
candidate_11,11,"1,5",2024-09-01 14:00:00,2025-12-08 11:00:00,10259,approx_full_backtest,8.463845271688973,6.446628273567684,26.487355818740333,1.6877103984651365,-9.118216409100077,1.511339875447492,63,11.801767596415647,1.8515228090608682,-8.283470532409943,1.8934031316544926,23,86.95652173913044,0.5322544640659983,0.0
candidate_11,12,"1,6",2024-09-01 14:00:00,2026-03-11 01:00:00,10259,approx_full_backtest,7.572369978419347,-0.07569625156835297,22.338435041506255,1.4464394971711148,-9.118216409100077,1.8032946364309506,66,3.3207602225187705,0.5386829059049303,-8.283470532409943,1.1248130030359522,21,85.71428571428571,0.20388019298317045,62.75800633497194
candidate_11,13,"1,7",2024-09-01 14:00:00,2026-06-11 14:00:00,10596,approx_full_backtest,1.890367102082245,10.363514985106747,9.717033694114097,0.6414910440091681,-9.118216409100077,1.2841279585734866,58,17.403707918005495,2.6743495053135335,-8.283470532409943,2.7594550780462326,27,92.5925925925926,0.6417788723598515,0.0
candidate_11,14,"2,3",2024-12-03 04:00:00,2025-06-06 07:00:00,11795,approx_full_backtest,1.8222480296456613,2.985628481802814,11.248743163598895,0.6624931486700403,-10.231312229328138,1.3213656600583101,59,8.532410509154387,1.3556250470185605,-9.118216409100077,1.5197685316119682,33,87.87878787878788,0.2771824090888195,0.0
candidate_11,15,"2,4",2024-12-03 04:00:00,2025-09-06 21:00:00,10259,approx_full_backtest,-0.47339606093372266,9.258835076952247,7.980845534180525,0.5484022121778453,-10.231312229328138,1.0607209032990639,51,13.588623875707206,2.117453743931419,-5.881773821182968,2.9566373928992493,28,92.85714285714286,0.48643226581677707,0.0
candidate_11,16,"2,5",2024-12-03 04:00:00,2025-12-08 11:00:00,10259,approx_full_backtest,4.213549415408891,10.673056144692339,18.58464961788131,1.2215064475407544,-10.231312229328138,1.1228275360160238,58,16.024223153274143,2.4743610370669966,-5.881773821182968,2.5120105683138396,26,88.46153846153845,0.6152823057571453,0.0
candidate_11,17,"2,6",2024-12-03 04:00:00,2026-03-11 01:00:00,10259,approx_full_backtest,3.1219263074423447,3.215047935909485,14.694946070234248,0.981341692181048,-10.231312229328138,1.2628115170177034,61,7.222910676125771,1.1534929095273094,-7.598355833186943,1.3739767042207631,24,87.5,0.33487380536726646,0.0
candidate_11,18,"2,7",2024-12-03 04:00:00,2026-06-11 14:00:00,10596,approx_full_backtest,-40000.057815105036,14.84691946355496,2.8621075483193037,0.19477207053750778,-10.231312229328138,0.9117734449460034,53,21.837733869041266,3.3023612609750286,-5.994973935989778,3.8949257905142542,30,93.33333333333333,0.7027838943294602,0.0
candidate_11,19,"3,4",2025-03-05 18:00:00,2025-09-06 21:00:00,11795,approx_full_backtest,7.8901513477809875,-1.7701875480049147,24.534183819055944,1.3683810707872501,-10.231312229328138,1.6293805450650614,57,1.6135868056263547,0.26358774734196455,-9.118216409100077,1.1009270901968642,33,87.87878787878788,0.06638724817628504,80.7372556542076
candidate_11,20,"3,5",2025-03-05 18:00:00,2025-12-08 11:00:00,10259,approx_full_backtest,9.99157841571385,-0.30306787677445446,29.804386195413592,1.8753740637444505,-10.231312229328138,1.6879993170632797,51,3.792413964282515,0.614015655510336,-9.118216409100077,1.2041171677035067,31,83.87096774193549,0.14735534505269116,67.259030217984
candidate_11,21,"3,6",2025-03-05 18:00:00,2026-03-11 01:00:00,10259,approx_full_backtest,8.935112440507783,-50004.081023523424,25.54666326827755,1.633657899384855,-10.231312229328138,2.1331146774015193,54,-4.081023523425498,-0.6828730990833365,-9.118216409100077,0.8389492852469572,29,82.75862068965517,-0.11697768704268814,141.80025079549816
candidate_11,22,"3,7",2025-03-05 18:00:00,2026-06-11 14:00:00,10596,approx_full_backtest,2.961134521852702,3.244958797095612,12.594275701792634,0.8212928516894813,-10.231312229328138,1.4244940933719925,46,8.993037544408278,1.426565724938822,-9.118216409100077,1.5741955845724946,35,88.57142857142857,0.27583407362375584,0.0
candidate_11,23,"4,5",2025-06-06 08:00:00,2025-12-08 11:00:00,11795,approx_full_backtest,7.590918716744116,5.608129194733253,26.038662362059007,1.4438116031923798,-10.231312229328138,1.4044088416028746,63,8.627804502196735,1.3702701248843763,-5.101143767210214,1.7898913431537595,26,88.46153846153845,0.3477346015220053,5.093564710617201
candidate_11,24,"4,6",2025-06-06 08:00:00,2026-03-11 01:00:00,10259,approx_full_backtest,6.433885316021316,-1.9485113748667202,20.97937421365714,1.3657520905266285,-10.231312229328138,1.662949529643093,57,0.387566169659892,0.06363344490920575,-7.598355833186943,1.0131328584865877,24,87.5,0.04503045911253164,95.34077631287616
candidate_11,25,"4,7",2025-06-06 08:00:00,2026-06-11 14:00:00,10596,approx_full_backtest,0.7905763719578531,9.185603999999058,8.498184339118819,0.5639967785870947,-10.231312229328138,1.2101764687255163,49,14.0707102018929,2.1890999480115525,-5.994973935989778,2.7484199050875646,30,93.33333333333333,0.4709092173256723,0.0
candidate_11,26,"5,6",2025-09-06 22:00:00,2026-03-11 01:00:00,11795,approx_full_backtest,10.451010609779301,-0.29884398271389795,30.341979077305314,1.6549960885275938,-10.231312229328138,1.929426366909389,71,2.5401046483993994,0.41336249949068815,-7.598355833186943,1.1199603066710613,22,81.81818181818183,0.1571803420689445,75.0233548975668
candidate_11,27,"5,7",2025-09-06 22:00:00,2026-06-11 14:00:00,10596,approx_full_backtest,4.8622170554336925,10.639468608142858,19.15279150095184,1.21565734848319,-10.231312229328138,1.316752644405643,56,16.51664651029725,2.5463382126161394,-5.994973935989778,2.435263069811077,28,89.28571428571429,0.5894468938066496,0.0
candidate_11,28,"6,7",2025-12-08 12:00:00,2026-06-11 14:00:00,12132,approx_full_backtest,5.227433438440935,3.449230192695468,18.692798868909264,1.037282940304185,-10.231312229328138,1.524696273851644,68,7.677980007253105,1.2242466100186755,-7.598355833186943,1.4362111335531618,26,88.46153846153845,0.3286209386813388,0.0
candidate_12,1,"0,1",2024-06-01 00:00:00,2024-12-03 03:00:00,12995,approx_full_backtest,7.306156551860903,2.9184824998867707,23.467101989317605,1.192156617279383,-9.118216219689879,1.481892756761228,87,5.6613100652255,0.909732582139533,-6.828037908275897,1.551459820527221,16,87.5,0.3875837884934076,23.690178878037766
candidate_12,2,"0,2",2024-06-01 00:00:00,2025-03-05 17:00:00,11459,approx_full_backtest,9.482669256329613,3.5511521343938286,26.190167506303432,1.494241377601302,-7.797107630780964,1.408886840785936,75,6.0907829132272,0.9770702663264297,-5.881773613753872,1.7324335171295584,19,89.47368421052632,0.3429153065219962,34.61094833989167
candidate_12,3,"0,3",2024-06-01 00:00:00,2025-06-06 07:00:00,11459,approx_full_backtest,13.767981456814322,-50003.44043393251,35.765357944418376,1.9686440302995045,-7.797107630780964,1.9899083605918004,68,-3.4404339325084687,-0.5740971983669851,-9.118216219689879,0.8038683383871905,23,82.6086956521739,-0.13672038301032055,129.16206228912006
candidate_12,4,"0,4",2024-06-01 00:00:00,2025-09-06 21:00:00,11459,approx_full_backtest,12.04216615569535,-50001.257274660216,34.13739555732431,1.8902430933231074,-9.118216219689879,1.7661909982107045,71,-1.2572746602165785,-0.2078569880657355,-4.615045005255702,0.8973495509887753,19,84.21052631578947,-0.05767038779897504,110.9963098820436
candidate_12,5,"0,5",2024-06-01 00:00:00,2025-12-08 11:00:00,11459,approx_full_backtest,14.725730689730339,1.4179511772795308,42.80499681487571,2.29783961389618,-9.118216219689879,1.7743906165234886,79,3.0367379277850715,0.49318001302698367,-5.101143936841412,1.3048548859300948,16,81.25,0.2195565551003023,78.53723079520091
candidate_12,6,"0,6",2024-06-01 00:00:00,2026-03-11 01:00:00,11459,approx_full_backtest,13.850483431874627,-50003.72009535498,37.68201666959421,2.059827938020975,-9.118216219689879,2.070729141151426,82,-3.720095354977304,-0.6215109770355554,-7.435892734862515,0.7851975471609284,14,78.57142857142857,-0.2408167794934696,130.1729559815897
candidate_12,7,"0,7",2024-06-01 00:00:00,2026-06-11 14:00:00,11796,approx_full_backtest,7.573862427877453,7.3596563070754515,23.1342910331948,1.2972010528418343,-9.118216219689879,1.5700099235005163,73,10.669124319089573,1.681492850056232,-5.521824472970948,2.3647130372494036,22,90.9090909090909,0.49963934468262305,0.0
candidate_12,8,"1,2",2024-09-01 14:00:00,2025-03-05 17:00:00,11795,approx_full_backtest,7.296575317841241,10.530012861530945,23.18556085328909,1.3000345839550231,-7.797107630780964,1.361236844862591,73,16.72917835961931,2.576494964029452,-6.828037908275897,2.6289195438680424,27,92.5925925925926,0.6193912705616994,0.0
candidate_12,9,"1,3",2024-09-01 14:00:00,2025-06-06 07:00:00,10259,approx_full_backtest,6.107147415246511,1.3389701730044798,18.06597642560348,1.1899081238074594,-7.797107630780964,1.586956323945539,56,6.24220597032068,1.0007578069617162,-9.118216219689879,1.304787780546531,31,87.09677419354838,0.22785821522614785,15.89621190588239
candidate_12,10,"1,4",2024-09-01 14:00:00,2025-09-06 21:00:00,10259,approx_full_backtest,4.775212584788902,4.491687624578228,16.650247319691868,1.1029990432696923,-9.118216219689879,1.4402770339857207,59,8.644284464653706,1.3727990732463002,-6.828037908275897,1.7080918640536784,27,88.88888888888889,0.33749763381731224,0.0
candidate_12,11,"1,5",2024-09-01 14:00:00,2025-12-08 11:00:00,10259,approx_full_backtest,7.216054919673687,8.22725010348983,24.187875631028465,1.5549136721153323,-9.118216219689879,1.436146904978381,67,13.368884920032208,2.084940138762681,-6.828037908275897,2.0025479088816684,24,87.5,0.5717115984521998,0.0
candidate_12,12,"1,6",2024-09-01 14:00:00,2026-03-11 01:00:00,10259,approx_full_backtest,6.241647837611414,2.336820470954908,19.73276526841843,1.2909972379761658,-9.118216219689879,1.6502466330499717,70,5.934501123893354,0.9525930185003917,-7.435892734862515,1.2794571051981496,22,86.36363636363636,0.3107608440154265,26.212621492999794
candidate_12,13,"1,7",2024-09-01 14:00:00,2026-06-11 14:00:00,10596,approx_full_backtest,0.714761622447248,13.798460022700768,7.081589312793168,0.4729048375742284,-9.118216219689879,1.2006416840719167,61,21.7666190861455,3.2924407579569825,-6.828037908275897,3.16821714131696,30,93.33333333333333,0.706674635475522,0.0
candidate_12,14,"2,3",2024-12-03 04:00:00,2025-06-06 07:00:00,11795,approx_full_backtest,4.345313616460107,1.6225296266838067,15.326390943630619,0.8872030699683231,-8.685124580006354,1.4509938712913995,61,6.674039938193044,1.0681562328400673,-9.118216219689879,1.3798551409168591,34,88.23529411764706,0.21698984941276436,0.0
candidate_12,15,"2,4",2024-12-03 04:00:00,2025-09-06 21:00:00,10259,approx_full_backtest,1.7670386326255634,5.245692593460318,11.262829895306847,0.7630628569268216,-8.685124580006354,1.134937023451698,53,9.085881963675257,1.440445764546161,-5.881773613753872,1.8752959758084735,30,90.0,0.31421621070302785,0.0
candidate_12,16,"2,5",2024-12-03 04:00:00,2025-12-08 11:00:00,10259,approx_full_backtest,4.536450620196966,8.819701060148265,18.452337640797232,1.2134580240657167,-8.685124580006354,1.1211772536665423,61,13.829686114446037,2.1530620461684524,-5.881773613753872,2.176196606843323,27,88.88888888888889,0.5198195766991185,0.0
candidate_12,17,"2,6",2024-12-03 04:00:00,2026-03-11 01:00:00,10259,approx_full_backtest,3.511152847761961,2.534886139202274,14.202983714599227,0.9504289498168061,-8.685124580006354,1.2383525626978376,64,6.36508438915131,1.019959303719653,-7.435892734862515,1.3518799239230392,25,88.0,0.2860315510545115,0.0
candidate_12,18,"2,7",2024-12-03 04:00:00,2026-06-11 14:00:00,10596,approx_full_backtest,-40000.070414244634,14.524253653357238,2.136094267990174,0.1458476618874549,-8.685124580006354,0.8916899489516029,55,22.261553860834393,3.3613839638757304,-5.881773613753872,3.5298587781491837,33,93.93939393939394,0.6519481597663355,0.0
candidate_12,19,"3,4",2025-03-05 18:00:00,2025-09-06 21:00:00,11795,approx_full_backtest,7.579788773066143,-50000.71441517104,22.266167296566188,1.2530373670155415,-8.685124580006354,1.5646797679704154,60,-0.7144151710392177,-0.11783988049135496,-9.118216219689879,0.9602123958056421,34,85.29411764705883,-0.006866862119543058,109.40433889629513
candidate_12,20,"3,5",2025-03-05 18:00:00,2025-12-08 11:00:00,10259,approx_full_backtest,9.923227461120147,-0.4426199631997566,27.440388874613618,1.7420925798893316,-8.685124580006354,1.6028175478173217,54,3.60320467989772,0.5838294882531292,-9.118216219689879,1.1895831256672529,31,83.87096774193549,0.14113448186196453,66.48688508332792
candidate_12,21,"3,6",2025-03-05 18:00:00,2026-03-11 01:00:00,10259,approx_full_backtest,8.364918702757933,-50003.19077575524,22.868597995629525,1.4776897134535893,-8.685124580006354,1.928682664116028,57,-3.190775755241859,-0.5318670044044738,-9.118216219689879,0.8675781669804461,29,82.75862068965517,-0.0865231329928452,135.99314521594783
candidate_12,22,"3,7",2025-03-05 18:00:00,2026-06-11 14:00:00,10596,approx_full_backtest,2.385105427291559,4.710764084145372,9.886084402304052,0.6521759065813759,-8.685124580006354,1.3303155996519285,48,11.277551766163118,1.77323490080612,-9.118216219689879,1.7090890151482274,37,89.1891891891892,0.32038728754415596,0.0
candidate_12,23,"4,5",2025-06-06 08:00:00,2025-12-08 11:00:00,11795,approx_full_backtest,8.851997641709554,3.3852812114206134,27.6457789246483,1.5234607759192054,-9.118216219689879,1.4551379826121942,66,5.945616790345487,0.9543349785394728,-5.101143936841412,1.466589705560162,27,85.18518518518519,0.2379259399547313,37.35743029132739
candidate_12,24,"4,6",2025-06-06 08:00:00,2026-03-11 01:00:00,10259,approx_full_backtest,7.043801100648503,-50001.00197184735,21.39528065517984,1.3905334656457269,-9.118216219689879,1.6626117003084122,60,-1.0019718473452177,-0.16547123710366485,-7.435892734862515,0.9408931434406305,25,84.0,-0.01841357662942663,111.8998385290083
candidate_12,25,"4,7",2025-06-06 08:00:00,2026-06-11 14:00:00,10596,approx_full_backtest,1.4287760073788927,8.714044820376463,8.568440380437782,0.5684856080105494,-9.118216219689879,1.2223460561118566,51,13.793476690333083,2.1482061947672326,-5.521824472970948,2.4035633647293215,33,90.9090909090909,0.4213079115209277,0.0
candidate_12,26,"5,6",2025-09-06 22:00:00,2026-03-11 01:00:00,11795,approx_full_backtest,9.613445078114747,0.34761137994486374,26.790456007644224,1.4811885921465207,-9.118216219689879,1.7366751106175842,75,3.3031430622548097,0.5358635226987651,-7.435892734862515,1.1684374644807338,22,81.81818181818183,0.1885592197295316,63.82205982816826
candidate_12,27,"5,7",2025-09-06 22:00:00,2026-06-11 14:00:00,10596,approx_full_backtest,4.631609996034743,12.232821570759747,15.583843851349233,1.0036380196671635,-9.118216219689879,1.208603312303283,59,18.741999426153242,2.865956622477217,-5.521824472970948,2.634545983033791,30,90.0,0.6170601109991992,0.0
candidate_12,28,"6,7",2025-12-08 12:00:00,2026-06-11 14:00:00,12132,approx_full_backtest,3.6724719848335,5.771166246030344,13.775310392753815,0.7801682700282475,-9.118216219689879,1.3570639639218611,70,10.955263258838798,1.7246908111076875,-7.435892734862515,1.6767146722915973,28,89.28571428571429,0.41526655483794883,0.0
candidate_13,1,"0,1",2024-06-01 00:00:00,2024-12-03 03:00:00,12995,approx_full_backtest,8.210258320389293,0.8689090787658313,25.621900269036768,1.290632149842108,-9.297451717018612,1.734237632352537,88,4.888692266668815,0.7880147892688649,-10.543788899595208,1.844025707933882,16,93.75,0.32789163541910293,38.94350227016518
candidate_13,2,"0,2",2024-06-01 00:00:00,2025-03-05 17:00:00,11459,approx_full_backtest,8.572398364383167,11.297699921518017,24.107823415314012,1.3866207552090337,-6.726745074711571,1.489204379635059,77,12.004963624310715,1.8819418994143744,-5.947710288582142,inf,17,100.0,0.7053446006001969,0.0
candidate_13,3,"0,3",2024-06-01 00:00:00,2025-06-06 07:00:00,11459,approx_full_backtest,13.477201660066186,-50002.40228147807,34.12038890897715,1.8894193791387126,-7.611198432428412,2.4643293871408303,70,-2.4022814780662483,-0.3990864448608189,-9.297451717018612,0.7884041881510282,23,86.95652173913044,-0.0940940637949048,121.12217378879333
candidate_13,4,"0,4",2024-06-01 00:00:00,2025-09-06 21:00:00,11459,approx_full_backtest,10.431541690420351,3.9729067268534215,29.68794327137232,1.6713277690127537,-9.297451717018612,2.006271610912665,69,4.456179891117507,0.7195495970010901,-3.398935362125899,2.0355153414157985,22,90.9090909090909,0.21183060335571488,56.94742764753289
candidate_13,5,"0,5",2024-06-01 00:00:00,2025-12-08 11:00:00,11459,approx_full_backtest,9.977910503291447,15.988115866442753,30.722011068106635,1.722824715172333,-9.297451717018612,1.6812773061325705,77,15.489455258029029,2.396537429164569,-2.687567866148999,inf,17,100.0,0.897123215303807,0.0
candidate_13,6,"0,6",2024-06-01 00:00:00,2026-03-11 01:00:00,11459,approx_full_backtest,10.502132108009695,-50001.298737219084,29.02135328921005,1.6379271773017123,-9.297451717018612,2.2145006864047,82,-1.298737219080659,-0.21474930445823937,-6.726745074711571,0.8397917043354863,13,84.61538461538461,-0.0784844936201907,113.11104104225274
candidate_13,7,"0,7",2024-06-01 00:00:00,2026-06-11 14:00:00,11796,approx_full_backtest,8.936114153683908,8.924351326629107,25.95202052641814,1.4392447588567503,-9.297451717018612,2.056631618373426,74,10.389655991716506,1.6392117669026707,-4.21759867712812,3.3567009616452803,22,95.45454545454545,0.4798478738318956,0.0
candidate_13,8,"1,2",2024-09-01 14:00:00,2025-03-05 17:00:00,11795,approx_full_backtest,7.993881720189309,6.799775292066644,23.37148399740585,1.3094985226516753,-6.726745074711571,1.473566698803861,76,12.748376384234273,1.992841651853916,-10.543788899595208,3.2467030433422046,25,96.0,0.5157082745084332,0.0
candidate_13,9,"1,3",2024-09-01 14:00:00,2025-06-06 07:00:00,10259,approx_full_backtest,9.473440234046794,-50001.75449421096,22.624876870039422,1.463339266419461,-6.726745074711571,2.06835431091975,58,-1.7544942109590567,-0.2906696199545644,-10.543788899595208,0.8871905967977094,31,87.09677419354838,-0.040719832734688044,119.86344702317618
candidate_13,10,"1,4",2024-09-01 14:00:00,2025-09-06 21:00:00,10259,approx_full_backtest,5.688735050446967,0.09685584946100378,18.572337916299087,1.2207578893790538,-9.297451717018612,1.7004035642951865,57,5.149488959494097,0.8291840710588971,-10.543788899595208,1.523276644588162,30,90.0,0.18540406421110694,32.07628815893487
candidate_13,11,"1,5",2024-09-01 14:00:00,2025-12-08 11:00:00,10259,approx_full_backtest,5.409512255629689,10.093148416957053,19.51777534964767,1.2780319986136934,-9.297451717018612,1.401807917714207,65,16.255995703177682,2.5079973251957544,-10.543788899595208,4.0399047320292105,25,96.0,0.6461177325068883,0.0
candidate_13,12,"1,6",2024-09-01 14:00:00,2026-03-11 01:00:00,10259,approx_full_backtest,5.739909166972592,-50000.643625375844,17.962881627435134,1.1836120824923357,-9.297451717018612,1.8305362057057466,70,-0.6436253758410948,-0.10613182629729545,-10.543788899595208,0.9267245246403711,21,85.71428571428571,-0.005640464978809429,108.96677449201206
candidate_13,13,"1,7",2024-09-01 14:00:00,2026-06-11 14:00:00,10596,approx_full_backtest,4.3634027351104505,4.537620399026477,15.156622600211712,0.9778509854594608,-9.297451717018612,1.6749491936369407,62,11.1223474383481,1.7498722304540637,-10.543788899595208,2.175054719475282,30,93.33333333333333,0.38195006256030617,0.0
candidate_13,14,"2,3",2024-12-03 04:00:00,2025-06-06 07:00:00,11795,approx_full_backtest,5.48105415250519,0.5674434133710923,17.07140804442706,0.9810975056908866,-8.283470538475024,1.6875884647204988,63,4.9110639512696785,0.7915497279038508,-9.297451717018612,1.3665814006330885,32,90.625,0.17132116339757408,19.319973467219924
candidate_13,15,"2,4",2024-12-03 04:00:00,2025-09-06 21:00:00,10259,approx_full_backtest,2.6351242653718847,8.911858458897393,13.57999394066567,0.9111050567144785,-8.283470538475024,1.2451258099921412,52,12.283454312505903,1.923558021967664,-5.947710288582142,3.8479695554670337,31,93.54838709677419,0.39699077322035187,0.0
candidate_13,16,"2,5",2024-12-03 04:00:00,2025-12-08 11:00:00,10259,approx_full_backtest,3.1256672693883214,18.229127004302498,14.485624881558623,0.9682039539616216,-8.283470538475024,1.0250220203758449,60,24.14349238655049,3.6205926820465972,-5.947710288582142,inf,26,100.0,0.8806744367757655,0.0
candidate_13,17,"2,6",2024-12-03 04:00:00,2026-03-11 01:00:00,10259,approx_full_backtest,3.3696189741310674,3.0420094622497094,12.996198067085697,0.874072885652688,-8.283470538475024,1.256283596781576,65,6.0973007207437036,0.9780904471644369,-6.726745074711571,1.4491037061953322,22,90.9090909090909,0.30118828540648646,0.0
candidate_13,18,"2,7",2024-12-03 04:00:00,2026-06-11 14:00:00,10596,approx_full_backtest,1.664518408496113,13.754781727817823,10.308093160754407,0.678782359205421,-8.283470538475024,1.1338807885673692,57,18.66154695719593,2.854489113359615,-5.947710288582142,4.937945506180792,31,96.7741935483871,0.5871965780744156,0.0
candidate_13,19,"3,4",2025-03-05 18:00:00,2025-09-06 21:00:00,11795,approx_full_backtest,9.193652749492387,-50002.159613163036,27.39654457353491,1.511170494602876,-10.543788899595208,2.16499479981631,59,-2.159613163038532,-0.35840206303952016,-9.297451717018612,0.8658981805686147,37,86.48648648648648,-0.04995426236906082,123.71685156106132
candidate_13,20,"3,5",2025-03-05 18:00:00,2025-12-08 11:00:00,10259,approx_full_backtest,7.128994189990111,3.272945847786256,23.72190657327433,1.5277255676056978,-10.543788899595208,1.6786997181460108,53,8.174863275814426,1.3006377955202097,-9.297451717018612,1.6935355259505926,32,90.625,0.27320355245886696,14.864434876310117
candidate_13,21,"3,6",2025-03-05 18:00:00,2026-03-11 01:00:00,10259,approx_full_backtest,7.719785216578042,-50007.55003924279,22.11231824828954,1.4330728660976844,-10.543788899595208,2.4961998900342537,58,-7.5500392427914065,-1.282701624193694,-9.297451717018612,0.6617405592097426,28,82.14285714285714,-0.26888854994798067,189.50707633496282
candidate_13,22,"3,7",2025-03-05 18:00:00,2026-06-11 14:00:00,10596,approx_full_backtest,6.3293386540602325,-0.5093020883066581,19.207346864988352,1.2188521849887168,-10.543788899595208,2.251934522080178,50,3.3980627693534604,0.5511737884666523,-9.297451717018612,1.259589782925517,37,89.1891891891892,0.10940735791407366,54.77927551389222
candidate_13,23,"4,5",2025-06-06 08:00:00,2025-12-08 11:00:00,11795,approx_full_backtest,4.779039691350641,13.49800382540957,19.629470122829495,1.1163934872431724,-10.543788899595208,1.3591983782755823,63,15.776609834338462,2.4383637506032896,-3.398935362125899,4.872896462719597,31,93.54838709677419,0.5021596909610413,0.0
candidate_13,24,"4,6",2025-06-06 08:00:00,2026-03-11 01:00:00,10259,approx_full_backtest,6.306909934866688,-50001.053325036366,18.076718465733176,1.1905638508100225,-10.543788899595208,1.8726373756183863,57,-1.053325036368924,-0.17398962571106846,-6.726745074711571,0.9074798044917102,27,85.18518518518519,-0.026090468793885796,114.61405245864734
candidate_13,25,"4,7",2025-06-06 08:00:00,2026-06-11 14:00:00,10596,approx_full_backtest,4.315519202980797,7.399035288757159,15.26775133532765,0.9845672655970361,-10.543788899595208,1.7063430228942547,49,10.664130356708746,1.6807380909857672,-4.21759867712812,2.309335519881688,36,91.66666666666666,0.3020141384424796,0.0
candidate_13,26,"5,6",2025-09-06 22:00:00,2026-03-11 01:00:00,11795,approx_full_backtest,7.243955069562144,6.048745995409993,22.52367575829508,1.266233921281934,-10.543788899595208,1.9338353090603593,74,9.398004053513542,1.488120713353558,-6.726745074711571,1.7936642808992769,22,90.9090909090909,0.4493808513138217,0.0
candidate_13,27,"5,7",2025-09-06 22:00:00,2026-06-11 14:00:00,10596,approx_full_backtest,4.054577641530933,17.887960337491933,16.186839622574432,1.0398841729556851,-10.543788899595208,1.31913182160297,57,22.353125921529205,3.374114157018182,-4.21759867712812,5.832125380119918,31,96.7741935483871,0.692365495815105,0.0
candidate_13,28,"6,7",2025-12-08 12:00:00,2026-06-11 14:00:00,12132,approx_full_backtest,3.9181519014204564,1.658366475448502,15.676647173220903,0.8807971517172719,-10.543788899595208,1.6444254015746047,70,4.567191928184244,0.7373115729500945,-6.726745074711571,1.3149992737602938,27,88.88888888888889,0.1922939738163355,16.2904226571835
candidate_14,1,"0,1",2024-06-01 00:00:00,2024-12-03 03:00:00,12995,approx_full_backtest,7.709288290292221,-1.982350832242779,26.204178890793848,1.3169690104764875,-10.526565683836054,1.4598534588094614,84,0.3267526167651136,0.053662224290951244,-7.9945308424962835,1.0602618979979967,20,80.0,0.1054690337116869,95.9253236891629
candidate_14,2,"0,2",2024-06-01 00:00:00,2025-03-05 17:00:00,11459,approx_full_backtest,8.57065189899291,10.209250289149011,26.18621517984785,1.4940386913133041,-9.914466047409686,1.3358649717468856,74,12.839835876115124,2.0064430237493935,-5.862926886393938,3.0520056538126057,18,88.88888888888889,0.6974060162186912,0.0
candidate_14,3,"0,3",2024-06-01 00:00:00,2025-06-06 07:00:00,11459,approx_full_backtest,10.289947207865415,-29999.02096335004,30.52400968331801,1.7129937681866325,-9.914466047409686,1.6218654410381215,68,0.043278447402772535,0.00711598180538342,-10.526565683836054,0.9790366499577571,24,83.33333333333334,0.015164425116542812,99.58458799223091
candidate_14,4,"0,4",2024-06-01 00:00:00,2025-09-06 21:00:00,11459,approx_full_backtest,7.752394057101097,-0.6829371266863178,25.356405032120843,1.4513515346188388,-10.526565683836054,1.4457984933727277,69,1.3118610951698972,0.21456644579009865,-5.862926886393938,1.0760730586696412,21,80.95238095238095,0.05908708597893396,85.21609405632735
candidate_14,5,"0,5",2024-06-01 00:00:00,2025-12-08 11:00:00,11459,approx_full_backtest,13.148752021260659,1.1309693830430063,40.607648176080446,2.1967469744670787,-10.526565683836054,1.5969921280312742,77,3.30840350860655,0.5367054265574378,-5.862926886393938,1.191751944699067,17,76.47058823529412,0.2061431622469695,75.5681727210463
candidate_14,6,"0,6",2024-06-01 00:00:00,2026-03-11 01:00:00,11459,approx_full_backtest,9.866702594947089,-0.7841347628672957,29.82920678470191,1.6783853659830594,-10.526565683836054,1.6391931463671119,80,1.8602996099780889,0.3035808157711539,-7.368260934935888,1.08814628172319,15,80.0,0.14741681014507127,81.91232943732554
candidate_14,7,"0,7",2024-06-01 00:00:00,2026-06-11 14:00:00,11796,approx_full_backtest,3.4164476067836587,8.22478754552897,14.879006309255448,0.8627690122756215,-10.526565683836054,1.271293130224393,73,12.207248585303754,1.9126134997879074,-5.994973889526789,2.2112787958502196,21,85.71428571428571,0.575687408872657,0.0
candidate_14,8,"1,2",2024-09-01 14:00:00,2025-03-05 17:00:00,11795,approx_full_backtest,8.344165762026968,6.526904432801331,26.072254095739833,1.445486144366659,-9.914466047409686,1.3357930216990188,74,11.591977723332803,1.8200680938937897,-7.9945308424962835,1.7472301475379612,28,85.71428571428571,0.4885062126541158,0.0
candidate_14,9,"1,3",2024-09-01 14:00:00,2025-06-06 07:00:00,10259,approx_full_backtest,10.200653089678703,-50001.0630668399,25.474543470208033,1.6294983625552373,-9.914466047409686,1.68430489623162,56,-1.063066839900939,-0.17560599803888577,-10.526565683836054,1.004305056937374,34,82.35294117647058,0.04378858426987725,110.77669067206153
candidate_14,10,"1,4",2024-09-01 14:00:00,2025-09-06 21:00:00,10259,approx_full_backtest,6.246911110444637,-2.0041327357557717,20.506853341651098,1.3375012022156296,-10.526565683836054,1.4586411493286704,57,0.19148697498809764,0.031465435322575175,-7.9945308424962835,1.063634439852746,31,80.64516129032258,0.07631272477214243,97.64744620263134
candidate_14,11,"1,5",2024-09-01 14:00:00,2025-12-08 11:00:00,10259,approx_full_backtest,11.903032277394404,-0.5414676590494949,35.16808521373669,2.169606667783275,-10.526565683836054,1.6488334820004364,65,2.1659502910152506,0.3530158392494487,-7.9945308424962835,1.1344420189996807,27,77.77777777777779,0.17145553409545494,83.72903971528945
candidate_14,12,"1,6",2024-09-01 14:00:00,2026-03-11 01:00:00,10259,approx_full_backtest,8.813923495710942,-1.5432153622141844,24.806619793045883,1.5908697471444189,-10.526565683836054,1.7111746310567701,68,0.7338604909713053,0.1203171680577153,-7.9945308424962835,1.0734587169599759,25,80.0,0.13344471258219479,92.43701954395183
candidate_14,13,"1,7",2024-09-01 14:00:00,2026-06-11 14:00:00,10596,approx_full_backtest,2.496998031404611,5.508907648090474,10.434784419645737,0.6867513878642484,-10.526565683836054,1.244210575130187,61,10.966386004626383,1.7263681149514376,-7.9945308424962835,1.6287472333731892,31,83.87096774193549,0.4262677822162773,0.0
candidate_14,14,"2,3",2024-12-03 04:00:00,2025-06-06 07:00:00,11795,approx_full_backtest,5.290785176703714,4.434633890538776,18.765059492491943,1.07098096077467,-9.914466047409686,1.4234332669053738,62,11.276673556024019,1.7727000968206674,-10.526565683836054,1.6608676291747158,32,87.5,0.37289810883995417,0.0
candidate_14,15,"2,4",2024-12-03 04:00:00,2025-09-06 21:00:00,10259,approx_full_backtest,2.1794272814024027,9.361137625367885,13.614842197344924,0.9133100055415344,-9.914466047409686,1.1444982178193706,53,12.687699457665524,1.9838130126246023,-3.6168512614193404,2.2747301274485787,29,86.20689655172413,0.441711106401349,0.0
candidate_14,16,"2,5",2024-12-03 04:00:00,2025-12-08 11:00:00,10259,approx_full_backtest,8.315368458876323,10.06489372262337,27.43757094160262,1.7419323398990105,-8.943746132664664,1.2627090856934333,61,14.908424346220128,2.311639223362394,-5.67427915442722,2.086221402957032,25,84.0,0.6029290815311995,0.0
candidate_14,17,"2,6",2024-12-03 04:00:00,2026-03-11 01:00:00,10259,approx_full_backtest,5.404881785313012,8.248228253344033,17.668697005715472,1.1656179687014934,-7.776580396410681,1.2639648917995656,64,13.297719586203671,2.074398894353635,-7.368260934935888,1.8598829295420527,23,86.95652173913044,0.5991324100981552,0.0
candidate_14,18,"2,7",2024-12-03 04:00:00,2026-06-11 14:00:00,10596,approx_full_backtest,-40000.02666210905,17.131853768663706,4.1188136359643135,0.27870374484157967,-9.914466047409686,0.9380813623274545,57,24.806479407919024,3.712247078232278,-5.994973889526789,4.083078211746961,29,89.65517241379311,0.8158009953933552,0.0
candidate_14,19,"3,4",2025-03-05 18:00:00,2025-09-06 21:00:00,11795,approx_full_backtest,6.8998015642217725,-50000.09160500005,22.337920264057697,1.2567171146770084,-9.914466047409686,1.4355970778745293,61,-0.0916050000497326,-0.015070480933054853,-10.526565683836054,0.9957232638718808,35,82.85714285714286,0.01772171418570583,101.19919437374163
candidate_14,20,"3,5",2025-03-05 18:00:00,2025-12-08 11:00:00,10259,approx_full_backtest,11.454278923057968,-2.3821196756846197,31.818382221013696,1.9871558963729719,-9.2114045568362,1.5829041601951475,55,1.877279451578362,0.3063303336360512,-10.526565683836054,1.0763393331383189,31,80.64516129032258,0.09302790158517975,84.58448407620276
candidate_14,21,"3,6",2025-03-05 18:00:00,2026-03-11 01:00:00,10259,approx_full_backtest,7.284830456961302,-3.3814735150677193,21.713692145433395,1.4094524630994698,-9.2114045568362,1.6349208261273425,58,0.44923603453725924,0.07373991684036518,-10.526565683836054,1.0183821584188524,29,82.75862068965517,0.05485114976269511,94.7681870250376
candidate_14,22,"3,7",2025-03-05 18:00:00,2026-06-11 14:00:00,10596,approx_full_backtest,0.6591861559876819,3.5334170361458677,7.6980161411999815,0.5126802636662209,-9.914466047409686,1.1802051268780291,51,10.6528494525169,1.6790330545356946,-10.526565683836054,1.5612803319990092,35,85.71428571428571,0.3276819079219396,0.0
candidate_14,23,"4,5",2025-06-06 08:00:00,2025-12-08 11:00:00,11795,approx_full_backtest,8.053699933728051,0.928055363499046,27.439546020714477,1.5132925974798317,-10.526565683836054,1.3658097245016863,66,3.169117853115133,0.5144014750146475,-5.67427915442722,1.170728257788279,28,78.57142857142857,0.13431241256789853,66.00779810386251
candidate_14,24,"4,6",2025-06-06 08:00:00,2026-03-11 01:00:00,10259,approx_full_backtest,4.3549983081561905,-0.9500697597795895,16.894898705275164,1.1180875284307668,-10.526565683836054,1.4058288807700177,59,1.722966361976197,0.28132858265299543,-7.368260934935888,1.0869107760273717,26,80.76923076923077,0.09490638253379781,74.83841152867168
candidate_14,25,"4,7",2025-06-06 08:00:00,2026-06-11 14:00:00,10596,approx_full_backtest,-1.7115146776687258,7.011854351136797,3.434120399058216,0.23309281680019556,-10.526565683836054,1.0624590329404715,52,12.055965053284122,1.8899992141846456,-5.994973889526789,1.9181570299178945,32,84.375,0.3858046681258897,0.0
candidate_14,26,"5,6",2025-09-06 22:00:00,2026-03-11 01:00:00,11795,approx_full_backtest,8.36944247442296,0.6720831499797568,26.033663924060146,1.4435623962808508,-10.526565683836054,1.5538556800835446,75,3.7276103845699238,0.6036821698142791,-7.368260934935888,1.1592054063206831,22,77.27272727272727,0.2150532226599825,58.181082343957755
candidate_14,27,"5,7",2025-09-06 22:00:00,2026-06-11 14:00:00,10596,approx_full_backtest,3.985755585090973,8.681544492697146,16.018231431784578,1.029766785377495,-10.526565683836054,1.180960706914825,60,14.264240416988038,2.2175977297995697,-5.994973889526789,1.8524751124153596,28,82.14285714285714,0.5217626547381908,0.0
candidate_14,28,"6,7",2025-12-08 12:00:00,2026-06-11 14:00:00,12132,approx_full_backtest,2.640053475188305,7.050407801470493,13.019278254976241,0.7397152738899404,-10.526565683836054,1.2621720764303361,72,12.66256537021535,1.98052215486606,-7.368260934935888,1.7029262270391383,26,84.61538461538461,0.5121604894864202,0.0
candidate_15,1,"0,1",2024-06-01 00:00:00,2024-12-03 03:00:00,12995,approx_full_backtest,6.30368938343441,2.1195768409621576,21.946457682443544,1.1216812135472543,-9.91446613880127,1.4252421971058586,86,5.489383064552555,0.8827117800865203,-8.283470584692566,1.5119754701298111,16,87.5,0.3779500418958336,21.30457661005184
candidate_15,2,"0,2",2024-06-01 00:00:00,2025-03-05 17:00:00,11459,approx_full_backtest,5.543397224175536,6.698202744303793,20.588284007180423,1.200818738306686,-9.91446613880127,1.2752548901125225,74,9.47343654238162,1.499625560299589,-5.881773539911361,2.247922159709736,19,89.47368421052632,0.5159309445526923,0.0
candidate_15,3,"0,3",2024-06-01 00:00:00,2025-06-06 07:00:00,11459,approx_full_backtest,11.384313926977363,-50002.06775848425,31.99759179577033,1.7858262386409862,-9.91446613880127,1.8154168682395613,67,-2.067758484249904,-0.34302422795827736,-9.118216455619377,0.8805046090190314,24,83.33333333333334,-0.06777651277296655,119.20815253668347
candidate_15,4,"0,4",2024-06-01 00:00:00,2025-09-06 21:00:00,11459,approx_full_backtest,9.846791282207231,-0.724705711883458,29.660778067497162,1.6699697565459637,-9.91446613880127,1.6312426588014874,69,0.5459605711614746,0.0895807191817033,-4.9009923330057825,1.0622666892838248,20,85.0,0.042157356913646124,94.63578793384947
candidate_15,5,"0,5",2024-06-01 00:00:00,2025-12-08 11:00:00,11459,approx_full_backtest,16.71938459891859,-0.517412296954927,47.746378854075424,2.5199578424021096,-9.118216455619377,1.9938621755620989,75,0.8993675255487332,0.14735095933933184,-5.101143921190854,1.0654494396599514,18,77.77777777777779,0.07812308172866356,94.1526418871011
candidate_15,6,"0,6",2024-06-01 00:00:00,2026-03-11 01:00:00,11459,approx_full_backtest,14.042332400510324,-50001.719215913785,38.00074223323398,2.074875759632455,-9.118216455619377,2.1202341586071616,79,-1.7192159137816243,-0.28478244088655513,-6.726744974935983,0.8994555651024895,15,80.0,-0.07979114797093405,113.72527678172892
candidate_15,7,"0,7",2024-06-01 00:00:00,2026-06-11 14:00:00,11796,approx_full_backtest,4.779659783955191,7.9576513620724025,17.418818921152777,0.9994635366937343,-9.91446613880127,1.385410852115213,71,11.680265834952518,1.8337281107316583,-5.994974059823155,2.3793519455005967,22,90.9090909090909,0.5445297258293017,0.0
candidate_15,8,"1,2",2024-09-01 14:00:00,2025-03-05 17:00:00,11795,approx_full_backtest,4.767351566668007,10.446615491314988,19.585089664927047,1.1140694307961052,-9.91446613880127,1.2600654089450893,73,16.907536015975545,2.6022537144909874,-8.283470584692566,2.9373344748817476,25,92.0,0.6728342590726232,0.0
candidate_15,9,"1,3",2024-09-01 14:00:00,2025-06-06 07:00:00,10259,approx_full_backtest,4.787970771081857,0.18783506087794632,16.610976476069084,1.1005743393217138,-9.91446613880127,1.486560199693792,56,4.582603905883498,0.7395865367734844,-9.118216455619377,1.2204212455702552,30,86.66666666666667,0.1797177407921075,32.799947232161244
candidate_15,10,"1,4",2024-09-01 14:00:00,2025-09-06 21:00:00,10259,approx_full_backtest,3.6096832568146606,2.880260283991501,14.546559034891548,0.9720306973599602,-9.91446613880127,1.3588877638624481,58,7.373814854010163,1.1768910322292658,-8.283470584692566,1.610395337888048,26,88.46153846153845,0.3023582949456672,0.0
candidate_15,11,"1,5",2024-09-01 14:00:00,2025-12-08 11:00:00,10259,approx_full_backtest,10.09724911527744,3.135159457267537,30.523968464772032,1.9154964739000802,-9.118216455619377,1.6496222160928438,64,7.75122089471969,1.2352888519757022,-8.283470584692566,1.4332457299869887,24,83.33333333333334,0.3510160000595986,35.51077390079603
candidate_15,12,"1,6",2024-09-01 14:00:00,2026-03-11 01:00:00,10259,approx_full_backtest,7.253762957239674,1.2043037210500822,21.914355309892674,1.4213516309391494,-9.118216455619377,1.7313012501349139,68,4.9548152330975315,0.7984610260233671,-8.283470584692566,1.2430953216847398,21,85.71428571428571,0.27720482432144816,43.823821731165225
candidate_15,13,"1,7",2024-09-01 14:00:00,2026-06-11 14:00:00,10596,approx_full_backtest,-1.20238788755789,11.568221750006575,3.7316131664540952,0.25294476671480215,-9.91446613880127,1.0934605703844607,60,19.264226215451117,2.9402361945867206,-8.283470584692566,2.937895597600215,28,92.85714285714286,0.6784936606628236,0.0
candidate_15,14,"2,3",2024-12-03 04:00:00,2025-06-06 07:00:00,11795,approx_full_backtest,0.4532271792344742,2.985628607035065,8.355378422591663,0.49831059092617647,-10.381017601194586,1.2261292923088905,62,8.532410746223862,1.3556250834273254,-9.118216455619377,1.519768554214671,33,87.87878787878788,0.2771824090888194,0.0
candidate_15,15,"2,4",2024-12-03 04:00:00,2025-09-06 21:00:00,10259,approx_full_backtest,-0.8685796990618018,7.176071963420149,7.210800840176512,0.4971598587313997,-10.381017601194586,1.0370135786587493,53,11.42903830938975,1.7956037652192558,-5.881773539911361,2.2612127517465885,29,89.65517241379311,0.400579411888109,0.0
candidate_15,16,"2,5",2024-12-03 04:00:00,2025-12-08 11:00:00,10259,approx_full_backtest,5.631878710765811,7.235779461934697,22.16498955401731,1.4361885215338877,-10.381017601194586,1.2067559207996077,59,11.820697972647443,1.8543586968939874,-5.881773539911361,1.8036264078414384,27,85.18518518518519,0.4511063436147476,0.0
candidate_15,17,"2,6",2024-12-03 04:00:00,2026-03-11 01:00:00,10259,approx_full_backtest,2.649010493739942,4.936408241768612,14.10675079908823,0.9443676387266731,-10.381017601194586,1.2262590914252876,63,8.918679505471294,1.4148595995151059,-6.726744974935983,1.5503007554175257,24,87.5,0.39903285778825953,0.0
candidate_15,18,"2,7",2024-12-03 04:00:00,2026-06-11 14:00:00,10596,approx_full_backtest,-50002.91153733713,16.103884937565127,-2.911537337133152,-0.20353572913690554,-10.381017601194586,0.7924611345126711,55,23.768518888615176,3.56987424191213,-5.994974059823155,4.161621554024359,31,93.54838709677419,0.7339777346686088,0.0
candidate_15,19,"3,4",2025-03-05 18:00:00,2025-09-06 21:00:00,11795,approx_full_backtest,7.352327223369258,-50000.31832528288,23.646092230617377,1.323452302499617,-10.381017601194586,1.578938469915885,59,-0.31832528288033846,-0.05241928598035406,-9.118216455619377,0.9822358763764526,34,85.29411764705883,0.005514079167729737,103.96079903154418
candidate_15,20,"3,5",2025-03-05 18:00:00,2025-12-08 11:00:00,10259,approx_full_backtest,11.74072047102381,-2.9968391221388924,33.723475341315364,2.0914429277937296,-10.381017601194586,1.8648136284258414,52,0.03204381071508777,0.0052689938539129955,-9.118216455619377,1.0021462344496141,32,81.25,0.023454594517057226,99.74806896311192
candidate_15,21,"3,6",2025-03-05 18:00:00,2026-03-11 01:00:00,10259,approx_full_backtest,8.440829457509754,-50002.564030473484,24.902816530857088,1.5964449954024795,-10.381017601194586,2.0027635324809685,56,-2.5640304734847796,-0.4262513261230394,-9.118216455619377,0.8936813745507726,29,82.75862068965517,-0.06388054021152147,126.7000320932183
candidate_15,22,"3,7",2025-03-05 18:00:00,2026-06-11 14:00:00,10596,approx_full_backtest,-0.24308306742826424,4.355565332203284,6.274364613140149,0.42049441555669365,-10.381017601194586,1.1686358361065379,48,10.720270292730172,1.6892211239573962,-9.118216455619377,1.6598556943726606,36,88.88888888888889,0.3145551533798479,0.0
candidate_15,23,"4,5",2025-06-06 08:00:00,2025-12-08 11:00:00,11795,approx_full_backtest,9.091012124583822,0.894622970172064,29.844055865579367,1.6308980284030383,-10.381017601194586,1.5057361139836112,64,2.7018046066809465,0.4393858609537782,-5.101143921190854,1.1626853681025748,28,82.14285714285714,0.11501180247749827,73.05865521316368
candidate_15,24,"4,6",2025-06-06 08:00:00,2026-03-11 01:00:00,10259,approx_full_backtest,7.05118469315229,-1.8904976989320406,22.69160485344337,1.4672708820463676,-10.381017601194586,1.7056654463206258,58,0.03644355112923936,0.005992337181814911,-6.726744974935983,1.001074204918215,25,84.0,0.024689911147599945,99.59159980238567
candidate_15,25,"4,7",2025-06-06 08:00:00,2026-06-11 14:00:00,10596,approx_full_backtest,-1.3068941103167786,8.44347887589099,4.392940938564771,0.29688652674491056,-10.381017601194586,1.092612276304648,50,13.67528976134782,2.130747539669464,-5.994974059823155,2.373707882346939,32,90.625,0.43105528020308265,0.0
candidate_15,26,"5,6",2025-09-06 22:00:00,2026-03-11 01:00:00,11795,approx_full_backtest,11.183730765433804,-1.6301403666836682,32.186719567245945,1.7435299360174739,-10.381017601194586,1.9716252516443777,72,0.38805961449277504,0.0637143313495292,-6.726744974935983,1.0169360978465471,23,78.26086956521739,0.0513180918057835,96.34567035338299
candidate_15,27,"5,7",2025-09-06 22:00:00,2026-06-11 14:00:00,10596,approx_full_backtest,4.7111328079588946,8.495673210261064,18.95408335102886,1.204009202577283,-10.381017601194586,1.3245358940586311,56,14.074844728205127,2.189709188924116,-5.994974059823155,1.9273643438893826,30,86.66666666666667,0.4785612433113889,0.0
candidate_15,28,"6,7",2025-12-08 12:00:00,2026-06-11 14:00:00,12132,approx_full_backtest,4.090154253365633,6.301101148929583,16.241993240302467,0.9104185428193245,-10.381017601194586,1.4283375186866643,69,11.114325682594451,1.7486639870183618,-6.726744974935983,1.6891736572416352,27,88.88888888888889,0.43532424476524867,0.0
candidate_16,1,"0,1",2024-06-01 00:00:00,2024-12-03 03:00:00,12995,approx_full_backtest,11.574219054785768,-50001.634239478015,34.52280562608079,1.6812043728322568,-9.118215916658556,1.7588080463512508,87,-1.634239478012145,-0.27060897101445214,-10.750257227815874,1.008940730702749,15,86.66666666666667,0.048796505506493185,116.09613770862184
candidate_16,2,"0,2",2024-06-01 00:00:00,2025-03-05 17:00:00,11459,approx_full_backtest,10.463483133223733,10.016330747026092,28.957244667553738,1.6347063978158882,-6.799734728750773,1.4982358915506475,73,13.171785257389267,2.0557315205539384,-5.881773663363954,3.611053284668828,20,95.0,0.5593149464321489,0.0
candidate_16,3,"0,3",2024-06-01 00:00:00,2025-06-06 07:00:00,11459,approx_full_backtest,9.643716467605223,-1.6154920580982877,26.997616493450273,1.5355254789823025,-8.145880351161594,1.7032517687391089,68,1.6466356404981397,0.2689497901369853,-9.118215916658556,1.1192252550620665,22,86.36363636363636,0.09782185600584442,82.48483702691559
candidate_16,4,"0,4",2024-06-01 00:00:00,2025-09-06 21:00:00,11459,approx_full_backtest,8.951686894451347,1.553672679279141,26.57970455417282,1.5141888182940377,-9.118215916658556,1.590206634669968,72,2.3317791407515776,0.3797848116909863,-4.074442238213538,1.3151184656536423,18,88.88888888888889,0.14379254021457502,74.91826599810246
candidate_16,5,"0,5",2024-06-01 00:00:00,2025-12-08 11:00:00,11459,approx_full_backtest,9.54746335341389,12.05308667482868,29.56308459881589,1.66508377149166,-9.118215916658556,1.4576412429559908,80,12.608946616338956,1.9720886439904994,-5.101143686065813,3.9105375561739133,15,93.33333333333333,0.848056669099617,0.0
candidate_16,6,"0,6",2024-06-01 00:00:00,2026-03-11 01:00:00,11459,approx_full_backtest,9.349115920973924,-0.07148442374890318,26.32705545960523,1.501257707224335,-9.118215916658556,1.7043091168860078,82,1.78188857609074,0.2908788760880965,-6.799734728750773,1.1180725602143613,13,84.61538461538461,0.1805621925614275,80.62432088186242
candidate_16,7,"0,7",2024-06-01 00:00:00,2026-06-11 14:00:00,11796,approx_full_backtest,3.31018820818989,12.841761707797898,12.907378374715028,0.7546857589967315,-9.118215916658556,1.2898790655462389,74,15.442618789451146,2.3902515703713823,-5.9949740349663045,4.48557734803018,20,95.0,0.7662260836785456,0.0
candidate_16,8,"1,2",2024-09-01 14:00:00,2025-03-05 17:00:00,11795,approx_full_backtest,9.662100706828218,0.22694121368525344,27.884427558274048,1.5352079739066937,-6.799734728750773,1.4795833831298975,72,5.46968832398842,0.8796141196978358,-10.750257227815874,1.3056806030357304,29,89.65517241379311,0.2137751365713418,42.70391147985943
candidate_16,9,"1,3",2024-09-01 14:00:00,2025-06-06 07:00:00,10259,approx_full_backtest,11.895617806104068,-50005.2710977758,28.469177381528855,1.800375211722427,-6.799734728750773,2.0554095849715748,55,-5.271097775800316,-0.8865762627040308,-10.750257227815874,0.8609134295513782,31,83.87096774193549,-0.0914431979337254,149.24397186383382
candidate_16,10,"1,4",2024-09-01 14:00:00,2025-09-06 21:00:00,10259,approx_full_backtest,9.988907923009013,-50004.6325828733,28.046422966609086,1.7764781026528231,-9.118215916658556,1.8324023302212018,59,-4.63258287330417,-0.7770185334248558,-10.750257227815874,0.8559065746660799,27,85.18518518518519,-0.08883534237821165,143.73926885248574
candidate_16,11,"1,5",2024-09-01 14:00:00,2025-12-08 11:00:00,10259,approx_full_backtest,10.285012512467352,0.6631254158734294,31.06437236388402,1.9454934199542473,-9.118215916658556,1.6433059748607102,67,4.945154616993652,0.7969351658961843,-10.750257227815874,1.4195605346565445,24,87.5,0.32225125285084116,59.03686140892083
candidate_16,12,"1,6",2024-09-01 14:00:00,2026-03-11 01:00:00,10259,approx_full_backtest,9.965071195188704,-50005.14504970711,27.79084634838995,1.7619955147401445,-9.118215916658556,2.079460320336489,69,-5.145049707110639,-0.8648998933734053,-10.750257227815874,0.8664234955772396,22,81.81818181818183,-0.11997779385343219,149.086384507679
candidate_16,13,"1,7",2024-09-01 14:00:00,2026-06-11 14:00:00,10596,approx_full_backtest,3.8940454229674275,2.267205778807461,14.215671290592603,0.92073967087003,-9.118215916658556,1.4359413044844804,61,7.5859764457805845,1.2100149089934842,-10.750257227815874,1.6285671182968768,29,89.65517241379311,0.35647247260333953,0.0
candidate_16,14,"2,3",2024-12-03 04:00:00,2025-06-06 07:00:00,11795,approx_full_backtest,8.133458900256821,2.7823761519214747,23.277752848425592,1.3047290534852207,-8.283470803776883,1.7457739152950693,58,8.987506661822131,1.425395850221367,-9.118215916658556,1.396673959957137,36,88.88888888888889,0.21165589472500257,0.0
candidate_16,15,"2,4",2024-12-03 04:00:00,2025-09-06 21:00:00,10259,approx_full_backtest,5.821397112897673,5.0815649505192,20.09573264511051,1.312837457749394,-8.283470803776883,1.3674976983849856,50,9.722130895350878,1.5375091810053476,-5.881773663363954,1.6663522348890438,32,90.625,0.2517436594323083,0.0
candidate_16,16,"2,5",2024-12-03 04:00:00,2025-12-08 11:00:00,10259,approx_full_backtest,6.588060794328566,13.476475578750428,22.926290778281633,1.4810828292620482,-8.283470803776883,1.2245608005040975,58,20.74151045132289,3.148177756300319,-5.881773663363954,3.1299866313715405,29,93.10344827586206,0.627185566016061,0.0
candidate_16,17,"2,6",2024-12-03 04:00:00,2026-03-11 01:00:00,10259,approx_full_backtest,6.2677178639566185,4.292026486343609,19.85602535379485,1.2984208449669854,-8.283470803776883,1.4447179193699258,60,9.132527499216735,1.4475778540010031,-6.799734728750773,1.3857800781101712,27,88.88888888888889,0.2894385141211137,0.0
candidate_16,18,"2,7",2024-12-03 04:00:00,2026-06-11 14:00:00,10596,approx_full_backtest,0.12434749015572688,14.939123063206445,7.123763439872088,0.47563294137578094,-8.283470803776883,1.0032578780946926,52,23.779829062641866,3.5714309794969257,-5.9949740349663045,3.4788258997812913,34,94.11764705882352,0.6115309721041889,0.0
candidate_16,19,"3,4",2025-03-05 18:00:00,2025-09-06 21:00:00,11795,approx_full_backtest,6.037454870277455,-50001.45171399874,21.075002321947125,1.1916523910223908,-10.750257227815874,1.5506715385464391,59,-1.4517139987365035,-0.2401995635557208,-9.118215916658556,0.9240101188017213,34,85.29411764705883,-0.028777088078839278,120.15684820215391
candidate_16,20,"3,5",2025-03-05 18:00:00,2025-12-08 11:00:00,10259,approx_full_backtest,6.14458123331589,3.0654354444048453,21.058308693458393,1.3704614009511618,-10.750257227815874,1.407811512794588,53,8.445477745325958,1.342269584414435,-9.118215916658556,1.5115068586351472,31,87.09677419354838,0.295295590901657,2.0571040174615915
candidate_16,21,"3,6",2025-03-05 18:00:00,2026-03-11 01:00:00,10259,approx_full_backtest,5.636522799703663,-50001.98127356557,18.034698876753176,1.1879985309051655,-10.750257227815874,1.7370906731279,55,-1.9812735655750258,-0.3285563817138626,-9.118215916658556,0.9181386394960331,29,82.75862068965517,-0.04204752466359755,127.65629528712694
candidate_16,22,"3,7",2025-03-05 18:00:00,2026-06-11 14:00:00,10596,approx_full_backtest,-0.7641685918427154,4.678268570132674,5.495915811040208,0.36960007101412007,-10.750257227815874,1.1773226976979032,47,11.17438110354454,1.757707814831333,-9.118215916658556,1.7229609061019884,36,88.88888888888889,0.32660652652855626,0.0
candidate_16,23,"4,5",2025-06-06 08:00:00,2025-12-08 11:00:00,11795,approx_full_backtest,5.35922817754417,5.910973428519144,21.137920225389408,1.194908916915205,-10.750257227815874,1.3157176044061178,66,9.176448463057074,1.4542910293106948,-5.101143686065813,1.8320532726567391,27,88.88888888888889,0.3551980818401904,0.0
candidate_16,24,"4,6",2025-06-06 08:00:00,2026-03-11 01:00:00,10259,approx_full_backtest,6.188245816820154,-50001.32058378577,17.646281272772725,1.164245174079137,-10.750257227815874,1.5745417592295112,59,-1.3205837857658387,-0.21838182992216515,-6.799734728750773,0.9292361517758756,25,84.0,-0.03132773294042224,118.75737471661797
candidate_16,25,"4,7",2025-06-06 08:00:00,2026-06-11 14:00:00,10596,approx_full_backtest,-0.8824617817271343,7.118272554550587,5.148759667643477,0.3467904614864459,-10.750257227815874,1.1353004358836238,51,11.923745842749378,1.8702138174934824,-5.9949740349663045,2.1354719803292346,32,90.625,0.38106312021130617,0.0
candidate_16,26,"5,6",2025-09-06 22:00:00,2026-03-11 01:00:00,11795,approx_full_backtest,5.868536081791402,4.883341424213011,19.59962717965851,1.1148308010127117,-10.750257227815874,1.5245484126971525,75,8.589777348794115,1.364433408258714,-6.799734728750773,1.4967322960756586,22,86.36363636363636,0.42497231768733373,0.0
candidate_16,27,"5,7",2025-09-06 22:00:00,2026-06-11 14:00:00,10596,approx_full_backtest,-0.4513871174327677,15.674653694104398,7.627029880204783,0.5081106340814712,-10.750257227815874,1.0007024224300896,59,23.16423330597328,3.4865267592476323,-5.9949740349663045,3.626148932188309,29,93.10344827586206,0.7698829020480588,0.0
candidate_16,28,"6,7",2025-12-08 12:00:00,2026-06-11 14:00:00,12132,approx_full_backtest,1.2503134371784161,6.410478115737574,9.993679101206121,0.5752373955960399,-10.750257227815874,1.259301896724828,70,11.322311837426646,1.7799675078563393,-6.799734728750773,1.7012040698662398,27,88.88888888888889,0.4427060231925188,0.0
candidate_17,1,"0,1",2024-06-01 00:00:00,2024-12-03 03:00:00,12995,approx_full_backtest,7.5893621612746305,0.11033859307654448,25.033114428666913,1.2638835506478596,-10.078796113574262,1.4778525236028637,78,2.002441748393191,0.3265858536839694,-8.054416063735449,1.270782172899415,19,84.21052631578947,0.29817231064766736,74.16013100917696
candidate_17,2,"0,2",2024-06-01 00:00:00,2025-03-05 17:00:00,11459,approx_full_backtest,10.126802281357778,6.025570665319271,27.29650209475205,1.5507449216225488,-7.73341717950885,1.3931125651808673,69,9.131687923426401,1.4474495056073566,-4.929100999505942,1.6571002841190743,18,83.33333333333334,0.3928311818712699,6.661019138280583
candidate_17,3,"0,3",2024-06-01 00:00:00,2025-06-06 07:00:00,11459,approx_full_backtest,10.961586199250275,-2.890927241998642,29.502551788261044,1.6620545872270354,-7.8519313518950025,1.6521660996102523,64,1.0427395381046534,0.17073929976207936,-10.078796113574262,1.0325207021056606,23,82.6086956521739,0.05756982399383811,89.72721467307882
candidate_17,4,"0,4",2024-06-01 00:00:00,2025-09-06 21:00:00,11459,approx_full_backtest,6.6341462353513005,0.9498910758450411,21.982685609594398,1.275031116817349,-10.078796113574262,1.4089457344364922,65,2.6165061623905084,0.42566253142153343,-4.929100999505942,1.2060739261163438,20,85.0,0.12858462894109576,66.61551817778025
candidate_17,5,"0,5",2024-06-01 00:00:00,2025-12-08 11:00:00,11459,approx_full_backtest,9.438224842699485,6.074807688865903,30.61961420289865,1.7177423605974296,-10.078796113574262,1.4120091156998267,73,8.381723609904345,1.332469362794475,-5.5640931971232765,1.7615250055652376,16,81.25,0.5274708135875759,22.42903281892384
candidate_17,6,"0,6",2024-06-01 00:00:00,2026-03-11 01:00:00,11459,approx_full_backtest,7.324767286668475,-0.7532732633759445,23.023228723809464,1.3298948580522385,-10.078796113574262,1.4904089722566327,76,1.4910189489149461,0.2436888653942315,-6.726744950924656,1.060253440940213,14,78.57142857142857,0.12550388693958991,81.67608033682168
candidate_17,7,"0,7",2024-06-01 00:00:00,2026-06-11 14:00:00,11796,approx_full_backtest,3.1192477541672945,7.65256142603532,13.617930002752864,0.7938403082732526,-10.078796113574262,1.2588894331057892,69,11.209738946332081,1.7630304917847228,-5.9949739962591675,2.1881268955434447,20,85.0,0.55446899106964,0.0
candidate_17,8,"1,2",2024-09-01 14:00:00,2025-03-05 17:00:00,11795,approx_full_backtest,9.897425511563691,3.4918372340288872,27.181538164150787,1.5005499318018867,-7.73341717950885,1.3924762437432807,69,7.582441258884276,1.2091939411485786,-8.054416063735449,1.4285078760517051,27,85.18518518518519,0.3611989676368385,19.41661416780998
candidate_17,9,"1,3",2024-09-01 14:00:00,2025-06-06 07:00:00,10259,approx_full_backtest,12.135988781366848,-50000.39167543507,27.002096917286877,1.7171297459739998,-7.73341717950885,1.8365586305174646,52,-0.39167543507385716,-0.06451783238295983,-10.078796113574262,1.0935832085148922,32,84.375,0.12517240013656428,103.75730678093656
candidate_17,10,"1,4",2024-09-01 14:00:00,2025-09-06 21:00:00,10259,approx_full_backtest,6.214337000040432,-0.8835649085298868,19.62742545297815,1.2846472910377216,-10.078796113574262,1.4790736225415648,53,1.159749807530508,0.18980669641359693,-8.054416063735449,1.2036423747034941,29,86.20689655172413,0.18114149763219647,85.22499539462902
candidate_17,11,"1,5",2024-09-01 14:00:00,2025-12-08 11:00:00,10259,approx_full_backtest,9.068482456113008,3.524514076316656,28.09759092174804,1.7793743767336112,-10.078796113574262,1.4851906063341045,61,6.843123529625306,1.0944838362613396,-8.054416063735449,1.49162206853894,25,84.0,0.4448377547965198,38.490525064743366
candidate_17,12,"1,6",2024-09-01 14:00:00,2026-03-11 01:00:00,10259,approx_full_backtest,7.120556509194337,-1.5529798920865536,20.64787760325104,1.3459434594742081,-10.078796113574262,1.6051024382418375,64,0.050240146905466965,0.008260406714888369,-8.054416063735449,1.1125014149508448,23,82.6086956521739,0.19297675085504515,99.38627386932617
candidate_17,13,"1,7",2024-09-01 14:00:00,2026-06-11 14:00:00,10596,approx_full_backtest,3.177592815679644,5.155090013911524,11.424177813453241,0.7486942173626776,-10.078796113574262,1.2899581616275009,57,9.63099201768478,1.5239800132900605,-8.054416063735449,1.6920505633662486,29,86.20689655172413,0.4748548508242959,0.0
candidate_17,14,"2,3",2024-12-03 04:00:00,2025-06-06 07:00:00,11795,approx_full_backtest,7.612043781124034,0.8223160974772074,21.40340497196924,1.2086325162176115,-7.73341717950885,1.538067139427418,58,6.570238953776064,1.051976350549566,-10.078796113574262,1.2202328110398148,31,83.87096774193549,0.17455497341120108,12.961438945751466
candidate_17,15,"2,4",2024-12-03 04:00:00,2025-09-06 21:00:00,10259,approx_full_backtest,4.398620547875264,5.173951170354373,15.982971294119697,1.061695957417319,-7.73341717950885,1.2045080026887864,50,8.230097801371695,1.3091422310944845,-3.9449704652729567,1.4491469816062148,28,85.71428571428571,0.2378139572396741,0.0
candidate_17,16,"2,5",2024-12-03 04:00:00,2025-12-08 11:00:00,10259,approx_full_backtest,7.551356598509714,9.110575316314987,24.195092843178088,1.5553340324241827,-7.73341717950885,1.2024505524467446,58,14.310698978760872,2.223926559521927,-5.5640931971232765,1.8785879430914982,24,83.33333333333334,0.5219429683870906,0.0
candidate_17,17,"2,6",2024-12-03 04:00:00,2026-03-11 01:00:00,10259,approx_full_backtest,5.587624797924325,3.107024866269201,16.972335330033374,1.1228571985685276,-6.861737678383784,1.2564794058579705,61,7.0430412960967415,1.1255676790410396,-6.726744950924656,1.2497744850483556,22,81.81818181818183,0.2656433018656007,0.0
candidate_17,18,"2,7",2024-12-03 04:00:00,2026-06-11 14:00:00,10596,approx_full_backtest,1.4124051225283223,10.618935883200221,8.029635912279875,0.5339906869843647,-6.861737678383784,1.0180490782827625,54,17.293419672456945,2.6584779561258154,-5.9949739962591675,2.211169379370185,28,85.71428571428571,0.5420170730457771,0.0
candidate_17,19,"3,4",2025-03-05 18:00:00,2025-09-06 21:00:00,11795,approx_full_backtest,7.509061253143824,-3.3264168741007865,21.810548791802375,1.229624248248884,-8.37047442722877,1.452635002599314,58,0.2079761654642187,0.0341726141922738,-10.078796113574262,1.0102433979739074,33,84.84848484848484,0.02763440851170582,97.22088969529193
candidate_17,20,"3,5",2025-03-05 18:00:00,2025-12-08 11:00:00,10259,approx_full_backtest,9.352236344929972,0.7147239848294554,26.34739508238715,1.6796919000667154,-8.37047442722877,1.4470832476314301,53,5.837877184067808,0.9374444354651068,-10.078796113574262,1.2890325629930977,29,82.75862068965517,0.23378537653329629,44.18950073951821
candidate_17,21,"3,6",2025-03-05 18:00:00,2026-03-11 01:00:00,10259,approx_full_backtest,6.689606531321147,-50000.89109454041,18.999467107085486,1.2466854840145647,-8.37047442722877,1.5584011363569168,56,-0.8910945404124182,-0.14709166288349174,-10.078796113574262,0.9654205119842894,27,81.48148148148148,0.0036036044155050594,111.7986183981086
candidate_17,22,"3,7",2025-03-05 18:00:00,2026-06-11 14:00:00,10596,approx_full_backtest,2.5169693085778104,2.457836888296838,9.901790616238548,0.6531678418557618,-8.37047442722877,1.2508496705172272,49,8.599515677000458,1.3662379525063661,-10.078796113574262,1.4736411927506998,33,84.84848484848484,0.285746143135066,0.0
candidate_17,23,"4,5",2025-06-06 08:00:00,2025-12-08 11:00:00,11795,approx_full_backtest,5.397636575032641,4.33877740338355,20.561681003544095,1.1650242685459222,-10.078796113574262,1.2440764113718688,63,7.486329308970241,1.1943188452060216,-5.5640931971232765,1.5378410606325668,26,84.61538461538461,0.3087447133242013,0.0
candidate_17,24,"4,6",2025-06-06 08:00:00,2026-03-11 01:00:00,10259,approx_full_backtest,2.4616202829441245,-1.4313293198163017,12.089486912710324,0.8162032712187406,-10.078796113574262,1.2891100104791884,57,0.6525521213349261,0.10702272482927544,-6.726744950924656,1.0321744522631418,24,83.33333333333334,0.05603683109092816,86.8877363515744
candidate_17,25,"4,7",2025-06-06 08:00:00,2026-06-11 14:00:00,10596,approx_full_backtest,-1.3940371177687831,5.931321711673882,3.5200881183510058,0.23883497278591737,-10.078796113574262,1.0698906420693504,50,10.290981030843337,1.624261754531342,-5.9949739962591675,1.8314631761813485,30,86.66666666666667,0.3559069783473606,0.0
candidate_17,26,"5,6",2025-09-06 22:00:00,2026-03-11 01:00:00,11795,approx_full_backtest,6.028586967065834,3.2138580378399726,19.849759504082808,1.1279173497532602,-10.078796113574262,1.4149544147255178,72,6.3074303795014774,1.010952355832484,-6.726744950924656,1.3195687617510714,20,80.0,0.36063621923807887,10.369996874891863
candidate_17,27,"5,7",2025-09-06 22:00:00,2026-06-11 14:00:00,10596,approx_full_backtest,1.326911255387922,10.686578183397852,10.849780890588502,0.7127956782364553,-10.078796113574262,1.0642942121950734,58,16.48736708920513,2.5420990535898413,-5.9949739962591675,2.2598365284485897,26,84.61538461538461,0.6363480688076968,0.0
candidate_17,28,"6,7",2025-12-08 12:00:00,2026-06-11 14:00:00,12132,approx_full_backtest,1.664524439090645,4.955930352509201,10.20953167404086,0.587111586771849,-10.078796113574262,1.2040967215302674,69,9.0813209717155,1.440074771192279,-6.726744950924656,1.5115195327270312,24,83.33333333333334,0.4109404661980484,0.0
candidate_18,1,"0,1",2024-06-01 00:00:00,2024-12-03 03:00:00,12995,approx_full_backtest,9.485963259577831,-50000.73097800888,28.865397483568533,1.4358964190624546,-9.118216189750317,1.6393291822082956,84,-0.7309780088863072,-0.12058024549906898,-9.615476468489515,1.07365509500025,15,86.66666666666667,0.11556712017147198,108.39755875829817
candidate_18,2,"0,2",2024-06-01 00:00:00,2025-03-05 17:00:00,11459,approx_full_backtest,10.037305270807746,9.72574053898979,26.241224797927032,1.4968592032724048,-6.726745165229109,1.4269722221247685,73,12.316819098401943,1.9285380858333534,-5.881773317259076,3.4076767577884506,17,94.11764705882352,0.6108897098574396,0.0
candidate_18,3,"0,3",2024-06-01 00:00:00,2025-06-06 07:00:00,11459,approx_full_backtest,7.984728538768677,-1.9509318050350504,23.213790147453082,1.3398953198566321,-8.431076440095985,1.5978453044473389,65,1.23144262475674,0.20148028963336007,-9.118216189750317,1.0861614375763806,22,86.36363636363636,0.07810142721704892,84.96298280563303
candidate_18,4,"0,4",2024-06-01 00:00:00,2025-09-06 21:00:00,11459,approx_full_backtest,7.035255266794928,2.162395436161104,21.82165331062769,1.2665013919175738,-9.118216189750317,1.471536065972031,68,3.0438162799742985,0.4943153005324774,-4.274300410569342,1.4689062113858236,18,88.88888888888889,0.1830148590913282,60.97001521774496
candidate_18,5,"0,5",2024-06-01 00:00:00,2025-12-08 11:00:00,11459,approx_full_backtest,9.426236667289407,6.769150404481994,29.18705497697891,1.6462449966451853,-9.118216189750317,1.456078483817522,76,8.022002154903118,1.2770829064251643,-5.10114380765131,2.1071370516327073,15,86.66666666666667,0.5583803393078189,22.424492768228372
candidate_18,6,"0,6",2024-06-01 00:00:00,2026-03-11 01:00:00,11459,approx_full_backtest,8.135751437436406,0.19352458327203004,23.222251358757305,1.340339019441017,-9.118216189750317,1.5795496268929925,80,1.9565599571674364,0.3191630303774673,-6.726745165229109,1.1571478216608855,12,83.33333333333334,0.20404781404890163,76.187887859105
candidate_18,7,"0,7",2024-06-01 00:00:00,2026-06-11 14:00:00,11796,approx_full_backtest,2.2027299593252527,12.856909891412203,10.326262166246236,0.6104829163032344,-9.118216189750317,1.2272891825397956,71,15.442618885728177,2.3902515844174577,-5.9949739219180564,4.5057747719575785,20,95.0,0.7662260836785456,0.0
candidate_18,8,"1,2",2024-09-01 14:00:00,2025-03-05 17:00:00,11795,approx_full_backtest,7.842167712721642,0.9850995569804097,23.235402388296023,1.3025729527279983,-6.726745165229109,1.3727316389332127,71,5.634086330431187,0.905456429612328,-9.615476468489515,1.3072378916992942,26,88.46153846153845,0.24614862767219584,30.487084986985423
candidate_18,9,"1,3",2024-09-01 14:00:00,2025-06-06 07:00:00,10259,approx_full_backtest,9.859750097704453,-50004.791721886206,23.71115193442781,1.5270969397462641,-6.726745165229109,1.8891273115480567,53,-4.791721886203315,-0.8042664652567311,-9.615476468489515,0.8805418340195765,31,83.87096774193549,-0.07312997901046144,152.66636611755405
candidate_18,10,"1,4",2024-09-01 14:00:00,2025-09-06 21:00:00,10259,approx_full_backtest,7.607908194378699,-50003.0871825599,22.313395631923715,1.4449604519152448,-9.118216189750317,1.6521969085190602,56,-3.0871825599024016,-0.514370710954215,-9.615476468489515,0.9334103348250883,27,85.18518518518519,-0.025592343868721255,135.5975632601179
candidate_18,11,"1,5",2024-09-01 14:00:00,2025-12-08 11:00:00,10259,approx_full_backtest,9.721483123949259,-1.478170810190897,29.708528299408666,1.8700136423584812,-9.118216189750317,1.6365975715527357,64,1.5948064841467158,0.26054006510738414,-9.615476468489515,1.1766127059295683,24,83.33333333333334,0.18293518089657926,86.06747784049381
candidate_18,12,"1,6",2024-09-01 14:00:00,2026-03-11 01:00:00,10259,approx_full_backtest,8.114378010562069,-50004.10974827347,23.719647300051715,1.5275935132595286,-9.118216189750317,1.8552220589680437,68,-4.109748273467229,-0.6877649349525061,-9.615476468489515,0.9023639748315402,21,80.95238095238095,-0.07317557045297919,145.02277137096345
candidate_18,13,"1,7",2024-09-01 14:00:00,2026-06-11 14:00:00,10596,approx_full_backtest,2.3689429169562377,3.4865420315166666,10.771602471382401,0.7078963157058471,-9.118216189750317,1.328357313375667,59,8.573904313495472,1.3623053470409596,-9.615476468489515,1.642521074381499,29,89.65517241379311,0.39100899743005274,0.0
candidate_18,14,"2,3",2024-12-03 04:00:00,2025-06-06 07:00:00,11795,approx_full_backtest,8.139246173912852,1.982999836624832,21.4293105963312,1.2099701376328431,-6.828037752527571,1.6750294756082382,58,7.722336083203252,1.2308254132866514,-9.118216189750317,1.3276218732916394,33,87.87878787878788,0.1934723913842451,0.0
candidate_18,15,"2,4",2024-12-03 04:00:00,2025-09-06 21:00:00,10259,approx_full_backtest,5.321683135414484,5.184614535540476,17.232817087355002,1.138879946009852,-6.828037752527571,1.275003678126159,50,9.650917944072091,1.5266686461165468,-5.881773317259076,1.714703606070814,29,89.65517241379311,0.27450430967410067,0.0
candidate_18,16,"2,5",2024-12-03 04:00:00,2025-12-08 11:00:00,10259,approx_full_backtest,7.800689443934983,9.216297619477384,24.320775285759467,1.5626506627354209,-6.828037752527571,1.251777693363076,58,14.948301820063502,2.317477430799708,-5.881773317259076,2.1038380756659136,26,88.46153846153845,0.5016177925585499,0.0
candidate_18,17,"2,6",2024-12-03 04:00:00,2026-03-11 01:00:00,10259,approx_full_backtest,6.221720531398001,4.0813300933410215,18.580656739232083,1.2212636862532378,-6.828037752527571,1.3628446555170002,62,8.493947461609096,1.3497170798367764,-6.726745165229109,1.4005883499135072,23,86.95652173913044,0.3093448384996448,0.0
candidate_18,18,"2,7",2024-12-03 04:00:00,2026-06-11 14:00:00,10596,approx_full_backtest,-29999.02665449565,14.592063688964977,6.170439827209062,0.4137200128138785,-6.828037752527571,0.9733455043489041,53,22.84472361053089,3.4423194743293806,-5.9949739219180564,3.375337122548279,31,93.54838709677419,0.6448670706605136,0.0
candidate_18,19,"3,4",2025-03-05 18:00:00,2025-09-06 21:00:00,11795,approx_full_backtest,4.621515787181518,-50001.17134105372,16.412881483317253,0.9458192652362696,-9.615476468489515,1.417764285597299,56,-1.1713410537177893,-0.19357995059966493,-9.118216189750317,0.9360571162244066,34,85.29411764705883,-0.020772608478014064,120.46690712641679
candidate_18,20,"3,5",2025-03-05 18:00:00,2025-12-08 11:00:00,10259,approx_full_backtest,6.914290343517367,-0.443303446003816,21.3393956019331,1.3872082000103036,-9.615476468489515,1.4215685047244653,50,3.603204879905131,0.5838295201863408,-9.118216189750317,1.1886716593504758,31,83.87096774193549,0.14113448186196453,57.9133456548192
candidate_18,21,"3,6",2025-03-05 18:00:00,2026-03-11 01:00:00,10259,approx_full_backtest,4.821439133150076,-50002.21412157363,15.736932831586593,1.0464109459458193,-9.615476468489515,1.585468001575214,54,-2.2141215736270814,-0.3675332831381106,-9.118216189750317,0.903440993097592,28,82.14285714285714,-0.05542722797534164,135.12322616292096
candidate_18,22,"3,7",2025-03-05 18:00:00,2026-06-11 14:00:00,10596,approx_full_backtest,-1.1468050369274074,4.368734453987911,3.6243296409093295,0.24579176250663082,-9.615476468489515,1.1140952453650106,45,10.720270479156536,1.6892211521214007,-9.118216189750317,1.6774142090031496,36,88.88888888888889,0.3145551533798479,0.0
candidate_18,23,"4,5",2025-06-06 08:00:00,2025-12-08 11:00:00,11795,approx_full_backtest,6.114102622321111,2.998967792219796,21.534952851887844,1.2154221421118772,-9.615476468489515,1.3250850349169057,62,5.458040830593536,0.8777819321535096,-5.10114380765131,1.4173233697927794,27,85.18518518518519,0.22041500009591597,27.77966586750634
candidate_18,24,"4,6",2025-06-06 08:00:00,2026-03-11 01:00:00,10259,approx_full_backtest,3.6767379548361077,-50000.463434777936,14.429273620850358,0.964663338132743,-9.615476468489515,1.4257774560855232,57,-0.463434777932592,-0.07636119273979336,-6.726745165229109,0.9709732849652062,24,83.33333333333334,0.0010030700649693396,107.91583858546987
candidate_18,25,"4,7",2025-06-06 08:00:00,2026-06-11 14:00:00,10596,approx_full_backtest,-1.7099580764592615,7.718892546697172,2.45352525033089,0.16727833072651688,-9.615476468489515,1.060513242153254,48,12.702525163195899,1.9864710447626166,-5.9949739219180564,2.2579455591963233,32,90.625,0.40312567457947984,0.0
candidate_18,26,"5,6",2025-09-06 22:00:00,2026-03-11 01:00:00,11795,approx_full_backtest,6.209742481089634,1.5470520900306162,19.048212028149948,1.0858906641085575,-9.615476468489515,1.4932396458990886,72,4.345311063555868,0.7019613152282833,-6.726745165229109,1.239618811894331,21,80.95238095238095,0.24311958607298287,35.35616996905062
candidate_18,27,"5,7",2025-09-06 22:00:00,2026-06-11 14:00:00,10596,approx_full_backtest,1.1531826071646423,11.68585710486818,8.647919638315393,0.5735604719860454,-9.615476468489515,1.0319676803639075,56,18.147336303651173,2.7810408813115473,-5.9949739219180564,2.588142222122084,29,89.65517241379311,0.6200503176729908,0.0
candidate_18,28,"6,7",2025-12-08 12:00:00,2026-06-11 14:00:00,12132,approx_full_backtest,0.6296910856237916,6.6918088900377715,7.290308584084482,0.42463926269513674,-9.615476468489515,1.1766173484843092,68,11.513355958252536,1.8086780950241632,-6.726745165229109,1.7765246933871675,26,88.46153846153845,0.46362799582639486,0.0
candidate_19,1,"0,1",2024-06-01 00:00:00,2024-12-03 03:00:00,12995,approx_full_backtest,7.258188536157853,-50000.609122552276,23.0621120322964,1.1734674328202965,-9.118216372502463,1.4811796008186275,82,-0.6091225522777077,-0.10042786723193364,-9.542221560027143,0.967348288924528,19,84.21052631578947,0.006905288209615486,108.55821511727571
candidate_19,2,"0,2",2024-06-01 00:00:00,2025-03-05 17:00:00,11459,approx_full_backtest,8.442862295145222,7.052379419914549,23.770657716985365,1.3690363730737953,-7.958936695259389,1.3599883719619688,70,10.207294100920272,1.6112080722110012,-5.881773798788926,2.3026197808919933,21,90.47619047619048,0.49961981532017236,0.0
candidate_19,3,"0,3",2024-06-01 00:00:00,2025-06-06 07:00:00,11459,approx_full_backtest,8.947263753054013,-50001.67761079,25.00639398107087,1.4332668612245136,-8.356861829481865,1.610945900908813,66,-1.677610790001427,-0.27784172098219706,-9.118216372502463,0.8994889362828166,24,83.33333333333334,-0.050728922963757715,119.38520512117489
candidate_19,4,"0,4",2024-06-01 00:00:00,2025-09-06 21:00:00,11459,approx_full_backtest,6.4647890092588165,1.8736934808859207,20.458759651898983,1.193884510243537,-9.118216372502463,1.4127992856407159,69,3.305263537942671,0.5362028968153076,-4.7421327707731,1.3944631188888823,20,90.0,0.18337728993641894,55.087540527188075
candidate_19,5,"0,5",2024-06-01 00:00:00,2025-12-08 11:00:00,11459,approx_full_backtest,10.38726614481541,3.5875975914570675,31.772716910452093,1.7747610670148406,-9.118216372502463,1.503974597458729,75,5.520364347731466,0.887583651113677,-5.101143675418484,1.4808712017884136,18,83.33333333333334,0.335821239196911,49.98855521399293
candidate_19,6,"0,6",2024-06-01 00:00:00,2026-03-11 01:00:00,11459,approx_full_backtest,10.275620005968122,-50003.500508606914,28.79277088812431,1.626436470339243,-9.118216372502463,1.760867261452515,79,-3.5005086069164415,-0.5842725690415107,-7.598355768911813,0.8004695669047565,15,80.0,-0.20169020060371654,135.9234793179252
candidate_19,7,"0,7",2024-06-01 00:00:00,2026-06-11 14:00:00,11796,approx_full_backtest,4.394009304532643,7.261418323553747,15.505488994116146,0.8967482158655837,-9.118216372502463,1.3486866993128246,71,10.80756848260469,1.7024051929211526,-5.994973789167101,2.2494511758262807,22,90.9090909090909,0.5059526902610195,0.0
candidate_19,8,"1,2",2024-09-01 14:00:00,2025-03-05 17:00:00,11795,approx_full_backtest,8.165607771667434,3.457030605171784,23.675241999220997,1.324931794426365,-7.958936695259389,1.3607187614655714,70,9.153869059831932,1.4508401234641255,-9.542221560027143,1.5536426092006985,28,89.28571428571429,0.35542814760734576,0.0
candidate_19,9,"1,3",2024-09-01 14:00:00,2025-06-06 07:00:00,10259,approx_full_backtest,8.852397488035974,-50002.61743303805,20.926094615862034,1.362571762651621,-7.958936695259389,1.6643738722066406,55,-2.617433038051542,-0.4352282757848269,-9.542221560027143,0.8967024145546291,31,83.87096774193549,-0.056694262575745905,131.9416773277214
candidate_19,10,"1,4",2024-09-01 14:00:00,2025-09-06 21:00:00,10259,approx_full_backtest,5.174111562753632,-1.438822874950815,16.526898369539957,1.0953805446201725,-9.118216372502463,1.4158069785277074,58,2.3178120958680326,0.37753157561710715,-9.542221560027143,1.1449162420953178,27,88.88888888888889,0.11583399296334963,65.5342084108297
candidate_19,11,"1,5",2024-09-01 14:00:00,2025-12-08 11:00:00,10259,approx_full_backtest,9.208150176362656,0.16595166263187622,27.471559857293816,1.7438648787366562,-9.118216372502463,1.5273431827706196,64,4.511739691301053,0.7283577630338822,-9.542221560027143,1.2389769416136374,25,84.0,0.22019017267305835,58.23313079385248
candidate_19,12,"1,6",2024-09-01 14:00:00,2026-03-11 01:00:00,10259,approx_full_backtest,9.559504503956314,-50004.422906543594,24.588881434454592,1.5782355887995259,-9.118216372502463,1.864141926152908,68,-4.422906543596339,-0.741175499178437,-9.542221560027143,0.8275379384242671,22,81.81818181818183,-0.1620627726260766,146.9622852531292
candidate_19,13,"1,7",2024-09-01 14:00:00,2026-06-11 14:00:00,10596,approx_full_backtest,3.5428759088000046,3.8186232397012416,11.735306058576068,0.7680671691545182,-9.118216372502463,1.3373759315312401,60,9.748405671885507,1.5418571976238526,-9.542221560027143,1.6030169584503196,29,89.65517241379311,0.36520452403532727,0.0
candidate_19,14,"2,3",2024-12-03 04:00:00,2025-06-06 07:00:00,11795,approx_full_backtest,3.1523978192713233,2.612507524410214,12.532783614185616,0.7340757060077197,-8.806789309272355,1.3293178832573858,60,7.980425096085764,1.27067133867107,-9.118216372502463,1.4870446696750752,33,87.87878787878788,0.2607058638149333,0.0
candidate_19,15,"2,4",2024-12-03 04:00:00,2025-09-06 21:00:00,10259,approx_full_backtest,0.7943953893276854,9.080030697961503,9.227167707344686,0.6306234724076543,-8.806789309272355,1.070109386916066,52,13.452758431910162,2.097356664848271,-5.881773798788926,2.941854388761788,29,93.10344827586206,0.46511494675004705,0.0
candidate_19,16,"2,5",2024-12-03 04:00:00,2025-12-08 11:00:00,10259,approx_full_backtest,5.2355192773119965,10.459582533734451,19.486209976125245,1.2761265854349446,-8.806789309272355,1.1233699350018576,58,15.885444710117014,2.45419375599627,-5.881773798788926,2.5028767797737714,27,88.88888888888889,0.5876137023173106,0.0
candidate_19,17,"2,6",2024-12-03 04:00:00,2026-03-11 01:00:00,10259,approx_full_backtest,4.674955687512765,2.293117737227801,16.7841145462849,1.111258728744824,-8.806789309272355,1.2931105670214738,62,5.978467223023887,0.9594821482504345,-7.598355768911813,1.3073633047912085,24,87.5,0.2831431103319682,13.658077688696519
candidate_19,18,"2,7",2024-12-03 04:00:00,2026-06-11 14:00:00,10596,approx_full_backtest,-40000.02130321857,14.633730179445688,4.735740712736858,0.31956188221140547,-8.806789309272355,0.9468564875678789,54,21.692001636169998,3.2820264276611777,-5.994973789167101,3.8827322688627066,31,93.54838709677419,0.6758628013795294,0.0
candidate_19,19,"3,4",2025-03-05 18:00:00,2025-09-06 21:00:00,11795,approx_full_backtest,3.392178174800782,-2.057729450388018,15.779461506907854,0.9117089441345039,-11.463330370008784,1.3566719865728745,60,1.2178582415360406,0.1992689031493855,-9.118216372502463,1.0762900010734542,32,87.5,0.05558822446554873,78.14336423577002
candidate_19,20,"3,5",2025-03-05 18:00:00,2025-12-08 11:00:00,10259,approx_full_backtest,5.339066323610156,-0.5780027682953573,20.67916996720214,1.3478154987681679,-11.463330370008784,1.3484634529532762,54,3.3882003139277694,0.5494720506013406,-9.118216372502463,1.1835854370503618,30,83.33333333333334,0.13853532299045263,59.23239856615916
candidate_19,21,"3,6",2025-03-05 18:00:00,2026-03-11 01:00:00,10259,approx_full_backtest,4.658397804140769,-50005.450395210326,17.950096597894817,1.1828309393773218,-11.463330370008784,1.610074623980889,58,-5.4503952103273745,-0.9174514350754226,-9.118216372502463,0.7833052679346327,27,81.48148148148148,-0.18200280092172477,177.5640376433167
candidate_19,22,"3,7",2025-03-05 18:00:00,2026-06-11 14:00:00,10596,approx_full_backtest,-1.0026091226386464,2.986183744141482,5.781430824851563,0.38830728833099126,-11.463330370008784,1.1597499686078334,50,8.56857022238946,1.3614862038720865,-9.118216372502463,1.5441445961959381,34,88.23529411764706,0.27183048735034143,0.0
candidate_19,23,"4,5",2025-06-06 08:00:00,2025-12-08 11:00:00,11795,approx_full_backtest,3.305151092525298,5.608129275221948,17.178175714881384,0.9867996635292586,-11.463330370008784,1.1984136998067543,66,8.627804571878661,1.3702701355781555,-5.101143675418484,1.7898913499649733,26,88.46153846153845,0.34773460152200547,0.0
candidate_19,24,"4,6",2025-06-06 08:00:00,2026-03-11 01:00:00,10259,approx_full_backtest,2.4047769604583724,-50000.65872159245,13.659164819645575,0.9161135172319312,-11.463330370008784,1.3652729714135425,61,-0.6587215924550915,-0.10862803244447994,-7.598355768911813,0.9529667952154344,23,86.95652173913044,-0.0012624206533914239,111.85748604307284
candidate_19,25,"4,7",2025-06-06 08:00:00,2026-06-11 14:00:00,10596,approx_full_backtest,-2.85706446258317,9.182337394626462,1.9331855400475106,0.13211620372441946,-11.463330370008784,1.0402438686931923,53,14.070710128970653,2.1890999372659703,-5.994973789167101,2.744064368583444,30,93.33333333333333,0.4709092173256723,0.0
candidate_19,26,"5,6",2025-09-06 22:00:00,2026-03-11 01:00:00,11795,approx_full_backtest,6.363231449411847,-1.119406992425588,21.97836267739477,1.238257334382542,-11.463330370008784,1.5592242086948074,74,1.471382322000192,0.24049899462141866,-7.598355768911813,1.0697778748395825,21,80.95238095238095,0.11181908722800062,80.57762405733348
candidate_19,27,"5,7",2025-09-06 22:00:00,2026-06-11 14:00:00,10596,approx_full_backtest,0.9143985525417417,10.636229846589051,11.507148510951136,0.7538654548150392,-11.463330370008784,1.0939236382704485,59,16.516646703025838,2.546338240517021,-5.994973789167101,2.4309444991183904,28,89.28571428571429,0.5894468938066496,0.0
candidate_19,28,"6,7",2025-12-08 12:00:00,2026-06-11 14:00:00,12132,approx_full_backtest,1.351260823099377,2.69037308171499,11.076672134246191,0.634594326669502,-11.463330370008784,1.2627369640427526,71,6.555708134373273,1.0499479265250855,-7.598355768911813,1.3751432549767,25,88.0,0.2973751084794418,0.0
candidate_20,1,"0,1",2024-06-01 00:00:00,2024-12-03 03:00:00,12995,approx_full_backtest,6.096104345376395,-50002.76723112086,21.78757610406079,1.1142699347545415,-10.333521815896706,1.3707465277291462,83,-2.7672311208568945,-0.4604312428740265,-9.585798358036579,0.9044446493566372,18,77.77777777777779,-0.0690765554226319,141.32133772194555
candidate_20,2,"0,2",2024-06-01 00:00:00,2025-03-05 17:00:00,11459,approx_full_backtest,6.071159942916289,6.456962123820812,21.743148277015003,1.2623392280418866,-9.91446600793685,1.2587144606909104,73,8.519859685263587,1.35369741872704,-5.737837175548499,2.1262324371532033,16,87.5,0.5274002555778299,0.0
candidate_20,3,"0,3",2024-06-01 00:00:00,2025-06-06 07:00:00,11459,approx_full_backtest,8.046695107151502,-50001.21301051696,25.056582300231312,1.4358629439928716,-9.91446600793685,1.5067401246056478,67,-1.2130105169656846,-0.20050163289037082,-10.333521815896706,0.914599828378413,23,82.6086956521739,-0.043814656628349116,113.9638420038066
candidate_20,4,"0,4",2024-06-01 00:00:00,2025-09-06 21:00:00,11459,approx_full_backtest,5.374350549834977,-50000.999115908824,19.300747286838682,1.1315769752443527,-10.333521815896706,1.3421107840321396,67,-0.9991159088248769,-0.16499760676448316,-5.737837175548499,0.8958178629158972,20,80.0,-0.059073960016296015,114.58120926584368
candidate_20,5,"0,5",2024-06-01 00:00:00,2025-12-08 11:00:00,11459,approx_full_backtest,10.584912652852452,-0.03954600134246694,33.74903226928663,1.8714083580582574,-10.333521815896706,1.4740303702732143,75,1.93588176907864,0.31581677043484024,-5.737837175548499,1.110724157178475,16,75.0,0.12930409374611235,83.124112432493
candidate_20,6,"0,6",2024-06-01 00:00:00,2026-03-11 01:00:00,11459,approx_full_backtest,7.634272876530778,-50000.86322340177,23.88033506510667,1.3747613505261436,-10.333521815896706,1.5090487732847202,78,-0.8632234017703855,-0.14247430646804338,-7.205798174077838,0.9335928179663812,14,78.57142857142857,-0.04333613170455575,110.36356647744834
candidate_20,7,"0,7",2024-06-01 00:00:00,2026-06-11 14:00:00,11796,approx_full_backtest,0.7104356453915361,6.994715590528235,8.237868749334808,0.49147244903733345,-10.333521815896706,1.1468332896082785,71,10.559672500805384,1.6649443981303635,-5.994974060433544,2.062206588390482,20,85.0,0.5255316536317196,0.0
candidate_20,8,"1,2",2024-09-01 14:00:00,2025-03-05 17:00:00,11795,approx_full_backtest,5.140534041124493,2.6546469413247533,20.51339088893842,1.16251378802672,-9.91446600793685,1.241300426961401,72,7.133178109641691,1.1395665712979008,-9.585798358036579,1.4651413319053352,26,84.61538461538461,0.3603121579679143,1.9739307150730956
candidate_20,9,"1,3",2024-09-01 14:00:00,2025-06-06 07:00:00,10259,approx_full_backtest,6.138675534656929,-50002.475324149,19.51121433549403,1.2776359878345467,-9.91446600793685,1.5184642959230972,54,-2.47532414900109,-0.4113489103218515,-10.333521815896706,0.9586854456199942,33,81.81818181818183,-0.0023643965009555387,132.1960960898607
candidate_20,10,"1,4",2024-09-01 14:00:00,2025-09-06 21:00:00,10259,approx_full_backtest,3.0939926751270477,-50002.26416271535,14.01060957473177,0.9383073600499392,-10.333521815896706,1.3179149522732232,54,-2.264162715351048,-0.3759198938640407,-9.585798358036579,0.9586143595401758,30,80.0,-0.008392239413514272,140.0636198616233
candidate_20,11,"1,5",2024-09-01 14:00:00,2025-12-08 11:00:00,10259,approx_full_backtest,8.30937634236271,-2.427279790942815,27.81821611216424,1.7635477442442982,-10.333521815896706,1.477259688238457,62,0.6333311617159554,0.10387866257424161,-9.585798358036579,1.0798629997725813,26,76.92307692307693,0.11532990453301108,94.1096767630323
candidate_20,12,"1,6",2024-09-01 14:00:00,2026-03-11 01:00:00,10259,approx_full_backtest,5.102494785798238,-50002.1300066613,18.387125280421124,1.209488140102577,-10.333521815896706,1.5221700938101625,65,-2.1300066612955137,-0.35344417874212386,-9.585798358036579,0.9709979705060695,24,79.16666666666666,0.013458590585696317,129.22262459821624
candidate_20,13,"1,7",2024-09-01 14:00:00,2026-06-11 14:00:00,10596,approx_full_backtest,-1.5463284090405496,3.5563921988606615,3.4382908391291878,0.23337148107218653,-10.333521815896706,1.078178520012587,58,9.146925918674697,1.4501076627323028,-9.585798358036579,1.5414325578118493,30,83.33333333333334,0.38134483635182953,0.0
candidate_20,14,"2,3",2024-12-03 04:00:00,2025-06-06 07:00:00,11795,approx_full_backtest,2.5449900555845666,2.8552019681824126,12.553876507426743,0.7352451818174455,-9.91446600793685,1.286907673399775,60,8.8456521520637,1.4036742866622154,-10.333521815896706,1.497034329931002,31,87.09677419354838,0.3097986129781006,0.0
candidate_20,15,"2,4",2024-12-03 04:00:00,2025-09-06 21:00:00,10259,approx_full_backtest,-0.2506741402173165,6.495057441008575,8.903180943065237,0.6093338520348546,-9.91446600793685,1.0589788321651736,51,9.081325880322177,1.4397490040710226,-3.8464834167523,1.755612079053809,28,85.71428571428571,0.3367862465874009,0.0
candidate_20,16,"2,5",2024-12-03 04:00:00,2025-12-08 11:00:00,10259,approx_full_backtest,5.968277109841354,8.273278013004198,22.09223658223378,1.431884650568005,-9.376261375140427,1.163839143577479,59,12.315170114142715,1.9282919857052327,-5.540480049332985,1.8462944998691895,24,83.33333333333334,0.528348316862956,0.0
candidate_20,17,"2,6",2024-12-03 04:00:00,2026-03-11 01:00:00,10259,approx_full_backtest,2.6239777323396325,5.306137513487317,13.083638214319816,0.879630812110177,-9.376261375140427,1.1618429787939155,62,9.231055198224558,1.462634343621727,-7.205798174077838,1.524793632307275,22,86.36363636363636,0.4547631027686075,0.0
candidate_20,18,"2,7",2024-12-03 04:00:00,2026-06-11 14:00:00,10596,approx_full_backtest,-50001.19552078781,14.8712383575978,-1.195520787815274,-0.08289844335187535,-9.91446600793685,0.8380487219439996,55,21.817050180838393,3.2994763881842193,-5.994974060433544,3.387221408883684,28,89.28571428571429,0.7543616849074121,0.0
candidate_20,19,"3,4",2025-03-05 18:00:00,2025-09-06 21:00:00,11795,approx_full_backtest,4.09725250591919,-50000.70190079689,16.560337313669994,0.9537349280943852,-10.663071969049732,1.3306794805238562,59,-0.70190079689052,-0.11576959775262408,-10.333521815896706,0.968255098001777,35,82.85714285714286,-0.00046075106428811505,112.13855069604489
candidate_20,20,"3,5",2025-03-05 18:00:00,2025-12-08 11:00:00,10259,approx_full_backtest,8.004278503961991,-2.0334419773865235,25.415171600651764,1.6260724005682237,-10.663071969049732,1.4381465633714579,53,2.2419081726632983,0.36528186597875045,-10.333521815896706,1.091598606369996,31,80.64516129032258,0.1043296262262463,77.5359408442635
candidate_20,21,"3,6",2025-03-05 18:00:00,2026-03-11 01:00:00,10259,approx_full_backtest,4.070945832992964,-50000.56560032068,16.161389854813212,1.072761291699953,-10.663071969049732,1.4780360940386106,56,-0.5656003206843674,-0.09323519135909786,-10.333521815896706,0.9791097450156865,29,82.75862068965517,0.019263692041795042,108.69114052496735
candidate_20,22,"3,7",2025-03-05 18:00:00,2026-06-11 14:00:00,10596,approx_full_backtest,-2.7030813888585254,3.780218429730316,1.4936007578415955,0.10228064882731314,-10.663071969049732,1.0341521716647684,49,10.891588783567974,1.7150860308432936,-10.333521815896706,1.570316884196544,35,85.71428571428571,0.33359959959172086,0.0
candidate_20,23,"4,5",2025-06-06 08:00:00,2025-12-08 11:00:00,11795,approx_full_backtest,4.659771106181097,0.45692964054898866,19.333142749732325,1.1008604578251813,-10.663071969049732,1.2277260616984211,63,2.4632834063717635,0.4009871715945579,-5.540480049332985,1.1282372922917978,28,78.57142857142857,0.10930272554070515,63.57511356282765
candidate_20,24,"4,6",2025-06-06 08:00:00,2026-03-11 01:00:00,10259,approx_full_backtest,1.5223288474275458,-50000.35030393331,10.814963600131765,0.7341190923536578,-10.663071969049732,1.2710572951383614,56,-0.35030393331165754,-0.05769300481552886,-7.205798174077838,0.983959102577492,26,80.76923076923077,0.014804037359160232,107.85880729931154
candidate_20,25,"4,7",2025-06-06 08:00:00,2026-06-11 14:00:00,10596,approx_full_backtest,-50003.177728092924,6.315853792261877,-3.1777280929245144,-0.22242676116868143,-10.663071969049732,0.9343478926756932,49,11.13169239491496,1.751279683588991,-5.994974060433544,1.7964299342177792,32,84.375,0.3594451214948856,0.0
candidate_20,26,"5,6",2025-09-06 22:00:00,2026-03-11 01:00:00,11795,approx_full_backtest,5.748064710889382,-0.10270694688180754,19.588682809332592,1.11425762187356,-10.663071969049732,1.4259291083979555,72,2.6039285388970823,0.42363816102626295,-7.205798174077838,1.1068004215134732,22,77.27272727272727,0.1652386214364492,61.98023215547408
candidate_20,27,"5,7",2025-09-06 22:00:00,2026-06-11 14:00:00,10596,approx_full_backtest,0.00741982479597203,8.7953703641318,8.548231793965645,0.5671947093952578,-10.663071969049732,1.0291713496220574,57,14.426322156202499,2.2414336356976428,-5.994974060433544,1.863465019967971,28,82.14285714285714,0.5268781638607164,0.0
candidate_20,28,"6,7",2025-12-08 12:00:00,2026-06-11 14:00:00,12132,approx_full_backtest,-0.32571588030446263,6.145791214665186,6.257190316493588,0.36614324281880606,-10.663071969049732,1.1269447093482186,69,11.28423612653302,1.7742404756995622,-7.205798174077838,1.5940926324021978,26,84.61538461538461,0.4645006632422491,0.0
candidate_21,1,"0,1",2024-06-01 00:00:00,2024-12-03 03:00:00,12995,approx_full_backtest,-2.688661672474151,-1.2513629276451463,18.15222662359197,0.9421516477174929,-23.42652190003529,1.1505740632430153,156,7.046770075999587,1.126146980507614,-14.982179084431625,1.2207090282466149,43,76.74418604651163,0.21531603231001856,0.0
candidate_21,2,"0,2",2024-06-01 00:00:00,2025-03-05 17:00:00,11459,approx_full_backtest,5.176845670911122,-50003.66107079244,28.14493011886796,1.5937658376946384,-14.882850203733422,1.2168312760124265,134,-3.661070792437582,-0.6114943851741605,-14.982179084431625,0.9012373471938314,36,72.22222222222221,-0.09040194689621595,138.36789387195546
candidate_21,3,"0,3",2024-06-01 00:00:00,2025-06-06 07:00:00,11459,approx_full_backtest,12.42696071687198,-50010.958953433896,45.98342562764268,2.4415211049633623,-13.628795950876748,1.4052875778108174,135,-10.958953433892848,-1.8907470223381795,-19.949651729278283,0.748853003748838,43,74.4186046511628,-0.2558044281521708,177.44135483795264
candidate_21,4,"0,4",2024-06-01 00:00:00,2025-09-06 21:00:00,11459,approx_full_backtest,5.444424711910779,-50006.954825358924,33.88445260621966,1.877981743557089,-18.6431466571359,1.2419314158922503,145,-6.954825358921834,-1.1784612078253764,-14.982179084431625,0.7503715437032275,34,73.52941176470588,-0.21243985406728047,162.7514730570943
candidate_21,5,"0,5",2024-06-01 00:00:00,2025-12-08 11:00:00,11459,approx_full_backtest,5.173623796089554,-1.5406075191170063,34.42156600004418,1.9039923943009462,-19.949651729278283,1.268983059708301,153,6.445416357215539,1.0325022968742603,-14.982179084431625,1.2406551038103804,34,73.52941176470588,0.20936101049189992,45.77172156964707
candidate_21,6,"0,6",2024-06-01 00:00:00,2026-03-11 01:00:00,11459,approx_full_backtest,-5.242749379991693,-4.75325668904781,7.02096986284837,0.4335792304615893,-21.110589300227723,1.0664546750592487,152,1.796233378163059,0.29320322643211494,-14.982179084431625,1.0713845075437491,33,75.75757575757575,0.08491135796191235,32.37609049677721
candidate_21,7,"0,7",2024-06-01 00:00:00,2026-06-11 14:00:00,11796,approx_full_backtest,-5.275402594811437,-4.514465849412899,10.550648715602717,0.6231439591570354,-23.42652190003529,1.0885109847698147,140,2.0473998747187805,0.33393184088534866,-14.982179084431625,1.0916613353274383,41,78.04878048780488,0.07029958882266335,46.41176633773703
candidate_21,8,"1,2",2024-09-01 14:00:00,2025-03-05 17:00:00,11795,approx_full_backtest,4.767184393819646,3.9209640993054276,27.43422856228921,1.5130302195972556,-14.882850203733422,1.2163884960040736,129,14.783135423667492,2.2932854473171727,-13.254428481878143,1.3407806741904151,59,76.27118644067797,0.2894351068369848,0.0
candidate_21,9,"1,3",2024-09-01 14:00:00,2025-06-06 07:00:00,10259,approx_full_backtest,5.366592129567852,-4.107376510892808,25.624356843449505,1.638136423527814,-13.628795950876748,1.3177747362488128,102,6.088064195136167,0.9766447114177179,-19.949651729278283,1.1256012109971985,66,77.27272727272727,0.14138713607731113,40.38074623147311
candidate_21,10,"1,4",2024-09-01 14:00:00,2025-09-06 21:00:00,10259,approx_full_backtest,-1.1565911479557252,4.98832024929031,15.21272485339491,1.0137438946008048,-18.6431466571359,1.1460711175994176,112,10.858787503601475,1.709748159279223,-6.797105700291861,1.3207781032069386,57,77.19298245614034,0.22996818163786564,0.0
candidate_21,11,"1,5",2024-09-01 14:00:00,2025-12-08 11:00:00,10259,approx_full_backtest,-1.6178243342352556,11.982365208853803,15.674931602970155,1.0425543912689683,-19.949651729278283,1.1725624160228918,120,26.824521939982702,3.985330426069078,-10.695463643937108,1.7414760411715995,57,77.19298245614034,0.4815686973398329,0.0
candidate_21,12,"1,6",2024-09-01 14:00:00,2026-03-11 01:00:00,10259,approx_full_backtest,-50007.90433605747,8.365075495540275,-7.904336057471273,-0.584779835258431,-21.110589300227723,0.932034413851584,119,21.285247174490497,3.224424218899058,-11.54367293220675,1.4758715434480245,56,78.57142857142857,0.4130931465069462,0.0
candidate_21,13,"1,7",2024-09-01 14:00:00,2026-06-11 14:00:00,10596,approx_full_backtest,-50004.86691154277,10.643806285132799,-4.866911542771923,-0.34344406237565295,-23.42652190003529,0.9423096574140175,107,21.584499805022972,3.2670130518931195,-7.03865400827457,1.4803863047767498,64,79.6875,0.36270975833398555,0.0
candidate_21,14,"2,3",2024-12-03 04:00:00,2025-06-06 07:00:00,11795,approx_full_backtest,4.840461351584485,-50004.52387774982,26.59343239044214,1.4714132959869453,-14.982179084431625,1.2890490401260433,117,-4.523877749824545,-0.7584277704017595,-19.949651729278283,0.9149237907294923,59,74.57627118644068,-0.05392387282189895,151.54416998067472
candidate_21,15,"2,4",2024-12-03 04:00:00,2025-09-06 21:00:00,10259,approx_full_backtest,1.7326889928979354,-50000.230367775104,19.6315014471653,1.2848930909685308,-14.982179084431625,1.1455520929154694,105,-0.23036777510225814,-0.03792117226075753,-13.254428481878143,0.9967272335070998,50,74.0,0.011902537515275318,102.95130953129907
candidate_21,16,"2,5",2024-12-03 04:00:00,2025-12-08 11:00:00,10259,approx_full_backtest,2.1433065017585062,3.7264659764334205,20.111435304307037,1.3137809230834963,-14.982179084431625,1.1739806403657984,113,14.138321336407223,2.1985599718634896,-13.254428481878143,1.3810068966332851,50,74.0,0.29872712541551805,0.0
candidate_21,17,"2,6",2024-12-03 04:00:00,2026-03-11 01:00:00,10259,approx_full_backtest,-50004.37217270716,0.6748296890028471,-4.372172707157129,-0.31792152454660494,-14.982179084431625,0.9157282432738807,112,9.153137765570651,1.4507283466928644,-13.254428481878143,1.2101137246153992,49,75.51020408163265,0.21673789238355945,0.0
candidate_21,18,"2,7",2024-12-03 04:00:00,2026-06-11 14:00:00,10596,approx_full_backtest,-50001.218253244806,0.8266340184429315,-1.2182532448035577,-0.08448376117871081,-14.982179084431625,0.9246866292400728,100,9.422456288376878,1.4921892771410317,-13.254428481878143,1.2225848061531261,57,77.19298245614034,0.18772570273299125,0.0
candidate_21,19,"3,4",2025-03-05 18:00:00,2025-09-06 21:00:00,11795,approx_full_backtest,10.180153000358732,-50007.78813360401,41.82826870476419,2.1881938116024457,-14.982179084431625,1.3376835913356417,129,-7.788133604009795,-1.3245564040285207,-19.949651729278283,0.8248872843122507,57,75.43859649122807,-0.12543848151782105,160.5319509179367
candidate_21,20,"3,5",2025-03-05 18:00:00,2025-12-08 11:00:00,10259,approx_full_backtest,9.274588490354544,-4.468364454850223,36.83162312009402,2.2586605396014203,-14.982179084431625,1.381886806669153,114,5.492096172214489,0.8831384696523781,-19.949651729278283,1.122070302735789,57,75.43859649122807,0.12616203418414626,60.89990265610151
candidate_21,21,"3,6",2025-03-05 18:00:00,2026-03-11 01:00:00,10259,approx_full_backtest,-1.3690663397208138,-7.313922084241189,8.939759072702614,0.6117403953367573,-14.982179084431625,1.1105098975941508,113,0.8845510591159345,0.14493235975374663,-19.949651729278283,1.029898091353619,56,76.78571428571429,0.05133993579490791,76.30819202744283
candidate_21,22,"3,7",2025-03-05 18:00:00,2026-06-11 14:00:00,10596,approx_full_backtest,0.06361598089869558,-7.023090717696426,12.532721875374397,0.8174912920463351,-14.982179084431625,1.1471156024873213,101,1.1334681202412211,0.1855673864100682,-19.949651729278283,1.0448566254474587,64,78.125,0.04617569896095214,77.30038372083965
candidate_21,23,"4,5",2025-06-06 08:00:00,2025-12-08 11:00:00,11795,approx_full_backtest,1.3790175993450142,2.7911123868820793,21.312492949307284,1.2039362088307248,-18.6431466571359,1.183974598226127,135,10.236019118550232,1.6155630501537122,-10.695463643937108,1.3676639611302701,48,75.0,0.2284973191823363,0.0
candidate_21,24,"4,6",2025-06-06 08:00:00,2026-03-11 01:00:00,10259,approx_full_backtest,-50000.08906868849,-0.6925760785888627,-0.08906868849066774,-0.006346685317848433,-18.6431466571359,1.0005488718298705,123,5.42127517462534,0.8719974688055743,-11.54367293220675,1.1635380476755814,47,76.59574468085107,0.14152493142065217,0.0
candidate_21,25,"4,7",2025-06-06 08:00:00,2026-06-11 14:00:00,10596,approx_full_backtest,-5.401371169273716,1.771622392464765,3.206112637759384,0.21784164336733358,-18.6431466571359,1.0165208353870585,111,5.681385902393465,0.9130918871925742,-7.03865400827457,1.180332689827497,55,78.18181818181819,0.12239782010466804,0.0
candidate_21,26,"5,6",2025-09-06 22:00:00,2026-03-11 01:00:00,11795,approx_full_backtest,-4.301270016872127,8.325738455846173,7.971801487686481,0.4762367031687864,-19.949651729278283,1.0715150653502992,147,20.603906351500314,3.1288364917104072,-11.54367293220675,1.5421260044480596,47,76.59574468085107,0.44665747174005915,0.0
candidate_21,27,"5,7",2025-09-06 22:00:00,2026-06-11 14:00:00,10596,approx_full_backtest,-5.352453631856287,8.69557572133688,3.6201516418649993,0.24551305981963534,-19.949651729278283,1.0352980195001245,119,20.901477878697317,3.171364363832052,-10.695463643937108,1.5449772444796859,55,78.18181818181819,0.38314744546852497,0.0
candidate_21,28,"6,7",2025-12-08 12:00:00,2026-06-11 14:00:00,12132,approx_full_backtest,-50003.30033944719,5.173643438983365,-3.3003394471916137,-0.20188804789714743,-21.110589300227723,0.9721644862427364,137,15.620902046200902,2.4162449309659273,-11.54367293220675,1.3474372896008044,54,79.62962962962963,0.3103131473479146,0.0
candidate_22,1,"0,1",2024-06-01 00:00:00,2024-12-03 03:00:00,12995,approx_full_backtest,10.828529737664587,-50005.606429653184,32.65451292234802,1.6012891114265626,-9.118215990696378,1.7122591132778875,88,-5.606429653182554,-0.9443605376684094,-11.02736718707077,0.7733333486209153,16,81.25,-0.21936496347645038,158.9750177484873
candidate_22,2,"0,2",2024-06-01 00:00:00,2025-03-05 17:00:00,11459,approx_full_backtest,12.277933762405706,0.1581994754659558,33.46231773806867,1.8574704732312153,-6.726745007606949,1.626942229966986,75,3.629738956445605,0.5880655026791137,-6.738519829402334,1.1360366927010044,19,84.21052631578947,0.10904945208428768,68.34051947775365
candidate_22,3,"0,3",2024-06-01 00:00:00,2025-06-06 07:00:00,11459,approx_full_backtest,8.160709476480747,-50001.771698297365,24.29466512976508,1.396345960161427,-8.697133691626902,1.624324186278598,68,-1.7716982973623452,-0.29354124784102265,-9.118215990696378,0.8891426043963887,24,83.33333333333334,-0.0573337685985286,121.02210026855289
candidate_22,4,"0,4",2024-06-01 00:00:00,2025-09-06 21:00:00,11459,approx_full_backtest,7.087525746674664,-50000.738082366835,22.802137673888325,1.3182740433943962,-9.811396401000449,1.4997435061357165,71,-0.738082366838877,-0.12175579725347552,-4.290788770174969,0.9243103740404227,19,84.21052631578947,-0.02999999247559858,109.23600050107709
candidate_22,5,"0,5",2024-06-01 00:00:00,2025-12-08 11:00:00,11459,approx_full_backtest,7.385359669799798,7.306504588229782,24.83140379428459,1.4242075340636706,-9.811396401000449,1.3615772656793383,79,9.347790671923551,1.480458570543819,-5.101143608120406,2.169210305999532,17,88.23529411764706,0.5708174781902416,0.0
candidate_22,6,"0,6",2024-06-01 00:00:00,2026-03-11 01:00:00,11459,approx_full_backtest,6.969720240061374,-50000.63658580961,21.188348932312206,1.232853158292957,-9.811396401000449,1.5433501971988348,81,-0.6365858096117005,-0.10496792057127502,-6.726745007606949,0.9618896747272885,14,78.57142857142857,-0.013028486111516826,108.51422733236265
candidate_22,7,"0,7",2024-06-01 00:00:00,2026-06-11 14:00:00,11796,approx_full_backtest,2.0791994227477635,7.7034971811149315,10.81076539531185,0.6377909443046947,-9.811396401000449,1.2392907928211685,74,11.12586670391995,1.7504022821245524,-5.994974078311555,2.474793251630129,21,90.47619047619048,0.5421178280075143,0.0
candidate_22,8,"1,2",2024-09-01 14:00:00,2025-03-05 17:00:00,11795,approx_full_backtest,11.463794265584802,-29999.00591306411,32.352022112369205,1.7514065550812141,-6.726745007606949,1.6064765183195473,74,0.01712742404007539,0.002816453872855895,-11.02736718707077,0.9940869358914237,27,85.18518518518519,0.02679359978270437,99.8391890298295
candidate_22,9,"1,3",2024-09-01 14:00:00,2025-06-06 07:00:00,10259,approx_full_backtest,10.225582844720936,-50005.196011618165,26.334609800970465,1.6789590066204063,-6.726745007606949,1.9554933363169886,56,-5.1960116181621,-0.8736608659381528,-11.02736718707077,0.8643415422729872,32,84.375,-0.08514133880728547,152.03586642039306
candidate_22,10,"1,4",2024-09-01 14:00:00,2025-09-06 21:00:00,10259,approx_full_backtest,8.226572273433298,-50004.19842832526,24.81758673679817,1.5915055568603176,-9.118215990696378,1.7185822303233713,59,-4.198428325260695,-0.7028749103806686,-11.02736718707077,0.8741409411115079,27,85.18518518518519,-0.07105600935203035,144.16415056490803
candidate_22,11,"1,5",2024-09-01 14:00:00,2025-12-08 11:00:00,10259,approx_full_backtest,8.327380640878742,0.9300621185045621,26.88015750952555,1.710170483572493,-9.118215990696378,1.524010611143,67,5.535843506926041,0.8900173332655026,-11.02736718707077,1.43009035483593,25,88.0,0.33421538935062645,47.95739127678756
candidate_22,12,"1,6",2024-09-01 14:00:00,2026-03-11 01:00:00,10259,approx_full_backtest,7.856898039561792,-50004.100470015226,23.177312226581904,1.4958290882755243,-9.118215990696378,1.8417445868225162,69,-4.100470015228119,-0.6861847101853447,-11.02736718707077,0.9085560880730177,22,81.81818181818183,-0.06958687277407648,145.8732027317651
candidate_22,13,"1,7",2024-09-01 14:00:00,2026-06-11 14:00:00,10596,approx_full_backtest,3.1875850406691644,1.8917663092659414,12.629410066379254,0.8234618800315507,-9.118215990696378,1.381110862950201,62,7.25193445584329,1.1582575207087276,-11.02736718707077,1.5912528513644097,29,89.65517241379311,0.34606765492032254,0.0
candidate_22,14,"2,3",2024-12-03 04:00:00,2025-06-06 07:00:00,11795,approx_full_backtest,6.8826702756536795,-0.6227915274755836,22.590767610385498,1.2696679097207397,-9.805977045236357,1.6980108022706903,60,4.080315342908358,0.6598589235244479,-9.118215990696378,1.1010462074694432,35,85.71428571428571,0.0816358903826154,48.029014636623984
candidate_22,15,"2,4",2024-12-03 04:00:00,2025-09-06 21:00:00,10259,approx_full_backtest,4.2481385502055256,1.3189390574980684,18.26921167153357,1.2023048426682559,-9.805977045236357,1.3174436514636818,52,5.175509600852535,0.8332869986729108,-6.738519829402334,1.2206045501708296,30,86.66666666666667,0.12210889175732836,30.692535777897202
candidate_22,16,"2,5",2024-12-03 04:00:00,2025-12-08 11:00:00,10259,approx_full_backtest,4.740375074473863,9.219022052663613,20.223572636880593,1.3205151597752929,-9.805977045236357,1.1658587127867739,60,15.862254950077514,2.450821852945606,-6.738519829402334,2.0908481223891697,28,89.28571428571429,0.4977558478210834,0.0
candidate_22,17,"2,6",2024-12-03 04:00:00,2026-03-11 01:00:00,10259,approx_full_backtest,4.274209839777112,1.448435442151502,16.714991803004466,1.1069949140781077,-9.805977045236357,1.3280712864933426,62,5.283052880124539,0.8502354022127179,-6.738519829402334,1.1642269194946215,25,84.0,0.16203471216779955,23.19428107573702
candidate_22,18,"2,7",2024-12-03 04:00:00,2026-06-11 14:00:00,10596,approx_full_backtest,-29999.004746000213,10.133998445378012,6.72047015032895,0.4495042000423721,-9.805977045236357,0.9952539997876747,55,17.74626099422234,2.723566911938091,-6.738519829402334,2.3001583520278643,32,90.625,0.4880544061848133,0.0
candidate_22,19,"3,4",2025-03-05 18:00:00,2025-09-06 21:00:00,11795,approx_full_backtest,1.521936199932014,-50000.30649702646,12.96176436251233,0.7578198098342481,-12.75854636437609,1.32738063860782,60,-0.30649702646364796,-0.05046900211027605,-9.118215990696378,0.9833324510626111,35,85.71428571428571,0.006151906192962851,106.65976284274157
candidate_22,20,"3,5",2025-03-05 18:00:00,2025-12-08 11:00:00,10259,approx_full_backtest,1.3374108090595596,3.957131740351505,11.965301928386118,0.8082435052813475,-12.75854636437609,1.1651612021709914,53,9.823228831710384,1.5528889253112688,-9.118215990696378,1.5965499850296931,33,87.87878787878788,0.3178549606977025,0.0
candidate_22,21,"3,6",2025-03-05 18:00:00,2026-03-11 01:00:00,10259,approx_full_backtest,0.6901596403563226,-50000.2045591678,8.697728824469086,0.59580280768321,-12.75854636437609,1.3263896480658528,55,-0.20455916780646177,-0.033669143299885906,-9.118215990696378,0.9936622341673775,30,83.33333333333334,0.020097258940961253,105.65105482312327
candidate_22,22,"3,7",2025-03-05 18:00:00,2026-06-11 14:00:00,10596,approx_full_backtest,-50000.61025969998,4.939448921376824,-0.6102596999737919,-0.042199940125753344,-12.75854636437609,0.9951978457929774,48,11.609035840175697,1.8230416643876257,-9.118215990696378,1.7657593694210774,37,89.1891891891892,0.3289132692418344,0.0
candidate_22,23,"4,5",2025-06-06 08:00:00,2025-12-08 11:00:00,11795,approx_full_backtest,0.1426872762807696,7.263831201684811,12.14575167584757,0.7125804989147833,-13.82324348099665,1.134846051024601,65,10.978853401150857,1.72785561253328,-5.101143608120406,2.0617045179996856,28,89.28571428571429,0.4034008675840176,0.0
candidate_22,24,"4,6",2025-06-06 08:00:00,2026-03-11 01:00:00,10259,approx_full_backtest,0.21696099150285408,-1.3287013413179318,7.392489017977022,0.5092809739344561,-13.82324348099665,1.2350622521755839,58,0.8455471218251187,0.13856404404548606,-6.726745007606949,1.049778679267037,25,84.0,0.05635713430228602,72.79222057423274
candidate_22,25,"4,7",2025-06-06 08:00:00,2026-06-11 14:00:00,10596,approx_full_backtest,-50001.80372939616,7.8092160355725495,-1.8037293961621237,-0.12543121518033828,-13.82324348099665,0.9662456250491986,51,12.783451720682294,1.998513337859209,-5.994974078311555,2.3090103555197414,32,90.625,0.4054937984773808,0.0
candidate_22,26,"5,6",2025-09-06 22:00:00,2026-03-11 01:00:00,11795,approx_full_backtest,0.14411973572718662,6.733730986512754,9.374072583789928,0.5565799658832526,-13.82324348099665,1.2396691817973455,75,11.092330672332174,1.74495437822344,-6.726745007606949,1.6904426203928105,23,86.95652173913044,0.5079489279925057,0.0
candidate_22,27,"5,7",2025-09-06 22:00:00,2026-06-11 14:00:00,10596,approx_full_backtest,-50000.18106737366,16.29524346507904,-0.18106737365890524,-0.012495878616292089,-13.82324348099665,0.8413246284456942,59,24.243230073263433,3.635111751552711,-5.994974078311555,3.7266238528295195,30,93.33333333333333,0.7749899512515557,0.0
candidate_22,28,"6,7",2025-12-08 12:00:00,2026-06-11 14:00:00,12132,approx_full_backtest,-3.9409304475096167,7.579309281863907,1.5736864614710244,0.09406996819927294,-13.82324348099665,1.0363362216974976,70,12.898774216305942,2.0156614573995535,-6.726745007606949,1.8622467204310735,27,88.88888888888889,0.49494083713893794,0.0
candidate_23,1,"0,1",2024-06-01 00:00:00,2024-12-03 03:00:00,12995,approx_full_backtest,3.6625847049978684,-50002.14172414557,16.92655622136201,0.8829931933058921,-11.138103672011946,1.4012101124769025,98,-2.141724145569468,-0.35540623069378885,-11.421999672539629,0.8644378729563215,21,85.71428571428571,-0.08086084764503221,140.25016652315992
candidate_23,2,"0,2",2024-06-01 00:00:00,2025-03-05 17:00:00,11459,approx_full_backtest,5.431628415405923,14.480107189229573,17.45693758263105,1.0311914167556724,-7.5679109494866665,1.2512417523372175,84,13.032845003277416,2.0351161166988208,-5.947710120623806,9.626362612465403,23,95.65217391304348,0.5638809953295657,0.0
candidate_23,3,"0,3",2024-06-01 00:00:00,2025-06-06 07:00:00,11459,approx_full_backtest,4.809937523100218,-50001.146813350075,15.690942882888814,0.9336495022838953,-8.518198848004188,1.443800358819663,75,-1.1468133500735944,-0.18950681276377335,-11.138103672011946,0.919275427346181,29,86.20689655172413,-0.02331710235603153,120.29742556496859
candidate_23,4,"0,4",2024-06-01 00:00:00,2025-09-06 21:00:00,11459,approx_full_backtest,0.7366031207950212,6.922920352372344,8.997568715356286,0.5508396069980659,-11.138103672011946,1.2155498684497714,78,7.4981740744458625,1.1961526412807455,-3.06331069566369,2.985764368226148,26,88.46153846153845,0.2958471178333462,0.0
candidate_23,5,"0,5",2024-06-01 00:00:00,2025-12-08 11:00:00,11459,approx_full_backtest,2.5356326039868278,11.731917533169339,14.687859074421116,0.8776231733931272,-11.138103672011946,1.1718468063721985,87,14.027310115868108,2.182206936565656,-5.269277985065946,4.251135503996194,22,95.45454545454545,0.6367480790739389,0.0
candidate_23,6,"0,6",2024-06-01 00:00:00,2026-03-11 01:00:00,11459,approx_full_backtest,2.521059114125747,-0.4851223747601584,12.500987245819118,0.7538697117257742,-11.138103672011946,1.3693419425479016,90,1.8014426164375097,0.29404723411114997,-7.205798130713803,1.12411980400332,18,88.88888888888889,0.1298764806052058,60.99495316796706
candidate_23,7,"0,7",2024-06-01 00:00:00,2026-06-11 14:00:00,11796,approx_full_backtest,-0.03246660907941523,9.854414275858216,7.282875351283424,0.4363312208586434,-11.138103672011946,1.1873321372438321,85,11.966392050124997,1.8765975653289857,-4.740746877089041,3.7041738589180193,24,95.83333333333334,0.5023105104161584,0.0
candidate_23,8,"1,2",2024-09-01 14:00:00,2025-03-05 17:00:00,11795,approx_full_backtest,6.352220036831069,-3.4264386826597,18.759367263838378,1.0706808885402763,-7.5679109494866665,1.2790007648969521,85,0.8203889120025787,0.13445527905162624,-11.421999672539629,1.0498248533953778,30,86.66666666666667,0.04898050692009847,87.44207723414796
candidate_23,9,"1,3",2024-09-01 14:00:00,2025-06-06 07:00:00,10259,approx_full_backtest,7.73501040336749,-50011.8272505399,18.32783712950139,1.205877136767497,-7.5679109494866665,1.7042165912746305,63,-11.827250539899437,-2.0487284494625,-11.421999672539629,0.5809761818386818,36,80.55555555555556,-0.3382234348139437,269.89528924599824
candidate_23,10,"1,4",2024-09-01 14:00:00,2025-09-06 21:00:00,10259,approx_full_backtest,2.1365834312705063,-50004.11629719484,11.481903743477083,0.7771813134237471,-11.138103672011946,1.3391931483023978,66,-4.116297194841623,-0.6888803901500151,-11.421999672539629,0.781414785772252,33,81.81818181818183,-0.11538856428212295,188.6383110673703
candidate_23,11,"1,5",2024-09-01 14:00:00,2025-12-08 11:00:00,10259,approx_full_backtest,4.047594792428716,-2.6798667121505098,17.30189046022965,1.143123238892363,-11.138103672011946,1.288914774124658,75,1.7074086044459813,0.278806162203149,-11.421999672539629,1.1087867584725892,29,86.20689655172413,0.08650379498791716,75.61013959673323
candidate_23,12,"1,6",2024-09-01 14:00:00,2026-03-11 01:00:00,10259,approx_full_backtest,4.364644981971566,-50009.19753425569,15.065174196106401,1.004524088225689,-11.138103672011946,1.6105568859840853,78,-9.197534255688755,-1.5741818137099406,-11.421999672539629,0.6525413562538701,25,80.0,-0.36648284136333414,256.7092150563009
candidate_23,13,"1,7",2024-09-01 14:00:00,2026-06-11 14:00:00,10596,approx_full_backtest,1.679440000643754,-50000.130840807906,9.728128105945654,0.6421927369330893,-11.138103672011946,1.3299254872756436,73,-0.13084080790817243,-0.021533775064996874,-11.421999672539629,1.028441806848143,31,87.09677419354838,0.01792272790357242,103.35316390649876
candidate_23,14,"2,3",2024-12-03 04:00:00,2025-06-06 07:00:00,11795,approx_full_backtest,4.4932798401561795,-2.585683177550198,14.729686604099811,0.8547901106128242,-8.283470872906996,1.472506601827564,69,1.8454150782499346,0.3011702729828869,-11.138103672011946,1.1111128774158074,38,86.8421052631579,0.06556044841641366,64.76675744798112
candidate_23,15,"2,4",2024-12-03 04:00:00,2025-09-06 21:00:00,10259,approx_full_backtest,1.2739712570068662,7.08261278149413,9.541851955003565,0.6512457365862145,-8.283470872906996,1.0798563947425313,59,10.752081240813038,1.6936417497019463,-5.947710120623806,3.010265542181979,35,88.57142857142857,0.3102719449090181,0.0
candidate_23,16,"2,5",2024-12-03 04:00:00,2025-12-08 11:00:00,10259,approx_full_backtest,3.4964627901001677,12.223220424065142,15.260556981548312,1.0167303650073123,-8.283470872906996,1.0240650513253766,68,17.478850430317006,2.6845435738643175,-5.947710120623806,3.951677843268186,31,93.54838709677419,0.5540629273475901,0.0
candidate_23,17,"2,6",2024-12-03 04:00:00,2026-03-11 01:00:00,10259,approx_full_backtest,3.372990393774896,1.5547092640274163,13.06276493061851,0.8783044139058616,-8.283470872906996,1.2105087901280205,71,4.882913037011716,0.7871015137073112,-7.205798130713803,1.3191517792649017,27,88.88888888888889,0.20389887626082728,10.38397379707643
candidate_23,18,"2,7",2024-12-03 04:00:00,2026-06-11 14:00:00,10596,approx_full_backtest,0.7647026251249283,10.424170727584618,7.8185962085748795,0.520435993493118,-8.283470872906996,1.0199489328226117,66,15.355549574157635,2.3775448522353138,-5.947710120623806,3.550913646459648,33,93.93939393939394,0.4613013714586799,0.0
candidate_23,19,"3,4",2025-03-05 18:00:00,2025-09-06 21:00:00,11795,approx_full_backtest,2.3368626485447725,-50003.14146159509,13.270936536040502,0.7748801125490701,-11.421999672539629,1.360449032050757,67,-3.1414615950924873,-0.5235361771423808,-11.138103672011946,0.8208110152442275,41,82.92682926829268,-0.06794977534364126,167.5635067494686
candidate_23,20,"3,5",2025-03-05 18:00:00,2025-12-08 11:00:00,10259,approx_full_backtest,2.222778240314094,-1.887055125397098,13.52758541845478,0.9077878363663139,-11.421999672539629,1.194417067375387,59,2.741452970330771,0.4457614875622129,-11.138103672011946,1.1641433442813824,37,86.48648648648648,0.09541869964514492,50.89585146387249
candidate_23,21,"3,6",2025-03-05 18:00:00,2026-03-11 01:00:00,10259,approx_full_backtest,2.11458547456931,-50008.274358850875,11.362837725678322,0.7695111721511827,-11.421999672539629,1.4854373110807206,62,-8.274358850871222,-1.4103115491154061,-11.138103672011946,0.6741529019884906,33,81.81818181818183,-0.24667240005644217,283.2736937623471
candidate_23,22,"3,7",2025-03-05 18:00:00,2026-06-11 14:00:00,10596,approx_full_backtest,-0.7180207486966128,-3.1499281428783963,6.197516403867387,0.41548561107211945,-11.421999672539629,1.2194924715989877,57,0.8845143447322901,0.1449590235941045,-11.138103672011946,1.0789024958419406,39,87.17948717948718,0.04044836915978226,65.11094013098261
candidate_23,23,"4,5",2025-06-06 08:00:00,2025-12-08 11:00:00,11795,approx_full_backtest,-0.9060966455655244,7.755262455599715,6.847352039142907,0.41110096024916665,-11.421999672539629,1.0098845505308267,73,11.726480150595453,1.8402403101730247,-5.269277985065946,2.468917692578733,34,88.23529411764706,0.34996214467241993,0.0
candidate_23,24,"4,6",2025-06-06 08:00:00,2026-03-11 01:00:00,10259,approx_full_backtest,-0.18170656268592622,-50000.25269519881,4.919868875379341,0.34266374211988637,-11.421999672539629,1.1689873363580603,65,-0.25269519880933844,-0.041600409526110216,-7.205798130713803,0.9697203991189143,30,83.33333333333334,0.00760106100431089,112.14030094597976
candidate_23,25,"4,7",2025-06-06 08:00:00,2026-06-11 14:00:00,10596,approx_full_backtest,-3.4484621966230398,6.481891606636187,0.05339055234498957,0.003680584114174046,-11.421999672539629,1.0082219748006838,60,9.707147052846544,1.5355770589513984,-4.740746877089041,2.226382177568911,36,88.88888888888889,0.2762696508117618,0.0
candidate_23,26,"5,6",2025-09-06 22:00:00,2026-03-11 01:00:00,11795,approx_full_backtest,1.2778273970300282,2.3472504890023327,9.737667364794312,0.5772543911336303,-11.421999672539629,1.2766557388006532,85,5.805674893701829,0.9323932324593054,-7.205798130713803,1.3439334495537993,26,88.46153846153845,0.2517101733111147,0.0
candidate_23,27,"5,7",2025-09-06 22:00:00,2026-06-11 14:00:00,10596,approx_full_backtest,-40000.00649449712,11.058898570399819,5.276744158869473,0.3552077259382891,-11.421999672539629,0.9466830848777295,69,16.370449885583916,2.5251625634921115,-5.269277985065946,2.886541563687859,32,93.75,0.5081918782869712,0.0
candidate_23,28,"6,7",2025-12-08 12:00:00,2026-06-11 14:00:00,12132,approx_full_backtest,-1.2460418349485805,0.8640656262964805,4.707872332256868,0.2774099433989541,-11.421999672539629,1.1316508226372715,82,3.893353831098545,0.6302429775034923,-7.205798130713803,1.2472746504680445,28,89.28571428571429,0.1639806791589331,0.0
candidate_24,1,"0,1",2024-06-01 00:00:00,2024-12-03 03:00:00,12995,approx_full_backtest,-5.683189692225772,2.438822587178794,10.413329996794918,0.5584554523067942,-23.645348617115523,1.0731761474021777,192,11.092188147052507,1.744932911656072,-12.724015267174927,1.3854064189172641,47,78.72340425531915,0.27521159166089804,0.0
candidate_24,2,"0,2",2024-06-01 00:00:00,2025-03-05 17:00:00,11459,approx_full_backtest,-8.5097348326413,8.932953161154268,0.7188758775921178,0.04568209714832516,-21.06593683834401,1.013052899005659,167,18.30705540445521,2.803243216514195,-8.591941174532348,1.7891512000416345,42,83.33333333333334,0.44847590477734417,0.0
candidate_24,3,"0,3",2024-06-01 00:00:00,2025-06-06 07:00:00,11459,approx_full_backtest,-1.1594480090406045,-50008.015906276116,18.94986193227488,1.1125855815380614,-21.06593683834401,1.1531967916982482,169,-8.015906276119267,-1.3646813233121557,-19.72653679905744,0.7925880025093901,50,78.0,-0.14001270948440342,222.6585483361731
candidate_24,4,"0,4",2024-06-01 00:00:00,2025-09-06 21:00:00,11459,approx_full_backtest,-1.771849796278326,1.214250826589036,17.325963903533292,1.0240045939548859,-21.06593683834401,1.121841601059988,174,5.0943026620489995,0.8204795024094658,-7.935101822482515,1.2799167338951083,39,79.48717948717949,0.15639264200913258,19.87540805450593
candidate_24,5,"0,5",2024-06-01 00:00:00,2025-12-08 11:00:00,11459,approx_full_backtest,-0.4412703033275043,5.751871185380452,20.729129449499297,1.208351143538522,-21.06593683834401,1.150067986084846,182,12.441642470159952,1.9471584009377096,-7.935101822482515,1.470565729527912,42,76.19047619047619,0.32117715874211605,0.0
candidate_24,6,"0,6",2024-06-01 00:00:00,2026-03-11 01:00:00,11459,approx_full_backtest,-7.885479840128609,3.6653038627409718,1.4634580555300758,0.09267702948829726,-22.188443205565466,1.0173819152620864,177,12.600802158581125,1.9708757429101498,-11.975480900070268,1.333598623457291,44,79.54545454545455,0.3213895171768789,0.0
candidate_24,7,"0,7",2024-06-01 00:00:00,2026-06-11 14:00:00,11796,approx_full_backtest,-50002.29805988312,0.29916016048317895,-2.2980598831208177,-0.14388304369371552,-23.645348617115523,0.981058653908729,165,7.585197732191151,1.2098944091904817,-12.706520087293915,1.240953862852599,47,78.72340425531915,0.1897764548073257,0.0
candidate_24,8,"1,2",2024-09-01 14:00:00,2025-03-05 17:00:00,11795,approx_full_backtest,-5.692252911591119,5.1931829425686225,6.535248886862743,0.3929078161419852,-21.06593683834401,1.0600995799828414,160,16.935446258190566,2.6062815929106087,-12.724015267174927,1.4256184190984142,67,77.61194029850746,0.269906551189201,0.0
candidate_24,9,"1,3",2024-09-01 14:00:00,2025-06-06 07:00:00,10259,approx_full_backtest,-3.093939065896857,-50009.08233653956,13.479878308101622,0.90476695708821,-21.06593683834401,1.1386516856396076,132,-9.082336539565638,-1.5536575842098888,-19.72653679905744,0.8407397097464714,75,74.66666666666667,-0.1033717939358955,271.7190898759155
candidate_24,10,"1,4",2024-09-01 14:00:00,2025-09-06 21:00:00,10259,approx_full_backtest,-3.6771220554826693,-2.023018485813708,11.930656243503645,0.8060213911280201,-21.06593683834401,1.1029706119411409,137,3.875877385054549,0.6273166729697133,-12.724015267174927,1.1223550253653611,64,75.0,0.08354787449037789,22.171212839427383
candidate_24,11,"1,5",2024-09-01 14:00:00,2025-12-08 11:00:00,10259,approx_full_backtest,-2.55794189370653,2.102789016829866,15.177325098305916,1.011532916400948,-21.06593683834401,1.1363553614655963,145,11.138034796840412,1.7518369576430715,-12.724015267174927,1.260992928449453,67,73.13432835820896,0.19010733725666992,0.0
candidate_24,12,"1,6",2024-09-01 14:00:00,2026-03-11 01:00:00,10259,approx_full_backtest,-50003.20240237508,2.1255385876396966,-3.2024023750750197,-0.23155989090729578,-22.188443205565466,0.9684632572648897,140,11.295349245486076,1.7755088593546908,-12.724015267174927,1.213760491803724,69,75.36231884057972,0.19404187949000987,0.0
candidate_24,13,"1,7",2024-09-01 14:00:00,2026-06-11 14:00:00,10596,approx_full_backtest,-50006.79094456418,-0.5387242012791664,-6.79094456417716,-0.4837481569569979,-23.645348617115523,0.9222606269743794,128,6.337893920024729,1.0159418748789673,-12.724015267174927,1.1402876057226556,72,75.0,0.1134339486801711,0.0
candidate_24,14,"2,3",2024-12-03 04:00:00,2025-06-06 07:00:00,11795,approx_full_backtest,-2.9211597761100134,-50003.177701081746,14.011448295606833,0.8155650430421213,-21.06593683834401,1.1308495681095463,148,-3.177701081742512,-0.5296579050839911,-19.72653679905744,0.9418141703226753,70,77.14285714285715,-0.02645487646579879,164.94367427867257
candidate_24,15,"2,4",2024-12-03 04:00:00,2025-09-06 21:00:00,10259,approx_full_backtest,-4.80603489369841,3.832712920393546,8.558779464525879,0.5866381532178666,-21.06593683834401,1.0832628693293687,128,10.622082308008807,1.6740019784452498,-8.591941174532348,1.3759521217745967,59,77.96610169491525,0.19064588406729538,0.0
candidate_24,16,"2,5",2024-12-03 04:00:00,2025-12-08 11:00:00,10259,approx_full_backtest,-3.7001557532099345,8.088877457625603,11.707643413255543,0.7917024256062888,-21.06593683834401,1.117821968333627,136,18.355879558763743,2.81021907564023,-8.591941174532348,1.488299628160205,62,75.80645161290323,0.30061669014166337,0.0
candidate_24,17,"2,6",2024-12-03 04:00:00,2026-03-11 01:00:00,10259,approx_full_backtest,-50006.11840039247,6.357319034430697,-6.118400392474877,-0.448685050003228,-13.747036066140195,0.932761203487232,131,18.523410773174675,2.8341372030537215,-11.975480900070268,1.3791173763345983,64,78.125,0.3014052012093269,0.0
candidate_24,18,"2,7",2024-12-03 04:00:00,2026-06-11 14:00:00,10596,approx_full_backtest,-50009.59883884589,3.1832811797312592,-9.598838845890057,-0.6934219299464583,-15.361994243232735,0.8819451600273052,119,13.2439941765899,2.0669073286660344,-12.706520087293915,1.3174241120516486,67,77.61194029850746,0.20997444026206813,0.0
candidate_24,19,"3,4",2025-03-05 18:00:00,2025-09-06 21:00:00,11795,approx_full_backtest,2.7268570750102,-50013.990996123066,29.87284453723491,1.632293676987917,-21.06593683834401,1.2322048887486323,157,-13.990996123063482,-2.448140034290791,-19.72653679905744,0.6886919859289543,67,74.6268656716418,-0.21773904947609254,249.98159147490915
candidate_24,20,"3,5",2025-03-05 18:00:00,2025-12-08 11:00:00,10259,approx_full_backtest,3.8390203850076188,-50007.97794534834,31.927691259536385,1.9931773396733465,-21.06593683834401,1.30063994624289,138,-7.9779453483406755,-1.3579882845868085,-19.72653679905744,0.8434934152320169,70,72.85714285714285,-0.10283412408693572,168.13183441114995
candidate_24,21,"3,6",2025-03-05 18:00:00,2026-03-11 01:00:00,10259,approx_full_backtest,0.5604356278629488,-50007.84768932198,10.874979630116165,0.7380039799106175,-12.724015267174927,1.1281524734019395,133,-7.847689321974649,-1.3350398634498273,-19.72653679905744,0.877222475859085,72,75.0,-0.09092625829821814,280.89873493792254
candidate_24,22,"3,7",2025-03-05 18:00:00,2026-06-11 14:00:00,10596,approx_full_backtest,-2.3891507439964417,-50011.95245170802,6.764551769496818,0.4523646500528722,-14.989731606342794,1.077122937747139,121,-11.952451708017243,-2.072076775928655,-19.72653679905744,0.7913299678918925,75,74.66666666666667,-0.15691114636413425,558.0545309379218
candidate_24,23,"4,5",2025-06-06 08:00:00,2025-12-08 11:00:00,11795,approx_full_backtest,2.127140120198549,1.5787864688340953,27.863582281062648,1.5341827096889693,-21.06593683834401,1.20919815318716,158,5.137674043684504,0.8273208183059655,-6.8834065785222,1.159469692692708,59,72.88135593220339,0.10002643773713302,46.07416619408445
candidate_24,24,"4,6",2025-06-06 08:00:00,2026-03-11 01:00:00,10259,approx_full_backtest,-3.121499061150287,-0.9141641832000327,9.361319522123601,0.6394216084660176,-18.416390151408958,1.0905399558421276,138,5.286495059408813,0.8507776373632092,-11.975480900070268,1.1280486065664856,61,75.40983606557377,0.10743045762466621,0.0
candidate_24,25,"4,7",2025-06-06 08:00:00,2026-06-11 14:00:00,10596,approx_full_backtest,-4.728865348178287,-3.9320562396429732,5.3070070330710095,0.3571966572414764,-18.416390151408958,1.0485887175159287,126,0.5966935612334856,0.09790634076154436,-12.706520087293915,1.0204126099519948,64,75.0,0.020806445863535653,72.5903535834725
candidate_24,26,"5,6",2025-09-06 22:00:00,2026-03-11 01:00:00,11795,approx_full_backtest,-2.5957524670366516,3.2446550557613794,12.762788928694647,0.7468170473995839,-19.72653679905744,1.1052905678089988,168,12.647271398484538,1.977795120566772,-11.975480900070268,1.2434957544088008,64,73.4375,0.21786539912370845,0.0
candidate_24,27,"5,7",2025-09-06 22:00:00,2026-06-11 14:00:00,10596,approx_full_backtest,-3.2844216396570407,0.1543032498164003,8.361549831273862,0.5552591126176676,-19.72653679905744,1.0819434685734046,134,7.629597081641903,1.216763695877443,-12.706520087293915,1.1679471570619055,67,73.13432835820896,0.13017522632953707,0.0
candidate_24,28,"6,7",2025-12-08 12:00:00,2026-06-11 14:00:00,12132,approx_full_backtest,-7.579104902987501,0.20213050465850935,2.8609558145840097,0.17000590002642646,-22.188443205565466,1.0244776045553843,158,7.7819453821476925,1.2403164191777227,-12.706520087293915,1.1420686186364057,69,75.36231884057972,0.13584693119844607,0.0
candidate_25,1,"0,1",2024-06-01 00:00:00,2024-12-03 03:00:00,12995,approx_full_backtest,-50003.564877346274,11.486341042912597,-3.5648773462715555,-0.20386253916663266,-28.42044199458821,0.9724173595074698,181,24.367095518738367,3.651262775635522,-9.946777502753468,1.824469044324971,46,82.6086956521739,0.5422293633687386,0.0
candidate_25,2,"0,2",2024-06-01 00:00:00,2025-03-05 17:00:00,11459,approx_full_backtest,-50000.575926285324,2.8123988811660796,-0.5759262853210712,-0.03682051511286755,-20.468618876692414,0.9970211399938632,156,11.175893803493263,1.7575363509553021,-11.676594007191044,1.3504343239753764,39,74.35897435897436,0.29989543357730425,0.0
candidate_25,3,"0,3",2024-06-01 00:00:00,2025-06-06 07:00:00,11459,approx_full_backtest,5.8854179722965245,-50011.48698642627,34.81333923903931,1.9229033948059193,-19.327996595714716,1.2593899999822227,159,-11.486986426269297,-1.9866652129665208,-19.914773004757535,0.7329493968531129,48,72.91666666666666,-0.24205853131508634,203.31591375483723
candidate_25,4,"0,4",2024-06-01 00:00:00,2025-09-06 21:00:00,11459,approx_full_backtest,2.506454359616099,-50000.242835871875,26.955304718696738,1.5333682276632787,-19.327996595714716,1.1639221503705197,166,-0.24283587187721167,-0.03997564987525681,-9.946777502753468,0.9650858951770037,37,75.67567567567568,-0.00019693830895964852,102.60704827151508
candidate_25,5,"0,5",2024-06-01 00:00:00,2025-12-08 11:00:00,11459,approx_full_backtest,4.259704394849404,1.069426144205513,32.93083292827972,1.8315594046938388,-19.914773004757535,1.2050822939517474,176,6.8690513651332274,1.0985179188643501,-9.946777502753468,1.2068327214499772,37,70.27027027027027,0.20254922095102335,40.02280701083911
candidate_25,6,"0,6",2024-06-01 00:00:00,2026-03-11 01:00:00,11459,approx_full_backtest,-6.307895233452312,-0.3935421382026324,9.988348370534705,0.6088698182906249,-24.797715682507803,1.0676706328704697,170,9.147474287735635,1.4498626749729793,-15.524130937526193,1.2315634793775454,42,76.19047619047619,0.2402073380587636,0.0
candidate_25,7,"0,7",2024-06-01 00:00:00,2026-06-11 14:00:00,11796,approx_full_backtest,-9.439961435536615,-50001.10114550265,4.298644789829398,0.26100486169651216,-27.00540637707728,1.029159498477686,161,-1.1011455026560313,-0.1819662615083928,-13.308224237610789,0.9511673795961985,44,70.45454545454545,-0.009597278305953704,169.7175754986423
candidate_25,8,"1,2",2024-09-01 14:00:00,2025-03-05 17:00:00,11795,approx_full_backtest,-7.50784528013255,14.05241006337122,0.6723445653751936,0.0415166261260147,-20.468618876692414,1.0058038206605575,151,32.61166180054769,4.751180248330145,-11.676594007191044,1.7558599812400744,65,78.46153846153847,0.49626065471347336,0.0
candidate_25,9,"1,3",2024-09-01 14:00:00,2025-06-06 07:00:00,10259,approx_full_backtest,-4.460643577140608,-4.00624872347065,6.935578552886268,0.4787623363537552,-19.327996595714716,1.0666072599144532,122,5.5791630668954095,0.8968265859561786,-19.914773004757535,1.0784197300503364,74,77.02702702702703,0.12084069113157773,0.0
candidate_25,10,"1,4",2024-09-01 14:00:00,2025-09-06 21:00:00,10259,approx_full_backtest,-29999.000868913594,9.272247240914913,0.7024901028521713,0.04987348345040221,-19.327996595714716,0.9991310864056565,129,18.99129261711119,2.9007865541654576,-7.255230925534628,1.548560145842895,63,79.36507936507937,0.32624974491157777,0.0
candidate_25,11,"1,5",2024-09-01 14:00:00,2025-12-08 11:00:00,10259,approx_full_backtest,-5.477252021276032,12.948131384463755,5.442351676326274,0.37817285377024223,-19.914773004757535,1.036787722921778,139,27.47441924440912,4.072773900825388,-8.850922128853133,1.664663248179913,63,76.19047619047619,0.44532288606426623,0.0
candidate_25,12,"1,6",2024-09-01 14:00:00,2026-03-11 01:00:00,10259,approx_full_backtest,-50012.755905806735,10.801699600786996,-12.755905806733503,-0.9672521494541564,-24.797715682507803,0.873157708187426,133,30.19214374127546,4.4344550027489715,-15.524130937526193,1.6064615074927147,68,79.41176470588235,0.45073130654895543,0.0
candidate_25,13,"1,7",2024-09-01 14:00:00,2026-06-11 14:00:00,10596,approx_full_backtest,-50017.26904781206,5.6407734912448655,-17.26904781205342,-1.2987005147215624,-27.00540637707728,0.8273780360112796,124,17.96749273943108,2.7552895453523574,-13.308224237610789,1.3420101693268707,70,75.71428571428571,0.2876962914485562,0.0
candidate_25,14,"2,3",2024-12-03 04:00:00,2025-06-06 07:00:00,11795,approx_full_backtest,-4.053813465539989,-50005.6192655137,8.267771260496627,0.493275485495448,-19.327996595714716,1.0720288794528519,137,-5.619265513695937,-0.9465758150912218,-19.914773004757535,0.9083689097514185,67,71.64179104477611,-0.0642450397270202,291.8959775875497
candidate_25,15,"2,4",2024-12-03 04:00:00,2025-09-06 21:00:00,10259,approx_full_backtest,-4.320836711114184,-0.22476524312265944,7.07810229646213,0.48829496840092634,-19.327996595714716,1.0613265959347609,119,6.370284329323583,1.0207714593198691,-11.676594007191044,1.1905708253780276,56,73.21428571428571,0.13048402007111226,0.0
candidate_25,16,"2,5",2024-12-03 04:00:00,2025-12-08 11:00:00,10259,approx_full_backtest,-0.5869242774968471,4.111606546139965,12.118050980125862,0.8180329562065491,-15.452082798044719,1.1100701680384504,129,13.953634098040846,2.1713463952833356,-11.676594007191044,1.332932345757242,56,69.64285714285714,0.2644413038678868,0.0
candidate_25,17,"2,6",2024-12-03 04:00:00,2026-03-11 01:00:00,10259,approx_full_backtest,-50007.232363040406,3.434777093853171,-7.232363040403323,-0.5332877389089496,-16.443441367078325,0.9181032182531734,123,16.38309865046532,2.526419521175738,-15.524130937526193,1.3317404299853108,61,73.77049180327869,0.2852967219652765,0.0
candidate_25,18,"2,7",2024-12-03 04:00:00,2026-06-11 14:00:00,10596,approx_full_backtest,-50012.03123823039,-1.4157186574851306,-12.03123823038652,-0.8800169774012323,-18.896385963619554,0.8638240115089978,114,5.4550754792476175,0.8775138593188014,-13.308224237610789,1.1115454459926735,63,69.84126984126983,0.10939859676114022,0.0
candidate_25,19,"3,4",2025-03-05 18:00:00,2025-09-06 21:00:00,11795,approx_full_backtest,9.213827894222591,-50015.312986488556,45.62591900400987,2.355593142219714,-19.327996595714716,1.3318737036339177,147,-15.312986488558556,-2.6963206013805974,-19.914773004757535,0.6973370263802763,65,72.3076923076923,-0.2462711736716419,214.46461415827565
candidate_25,20,"3,5",2025-03-05 18:00:00,2025-12-08 11:00:00,10259,approx_full_backtest,13.802827058416101,-50009.27548035257,52.025644060609835,3.028486177716294,-15.452082798044719,1.4635406474343762,132,-9.275480352568067,-1.5880814434747648,-19.914773004757535,0.8285169857396153,65,69.23076923076923,-0.1308618214774977,152.4381275093782
candidate_25,21,"3,6",2025-03-05 18:00:00,2026-03-11 01:00:00,10259,approx_full_backtest,6.110482558058058,-50007.34125503133,25.787592929736512,1.6475375371209466,-11.682878860183976,1.265168073184951,126,-7.341255031333105,-1.24607334844834,-19.914773004757535,0.8823938139167109,70,72.85714285714285,-0.08445187675367347,175.63247090720853
candidate_25,22,"3,7",2025-03-05 18:00:00,2026-06-11 14:00:00,10596,approx_full_backtest,1.2869856550400294,-50016.04163269592,19.280593520221288,1.2231394688711816,-17.48368533124054,1.2078746672311322,117,-16.041632695916753,-2.8351272264410254,-19.914773004757535,0.7480714880111238,72,69.44444444444444,-0.22809194189843307,331.7910016473857
candidate_25,23,"4,5",2025-06-06 08:00:00,2025-12-08 11:00:00,11795,approx_full_backtest,5.618098905200675,-1.20973110031789,34.61495585296681,1.858316742222188,-18.607698645744485,1.2250693821774206,153,2.2496063742653227,0.3665245818588403,-8.850922128853133,1.0636856478309729,54,70.37037037037037,0.05750934054917196,80.27652802500462
candidate_25,24,"4,6",2025-06-06 08:00:00,2026-03-11 01:00:00,10259,approx_full_backtest,0.0027646454610290583,-3.2227095463518447,18.45565342692479,1.213659822457136,-18.607698645744485,1.1419745597382855,133,4.42954382120897,0.7153254626886207,-15.524130937526193,1.1103331247752612,59,74.57627118644068,0.09660832903280493,41.060464435545356
candidate_25,25,"4,7",2025-06-06 08:00:00,2026-06-11 14:00:00,10596,approx_full_backtest,-2.196472802285595,-50005.37607647822,12.32793566915442,0.8048297615496303,-18.607698645744485,1.0972686052941385,124,-5.3760764782236015,-0.9048505334623091,-13.308224237610789,0.8776345772630588,61,70.49180327868852,-0.07887044313105812,212.42756874697295
candidate_25,26,"5,6",2025-09-06 22:00:00,2026-03-11 01:00:00,11795,approx_full_backtest,-0.17439583153924287,1.0277991657684507,20.44009905268185,1.1587017278977374,-19.914773004757535,1.1372381044946334,162,11.874534327504893,1.8624215249220644,-15.524130937526193,1.2434598932387817,59,71.1864406779661,0.22375422551787905,0.0
candidate_25,27,"5,7",2025-09-06 22:00:00,2026-06-11 14:00:00,10596,approx_full_backtest,-1.2731612534352545,-3.7300351842358257,17.61498334158147,1.125036289629855,-19.914773004757535,1.1467591146956617,134,1.3698517956201473,0.22404813634382403,-13.308224237610789,1.0216517858937602,61,67.21311475409836,0.044106735436472616,80.08525250171819
candidate_25,28,"6,7",2025-12-08 12:00:00,2026-06-11 14:00:00,12132,approx_full_backtest,-5.220950988292618,-3.543773867996972,12.812156468096392,0.7285884334757409,-24.797715682507803,1.094258152497717,152,3.531033082827695,0.5724324386308766,-15.524130937526193,1.060943806341077,66,71.21212121212122,0.08007421037734902,21.432675522986283
candidate_26,1,"0,1",2024-06-01 00:00:00,2024-12-03 03:00:00,12995,approx_full_backtest,-9.271743550790566,6.350378727636041,3.6101358250148374,0.19957679034054987,-25.952944511904807,1.0255739106791966,221,16.010714183977793,2.4723987996332797,-10.579480078905645,1.7152221979059865,55,87.27272727272727,0.31119410370121053,0.0
candidate_26,2,"0,2",2024-06-01 00:00:00,2025-03-05 17:00:00,11459,approx_full_backtest,-50006.387402210574,6.82366709389617,-6.387402210573523,-0.41996591562144525,-21.093997488186222,0.9456573631307188,195,13.501885055553963,2.104625745222899,-7.080261667587784,1.7451517359853455,44,88.63636363636364,0.32529939607973074,0.0
candidate_26,3,"0,3",2024-06-01 00:00:00,2025-06-06 07:00:00,11459,approx_full_backtest,1.8660830018634802,-50009.45406095253,21.431106105102526,1.2457705574484557,-17.070416348820483,1.1875066992102963,197,-9.454060952531783,-1.6199642383774915,-18.253949168102,0.7559291480395309,56,80.35714285714286,-0.15635313464908993,230.03712671580922
candidate_26,4,"0,4",2024-06-01 00:00:00,2025-09-06 21:00:00,11459,approx_full_backtest,4.636027249448116,-50000.52549630219,30.25197987200081,1.6994644500078149,-17.070416348820483,1.2259188748341725,202,-0.5254963021880332,-0.08660975277912097,-6.1976518314522995,0.9772618363263614,44,81.81818181818183,0.006326046387624629,105.0962968233153
candidate_26,5,"0,5",2024-06-01 00:00:00,2025-12-08 11:00:00,11459,approx_full_backtest,1.5911720039382513,3.8714361491923057,24.435068133435234,1.403645004119003,-19.18824394021499,1.191757679276094,211,9.054325455478264,1.4356193379931659,-7.311545253042828,1.3724828874308486,48,81.25,0.21160001853514543,0.0
candidate_26,6,"0,6",2024-06-01 00:00:00,2026-03-11 01:00:00,11459,approx_full_backtest,-8.573524207065708,-1.411996122265648,5.337907956402099,0.33212327262459596,-25.952944511904807,1.0454319018401037,208,4.278864667361937,0.6914127436081996,-11.978770401389738,1.1397990849096584,46,82.6086956521739,0.12457923055575906,0.0
candidate_26,7,"0,7",2024-06-01 00:00:00,2026-06-11 14:00:00,11796,approx_full_backtest,-8.663848122684211,-0.7829194994523949,5.1277220348105335,0.3101812596908671,-25.952944511904807,1.0445368725055737,188,6.090791536464213,0.9772926993046438,-13.046932263421384,1.1904147236754443,62,83.87096774193549,0.1211007806718148,0.0
candidate_26,8,"1,2",2024-09-01 14:00:00,2025-03-05 17:00:00,11795,approx_full_backtest,-50002.504470783504,10.680749101599002,-2.50447078350281,-0.15698811732615114,-21.093997488186222,0.9751729543232027,188,24.90101419700892,3.724310771696504,-10.579480078905645,1.8089766304509338,75,86.66666666666667,0.3277249991060372,0.0
candidate_26,9,"1,3",2024-09-01 14:00:00,2025-06-06 07:00:00,10259,approx_full_backtest,-4.16981913024752,-50000.360424737315,5.312574630929778,0.3693681926619563,-17.070416348820483,1.0563727179424023,154,-0.36042473731640046,-0.05936235904009379,-18.253949168102,0.976616216889521,87,81.60919540229885,0.01736121798960462,116.07132401203313
candidate_26,10,"1,4",2024-09-01 14:00:00,2025-09-06 21:00:00,10259,approx_full_backtest,-1.4101988274366568,2.369292029628177,12.962582579325233,0.8719351334820269,-17.070416348820483,1.116527119528881,159,9.464846266823002,1.4983157189760954,-10.579480078905645,1.319359837083335,75,82.66666666666667,0.1405939672866683,0.0
candidate_26,11,"1,5",2024-09-01 14:00:00,2025-12-08 11:00:00,10259,approx_full_backtest,-4.301021239371902,8.066212206466624,7.917796517185605,0.5442194153934654,-19.18824394021499,1.0743369907001727,168,20.00678090318122,3.044691920099063,-10.579480078905645,1.5394714459751313,79,82.27848101265823,0.258519017659894,0.0
candidate_26,12,"1,6",2024-09-01 14:00:00,2026-03-11 01:00:00,10259,approx_full_backtest,-50008.644443347795,4.5232968435774294,-8.644443347795006,-0.6418983261316846,-25.952944511904807,0.9055270440373913,165,14.751714915494428,2.2886799812575687,-11.978770401389738,1.334438348653897,77,83.11688311688312,0.2077512481949293,0.0
candidate_26,13,"1,7",2024-09-01 14:00:00,2026-06-11 14:00:00,10596,approx_full_backtest,-50008.82672959441,4.849267917839571,-8.826729594408178,-0.6351683938134012,-25.952944511904807,0.8942432925653719,145,16.745615752391686,2.579458380289279,-13.046932263421384,1.365588123882481,93,83.87096774193549,0.1911231172806145,0.0
candidate_26,14,"2,3",2024-12-03 04:00:00,2025-06-06 07:00:00,11795,approx_full_backtest,-3.688899206740467,-50002.5152142369,6.705795944326498,0.402855546118408,-17.070416348820483,1.0704287196225597,174,-2.515214236899732,-0.41804893216117467,-18.253949168102,0.9498113141390896,76,81.57894736842105,-0.01700100409161613,203.7714228311259
candidate_26,15,"2,4",2024-12-03 04:00:00,2025-09-06 21:00:00,10259,approx_full_backtest,-4.289929033884574,2.6424043139092808,5.143449836775815,0.357878866771677,-17.070416348820483,1.0492133533352133,152,7.097577029801361,1.1340386450835682,-7.080261667587784,1.3003784132157556,64,82.8125,0.12096945735065157,0.0
candidate_26,16,"2,5",2024-12-03 04:00:00,2025-12-08 11:00:00,10259,approx_full_backtest,-6.030771141646129,8.298836329603668,0.447857737601165,0.03183322984454673,-17.070416348820483,1.0027406348931278,161,17.411533475768536,2.6748649078288222,-7.311545253042828,1.5422435599685425,68,82.35294117647058,0.25912500175107633,0.0
candidate_26,17,"2,6",2024-12-03 04:00:00,2026-03-11 01:00:00,10259,approx_full_backtest,-50014.96796400324,3.0916248818701773,-14.96796400324275,-1.1482399041564118,-21.093997488186222,0.8239571710947695,158,12.270112703650282,1.9215662929962907,-11.978770401389738,1.322816183614384,66,83.33333333333334,0.19991430052956255,0.0
candidate_26,18,"2,7",2024-12-03 04:00:00,2026-06-11 14:00:00,10596,approx_full_backtest,-50015.137632617305,3.6233471997302327,-15.137632617301279,-1.1254283439674384,-21.093997488186222,0.8057514488666508,138,14.22089376032738,2.211218338783394,-13.046932263421384,1.356454220632717,82,84.14634146341463,0.18258472720778937,0.0
candidate_26,19,"3,4",2025-03-05 18:00:00,2025-09-06 21:00:00,11795,approx_full_backtest,5.600906291231011,-50014.563086973176,32.65408930092046,1.7657761609077838,-17.070416348820483,1.2813136369496074,185,-14.56308697317612,-2.555146096442762,-18.253949168102,0.6778998943031849,76,77.63157894736842,-0.2016697854923092,244.70385052254665
candidate_26,20,"3,5",2025-03-05 18:00:00,2025-12-08 11:00:00,10259,approx_full_backtest,5.251460341539406,-50006.33514546156,30.29757488839384,1.9028954357298344,-17.070416348820483,1.3245996169029273,163,-6.335145461564295,-1.0705263573765555,-18.253949168102,0.8698566466570654,80,77.5,-0.06810561060979996,156.25776053038706
candidate_26,21,"3,6",2025-03-05 18:00:00,2026-03-11 01:00:00,10259,approx_full_backtest,-0.19312215908675823,-50010.43670528695,10.300690604501007,0.7007494258260971,-13.046932263421384,1.1197134349985602,160,-10.436705286951764,-1.7963460166281142,-18.253949168102,0.816143337285431,78,78.2051282051282,-0.12659750170392392,356.34641291506506
candidate_26,22,"3,7",2025-03-05 18:00:00,2026-06-11 14:00:00,10596,approx_full_backtest,-0.007178309063139654,-50008.88047296036,10.080602197994093,0.6644514983398908,-12.77096587036748,1.1253309784109158,140,-8.880472960357489,-1.518084000040587,-18.253949168102,0.8490909668788865,94,79.7872340425532,-0.08613831209381342,328.47175509927627
candidate_26,23,"4,5",2025-06-06 08:00:00,2025-12-08 11:00:00,11795,approx_full_backtest,5.391352071640348,0.1566442429493844,32.187054304792476,1.743545895500187,-17.070416348820483,1.2673427332050509,184,2.9009695758317466,0.4713916851759148,-7.311545253042828,1.0938575387404141,68,77.94117647058823,0.052730481362066414,72.96362049358716
candidate_26,24,"4,6",2025-06-06 08:00:00,2026-03-11 01:00:00,10259,approx_full_backtest,1.5974191035077063,-50001.60503734518,18.313040153403982,1.2049756503060616,-15.134613809100584,1.1782748931760827,165,-1.605037345178928,-0.2657406232491555,-11.978770401389738,0.9605922034728048,66,78.78787878787878,-0.012734599265174907,122.05360939714076
candidate_26,25,"4,7",2025-06-06 08:00:00,2026-06-11 14:00:00,10596,approx_full_backtest,1.6703977151506604,-4.123700315734494,18.07696431078105,1.15237559864787,-15.134613809100584,1.1876437363805663,145,0.10465212245474032,0.017206704438610387,-13.046932263421384,1.0089667117832177,82,80.48780487804879,0.011428295665683635,98.50684928951986
candidate_26,26,"5,6",2025-09-06 22:00:00,2026-03-11 01:00:00,11795,approx_full_backtest,-1.5739370485266755,0.6937709077857599,15.609767902078953,0.9025410378900478,-19.18824394021499,1.1306696830824723,199,7.870819975496013,1.2537593215957266,-11.978770401389738,1.1742477456632905,70,78.57142857142857,0.12911387567328506,0.0
candidate_26,27,"5,7",2025-09-06 22:00:00,2026-06-11 14:00:00,10596,approx_full_backtest,-2.6086576296099087,1.2092289990502398,12.80377552371974,0.8342170606265187,-19.18824394021499,1.1388281065807997,154,9.74515987868898,1.5413632140123035,-13.046932263421384,1.2092524796836321,86,80.23255813953489,0.12576250108392498,0.0
candidate_26,28,"6,7",2025-12-08 12:00:00,2026-06-11 14:00:00,12132,approx_full_backtest,-8.054816076130448,-1.3954028568340058,6.776831770561231,0.3956322618694941,-25.952944511904807,1.0634494069830496,178,4.939447629336757,0.7962136704537492,-13.046932263421384,1.0962445127857903,84,80.95238095238095,0.07606450963208915,0.0
candidate_27,1,"0,1",2024-06-01 00:00:00,2024-12-03 03:00:00,12995,approx_full_backtest,3.834511885737411,-50005.10295148471,14.72039465731958,0.7750198231689431,-9.118216216219698,1.2638451227482779,88,-5.102951484713058,-0.8576656625362444,-9.501548732636522,0.7462871648752273,18,77.77777777777779,-0.26393863393617273,210.66370651390235
candidate_27,2,"0,2",2024-06-01 00:00:00,2025-03-05 17:00:00,11459,approx_full_backtest,6.774048384854911,0.6651621137595322,21.00852049794202,1.2232686433687467,-9.064413020659112,1.2663901546940448,76,2.9004940376438526,0.4713153278247839,-5.881773477060859,1.2447038978573592,19,84.21052631578947,0.1752118392704575,61.47082405980476
candidate_27,3,"0,3",2024-06-01 00:00:00,2025-06-06 07:00:00,11459,approx_full_backtest,4.698180680080969,-50002.94593110384,16.303573011791972,0.9676441110045397,-9.064413020659112,1.3376204946452537,71,-2.945931103834931,-0.490539317300831,-9.118216216219698,0.8242712311127643,23,82.6086956521739,-0.11341922368674476,150.6941872246386
candidate_27,4,"0,4",2024-06-01 00:00:00,2025-09-06 21:00:00,11459,approx_full_backtest,3.0952805295648607,-50002.25305695598,12.41076006798114,0.7487155838790116,-9.118216216219698,1.2232424051536337,74,-2.253056955981625,-0.37405832204425726,-4.518168515304466,0.7978775899781142,19,84.21052631578947,-0.1125175644074801,149.9600021821775
candidate_27,5,"0,5",2024-06-01 00:00:00,2025-12-08 11:00:00,11459,approx_full_backtest,7.018712478163279,-0.6871707679639599,23.187570630596397,1.338520206843108,-9.118216216219698,1.290734266596707,80,0.8189361241775162,0.13421798784571948,-5.10114388639863,1.0540445936274476,18,77.77777777777779,0.07192957578321973,89.97265882430928
candidate_27,6,"0,6",2024-06-01 00:00:00,2026-03-11 01:00:00,11459,approx_full_backtest,6.14721431840923,-50004.301874590135,18.47284198931478,1.0866829576939407,-9.118216216219698,1.4068952754154878,83,-4.301874590132293,-0.7205156390929557,-7.571339733217153,0.7596905851553446,14,78.57142857142857,-0.28034037904038295,166.30412614751666
candidate_27,7,"0,7",2024-06-01 00:00:00,2026-06-11 14:00:00,11796,approx_full_backtest,-1.276059717317692,6.783759253035957,2.051240398919596,0.1258332263808004,-9.118216216219698,1.0372130616892548,76,10.226726653572292,1.6145207152816976,-5.9949740486395005,2.172907083800806,21,90.47619047619048,0.5030380331736763,0.0
candidate_27,8,"1,2",2024-09-01 14:00:00,2025-03-05 17:00:00,11795,approx_full_backtest,4.619265338980162,-2.1335929222326677,18.127289629691546,1.0372759878824356,-9.064413020659112,1.218067027835053,74,1.4785434408930431,0.241662341929616,-9.501548732636522,1.06550729998632,29,82.75862068965517,0.08209682546425968,76.70221380300517
candidate_27,9,"1,3",2024-09-01 14:00:00,2025-06-06 07:00:00,10259,approx_full_backtest,3.120417065523441,-50004.28709173163,12.728310604259296,0.8570203515901875,-9.064413020659112,1.3485633639870678,57,-4.287091731630454,-0.7179937374607981,-9.501548732636522,0.8468381151664748,33,81.81818181818183,-0.10778361068091785,183.77790983943058
candidate_27,10,"1,4",2024-09-01 14:00:00,2025-09-06 21:00:00,10259,approx_full_backtest,1.4619683256376124,-50003.603792200665,8.955165761927631,0.6127538055123116,-9.118216216219698,1.2066036183445221,60,-3.6037922006653123,-0.6017789894238734,-9.501548732636522,0.8393291588080874,29,82.75862068965517,-0.10641554246266491,198.20893546646155
candidate_27,11,"1,5",2024-09-01 14:00:00,2025-12-08 11:00:00,10259,approx_full_backtest,5.118713738257633,-50000.57425005754,19.400688775245367,1.2709618308562876,-9.118216216219698,1.288893239325033,66,-0.5742500575439347,-0.09466447553353463,-9.501548732636522,0.9818688484785971,28,78.57142857142857,0.012375548443671272,107.44825479690104
candidate_27,12,"1,6",2024-09-01 14:00:00,2026-03-11 01:00:00,10259,approx_full_backtest,4.034409193676985,-50005.62429784774,14.830894564062348,0.9898623775088211,-9.118216216219698,1.4402359332150234,69,-5.62429784773798,-0.9474443893260132,-9.501548732636522,0.8054683029213557,24,79.16666666666666,-0.20304092976002167,195.71475902644556
candidate_27,13,"1,7",2024-09-01 14:00:00,2026-06-11 14:00:00,10596,approx_full_backtest,-50001.08589420487,3.011783248464374,-1.0858942048757925,-0.07525806075098229,-9.118216216219698,0.9748133806186909,62,8.703537078937229,1.3822023994025656,-9.501548732636522,1.4558592984542726,31,87.09677419354838,0.3101800544829691,0.0
candidate_27,14,"2,3",2024-12-03 04:00:00,2025-06-06 07:00:00,11795,approx_full_backtest,1.9083955308454825,-0.4121856101219007,10.224414072519705,0.6048310175425176,-9.064413020659112,1.2441567754028084,62,3.7851619274371417,0.6128595240602053,-9.118216216219698,1.1902613120646321,34,85.29411764705883,0.13303121189763267,0.0
candidate_27,15,"2,4",2024-12-03 04:00:00,2025-09-06 21:00:00,10259,approx_full_backtest,-0.12986873349475836,1.7559438911977279,7.362887065644053,0.5073074135487632,-9.064413020659112,1.021291094053815,54,4.526089705614322,0.7306321050044806,-5.881773477060859,1.3261280369038593,30,86.66666666666667,0.1664623208524173,0.0
candidate_27,16,"2,5",2024-12-03 04:00:00,2025-12-08 11:00:00,10259,approx_full_backtest,4.286185041343177,4.098537833607414,17.65575844790479,1.1648256092358755,-8.592381806193217,1.0750478624494495,60,7.811137956454628,1.2445443764158348,-5.881773477060859,1.4286096918570976,29,82.75862068965517,0.2905667487383654,0.0
candidate_27,17,"2,6",2024-12-03 04:00:00,2026-03-11 01:00:00,10259,approx_full_backtest,3.0362336288233633,-0.5708803440624659,13.152747540826537,0.8840207599223548,-8.592381806193217,1.1687374876649081,63,2.3351782648213693,0.3803331371258878,-7.571339733217153,1.1080516753304814,25,84.0,0.1282775217099712,56.97689982311126
candidate_27,18,"2,7",2024-12-03 04:00:00,2026-06-11 14:00:00,10596,approx_full_backtest,-50002.53143212241,11.137005747921808,-2.531432122404742,-0.17664383698721142,-8.799283038519267,0.7948146662864267,56,17.87139688817705,2.7415163799409337,-5.9949740486395005,2.5602472813203416,32,90.625,0.5529844389363077,0.0
candidate_27,19,"3,4",2025-03-05 18:00:00,2025-09-06 21:00:00,11795,approx_full_backtest,-0.83994190556908,-50001.41269576389,5.85374562128067,0.35300715835839824,-11.21526592187413,1.1213309397664735,63,-1.4126957638880167,-0.2337050899501758,-9.118216216219698,0.9252790897130095,34,85.29411764705883,-0.027758748981214693,166.20406538977366
candidate_27,20,"3,5",2025-03-05 18:00:00,2025-12-08 11:00:00,10259,approx_full_backtest,2.390575711716059,-1.8306955540472938,13.081170124184528,0.8794739885395808,-11.21526592187413,1.1471235832853683,55,1.6857082063363338,0.27528728065338015,-9.118216216219698,1.0730378651983599,33,81.81818181818183,0.07541723098420532,68.69864438964123
candidate_27,21,"3,6",2025-03-05 18:00:00,2026-03-11 01:00:00,10259,approx_full_backtest,0.7131951319092049,-50003.4791277272,8.753241349836971,0.5994611943536121,-11.21526592187413,1.2592327338305758,58,-3.4791277272013033,-0.5806504967816317,-9.118216216219698,0.8637742486703901,29,82.75862068965517,-0.09416307062705305,196.86206584360085
candidate_27,22,"3,7",2025-03-05 18:00:00,2026-06-11 14:00:00,10596,approx_full_backtest,-50006.32111975372,4.643694870913901,-6.321119753716098,-0.44924052648247503,-11.21526592187413,0.8554695403310884,51,11.174380467865564,1.7577077191251789,-9.118216216219698,1.6768632218357744,36,88.88888888888889,0.3266065265285563,0.0
candidate_27,23,"4,5",2025-06-06 08:00:00,2025-12-08 11:00:00,11795,approx_full_backtest,0.40160624495274644,0.6300707895956726,9.74597685314329,0.5777261269299894,-11.21526592187413,1.0605288027926865,67,2.411647872994749,0.39266471574304074,-5.10114388639863,1.1385418906933524,29,82.75862068965517,0.10205438081144082,32.03272321616414
candidate_27,24,"4,6",2025-06-06 08:00:00,2026-03-11 01:00:00,10259,approx_full_backtest,-1.255173287918091,-50002.790060098334,5.113146599135687,0.35581843316971895,-11.21526592187413,1.1313431277536499,61,-2.7900600983353563,-0.46427498134373746,-7.571339733217153,0.8603346793734068,25,84.0,-0.09039682508526131,230.48086834846094
candidate_27,25,"4,7",2025-06-06 08:00:00,2026-06-11 14:00:00,10596,approx_full_backtest,-50009.45665848345,7.119799810981588,-9.456658483445956,-0.6826601004086497,-11.21526592187413,0.8171566161579281,54,11.968060269298775,1.876847241215529,-5.9949740486395005,2.1025645566245323,32,90.625,0.38214510550253233,0.0
candidate_27,26,"5,6",2025-09-06 22:00:00,2026-03-11 01:00:00,11795,approx_full_backtest,1.7934838617219326,-2.097147730626624,10.26152497200803,0.606928845493715,-11.21526592187413,1.2230578643949581,76,0.2650560352312814,0.04354105695525412,-7.571339733217153,1.0107607629301958,24,79.16666666666666,0.04886022752952276,92.82600303502876
candidate_27,27,"5,7",2025-09-06 22:00:00,2026-06-11 14:00:00,10596,approx_full_backtest,-50000.77627558558,9.374503045547813,-0.776275585581232,-0.05372180998605147,-11.21526592187413,0.8442198490551542,60,15.486994935022569,2.3967246616956706,-5.9949740486395005,2.0103367555392344,31,87.09677419354838,0.5052003052877777,0.0
candidate_27,28,"6,7",2025-12-08 12:00:00,2026-06-11 14:00:00,12132,approx_full_backtest,-50001.50574420083,4.80983085515326,-1.505744200833492,-0.09132019391835389,-11.21526592187413,0.9688877640912523,72,9.62116195005336,1.5224825799019515,-7.571339733217153,1.5467533235170627,27,88.88888888888889,0.3867300664169553,0.0
candidate_28,1,"0,1",2024-06-01 00:00:00,2024-12-03 03:00:00,12995,approx_full_backtest,4.154848699614771,-50004.65103449621,16.874443858718237,0.880464976715345,-10.211605679624014,1.3142402807433988,87,-4.6510344962078065,-0.780175889736967,-10.819353620324812,0.8244972668967251,16,81.25,-0.15490860209288201,188.6095313691505
candidate_28,2,"0,2",2024-06-01 00:00:00,2025-03-05 17:00:00,11459,approx_full_backtest,6.289994276634051,-0.7297655103278186,21.354880164330048,1.2417170899885255,-9.064413372972545,1.2916604532155236,74,2.077688696352298,0.33875337778417336,-5.881773476541197,1.0088759022016915,20,80.0,0.024739981805323257,72.71895663550029
candidate_28,3,"0,3",2024-06-01 00:00:00,2025-06-06 07:00:00,11459,approx_full_backtest,4.893011511684297,-50003.00128430629,16.906362626977824,1.0009294344271114,-9.064413372972545,1.3684741273458094,69,-3.001284306288765,-0.49987483800228993,-10.211605679624014,0.8206304113446377,23,82.6086956521739,-0.11375760503477561,149.9410668533688
candidate_28,4,"0,4",2024-06-01 00:00:00,2025-09-06 21:00:00,11459,approx_full_backtest,2.7748893473923286,-50002.49153370806,12.950050783857447,0.7794645461134841,-10.211605679624014,1.2457169028350106,72,-2.4915337080610334,-0.4140712252222456,-4.968848699168293,0.7801541408044704,19,78.94736842105263,-0.1278684113655608,153.12252202962415
candidate_28,5,"0,5",2024-06-01 00:00:00,2025-12-08 11:00:00,11459,approx_full_backtest,5.194079789148077,3.1485872120211074,19.935657018822873,1.1658084263771906,-10.211605679624014,1.2378320154094877,79,5.019141421944084,0.8086181287865646,-5.101143556719833,1.4248302544504807,17,82.35294117647058,0.3236804120640254,30.638850218351326
candidate_28,6,"0,6",2024-06-01 00:00:00,2026-03-11 01:00:00,11459,approx_full_backtest,4.495269817111453,-50001.68945136072,15.595201008576275,0.9283216012228257,-10.211605679624014,1.3488693704452894,81,-1.6894513607174422,-0.2798167587223954,-6.799734719762062,0.8899121024701521,14,78.57142857142857,-0.08902518678087105,130.14222208702336
candidate_28,7,"0,7",2024-06-01 00:00:00,2026-06-11 14:00:00,11796,approx_full_backtest,-50000.42752935843,7.9960870406437,-0.42752935842989004,-0.026531428005993618,-10.211605679624014,0.9921813851902211,74,11.505370811913318,1.8074788905747319,-5.994973773818424,2.4971378111135163,21,90.47619047619048,0.5586124073971503,0.0
candidate_28,8,"1,2",2024-09-01 14:00:00,2025-03-05 17:00:00,11795,approx_full_backtest,5.510023613933206,-50001.15991162507,20.345308386977614,1.1537682406922434,-9.064413372972545,1.2738082907593136,73,-1.1599116250725294,-0.19168184320701442,-10.819353620324812,0.9450484667336854,28,82.14285714285714,-0.018399403985342986,116.61354823668992
candidate_28,9,"1,3",2024-09-01 14:00:00,2025-06-06 07:00:00,10259,approx_full_backtest,4.769231314310789,-50006.07779472809,16.505975798927143,1.0940875444275688,-9.064413372972545,1.488725540161347,56,-6.077794728090435,-1.0258766977248146,-10.819353620324812,0.834058793283089,31,83.87096774193549,-0.11698089882244868,193.76550377068386
candidate_28,10,"1,4",2024-09-01 14:00:00,2025-09-06 21:00:00,10259,approx_full_backtest,2.467138840075875,-50005.58421190092,12.563213732859557,0.8464922580051937,-10.211605679624014,1.3060956153326262,59,-5.584211900917724,-0.9405266809560331,-10.819353620324812,0.8162057016813955,27,81.48148148148148,-0.12738825050524896,211.10871624182798
candidate_28,11,"1,5",2024-09-01 14:00:00,2025-12-08 11:00:00,10259,approx_full_backtest,4.557185206210708,-2.036524087362933,19.52489531000843,1.2784617235169327,-10.211605679624014,1.2991233657048156,66,1.6882469790373333,0.2756989940069232,-10.819353620324812,1.157556126567691,25,84.0,0.17970336229569456,78.43509985981433
candidate_28,12,"1,6",2024-09-01 14:00:00,2026-03-11 01:00:00,10259,approx_full_backtest,3.6739628640686375,-50004.80756921721,15.19930471320199,1.0129057812214626,-10.211605679624014,1.4649504006091447,68,-4.807569217213992,-0.8069819432021563,-10.819353620324812,0.8768993938374502,22,81.81818181818183,-0.10256070739219378,179.66999084841012
candidate_28,13,"1,7",2024-09-01 14:00:00,2026-06-11 14:00:00,10596,approx_full_backtest,-50000.76855019584,2.43827373077525,-0.7685501958376473,-0.053185252804699434,-10.211605679624014,0.981917694540066,61,7.968752487265207,1.2691584662582134,-10.819353620324812,1.5724165875418485,29,89.65517241379311,0.3696854347463479,0.0
candidate_28,14,"2,3",2024-12-03 04:00:00,2025-06-06 07:00:00,11795,approx_full_backtest,3.2608774208651683,-40000.018659159825,13.439485377017046,0.7841623478458404,-9.064413372972545,1.3492420228089081,60,0.5502427925091258,0.09028173415357443,-10.211605679624014,0.943473171064817,35,82.85714285714286,-0.01865915982580949,88.48685678398282
candidate_28,15,"2,4",2024-12-03 04:00:00,2025-09-06 21:00:00,10259,approx_full_backtest,0.5977473752137366,-40000.01503695142,10.452127292725466,0.71059069345496,-9.064413372972545,1.0912750712765527,52,1.0786574838672403,0.17659426655471933,-5.881773476541197,0.956389991115261,31,80.64516129032258,-0.01503695142094025,75.1482438228819
candidate_28,16,"2,5",2024-12-03 04:00:00,2025-12-08 11:00:00,10259,approx_full_backtest,3.793697468104371,4.3711697953260265,17.283244797557362,1.1419780333529639,-8.976477593435717,1.0739959801939876,59,8.864329721449614,1.4065356532298123,-5.881773476541197,1.3572739284868316,29,82.75862068965517,0.2574455629994807,0.0
candidate_28,17,"2,6",2024-12-03 04:00:00,2026-03-11 01:00:00,10259,approx_full_backtest,2.8566518883005276,-29999.001695808034,13.038779244641008,0.8767799564351142,-8.976477593435717,1.1777865616138357,61,1.9101074075924762,0.31164502507547986,-6.799734719762062,0.998304191966475,26,80.76923076923077,0.027576988729396675,64.45573113434385
candidate_28,18,"2,7",2024-12-03 04:00:00,2026-06-11 14:00:00,10596,approx_full_backtest,-50002.62960374228,8.820924419227918,-2.6296037422793406,-0.1835799715137143,-8.976477593435717,0.7837769883028455,54,15.588046992394865,2.4114572446732208,-5.994973773818424,1.910801665227653,33,87.87878787878788,0.414976208401111,0.0
candidate_28,19,"3,4",2025-03-05 18:00:00,2025-09-06 21:00:00,11795,approx_full_backtest,0.33434180254271717,-50003.950607765575,8.905619228438265,0.5298479095717568,-11.493199576803793,1.1908020148613434,61,-3.950607765573211,-0.6606786283657073,-10.211605679624014,0.8130183419834328,34,82.35294117647058,-0.10521676605751328,224.6921270105025
candidate_28,20,"3,5",2025-03-05 18:00:00,2025-12-08 11:00:00,10259,approx_full_backtest,2.2638719462068364,-1.1002382399676476,12.983981590235082,0.8732960561429248,-11.493199576803793,1.151654758482129,54,3.447680905559891,0.5589829460144857,-10.211605679624014,1.1581121337354012,32,84.375,0.1360842742212074,35.99158703597743
candidate_28,21,"3,6",2025-03-05 18:00:00,2026-03-11 01:00:00,10259,approx_full_backtest,0.9637539744612118,-50003.16052742779,8.895105820138106,0.6088024734918873,-11.493199576803793,1.2757442494252487,56,-3.1605274277935247,-0.526756619932478,-10.211605679624014,0.8748131107450604,29,82.75862068965517,-0.08255940844627546,186.5234033809321
candidate_28,22,"3,7",2025-03-05 18:00:00,2026-06-11 14:00:00,10596,approx_full_backtest,-50006.19891974164,3.21620429794997,-6.198919741643016,-0.4402916028653947,-11.493199576803793,0.8525030308035477,49,9.836853194808848,1.5553135030495158,-10.211605679624014,1.5785369932204842,36,88.88888888888889,0.29397195348139893,0.0
candidate_28,23,"4,5",2025-06-06 08:00:00,2025-12-08 11:00:00,11795,approx_full_backtest,-1.0101145029368583,1.7977488726160664,8.332446862847176,0.4969929990222166,-12.842667350012249,1.041564616287481,66,3.991322301734579,0.6456996613975585,-5.101143556719833,1.2509087719966214,28,82.14285714285714,0.16220078124760068,0.0
candidate_28,24,"4,6",2025-06-06 08:00:00,2026-03-11 01:00:00,10259,approx_full_backtest,-0.26125855674951803,-50002.65161368886,5.209908649230299,0.3623957263704236,-12.842667350012249,1.1417724432440128,59,-2.6516136888568798,-0.4409761885706076,-6.799734719762062,0.8671816813259146,25,80.0,-0.08829190980351231,221.68360620231567
candidate_28,25,"4,7",2025-06-06 08:00:00,2026-06-11 14:00:00,10596,approx_full_backtest,-50009.37330919645,5.943779470799633,-9.373309196456015,-0.6763585899500213,-12.842667350012249,0.8150874430689646,52,10.414071163346694,1.6429091292446962,-5.994973773818424,1.8958692791310363,32,87.5,0.336559857037017,0.0
candidate_28,26,"5,6",2025-09-06 22:00:00,2026-03-11 01:00:00,11795,approx_full_backtest,-0.3911332384955575,1.8190495555189612,6.936627090155123,0.4162958203503875,-12.842667350012249,1.1553832693431292,75,4.846731140239036,0.7813828335061945,-6.799734719762062,1.2332621518442932,23,82.6086956521739,0.2489030033020121,0.0
candidate_28,27,"5,7",2025-09-06 22:00:00,2026-06-11 14:00:00,10596,approx_full_backtest,-50003.76833273174,12.001109662551821,-3.7683327317442394,-0.26451406585968895,-12.842667350012249,0.7886355066293222,59,18.91881182664763,2.8911362606680813,-5.994973773818424,2.497567446067239,30,90.0,0.6233994082072878,0.0
candidate_28,28,"6,7",2025-12-08 12:00:00,2026-06-11 14:00:00,12132,approx_full_backtest,-50002.78332241489,6.410478257588537,-2.7833224148938407,-0.16983737550879674,-12.842667350012249,0.9416361812906312,70,11.322312065355234,1.779967542134564,-6.799734719762062,1.7012040910759316,27,88.88888888888889,0.44270602319251884,0.0
candidate_29,1,"0,1",2024-06-01 00:00:00,2024-12-03 03:00:00,12995,approx_full_backtest,1.0732347876031771,-50001.19720310917,8.030141164898929,0.4351744336096308,-9.297451745060915,1.1790303478042137,92,-1.197203109171907,-0.19787558948431982,-8.283470756764332,0.9031432597157846,18,83.33333333333334,-0.05025927256971802,145.4704077725812
candidate_29,2,"0,2",2024-06-01 00:00:00,2025-03-05 17:00:00,11459,approx_full_backtest,2.2060271807309193,1.7953155909907017,10.009746054908032,0.610117679044353,-7.932026053012997,1.0651738544775076,78,4.17712376485293,0.675250171239905,-5.947710481264301,1.5766151493716793,21,90.47619047619048,0.21432843681484862,0.0
candidate_29,3,"0,3",2024-06-01 00:00:00,2025-06-06 07:00:00,11459,approx_full_backtest,5.5140312935506195,-50006.499263084064,15.879627343084524,0.9441374546632186,-7.932026053012997,1.470089802189089,72,-6.499263084065909,-1.0990538796268212,-9.297451745060915,0.6085280680808588,24,83.33333333333334,-0.27372766757511385,216.4082490529795
candidate_29,4,"0,4",2024-06-01 00:00:00,2025-09-06 21:00:00,11459,approx_full_backtest,1.99230409607542,-0.7904301775626832,9.944020254171694,0.6062839873737902,-9.297451745060915,1.2333673105785063,74,0.23461071739858674,0.038544662331574386,-4.51816858676839,1.0356458445737031,23,86.95652173913044,0.01953617229133773,93.64247396693811
candidate_29,5,"0,5",2024-06-01 00:00:00,2025-12-08 11:00:00,11459,approx_full_backtest,5.555230048333216,-0.19964395962294545,19.98782440254572,1.1686135072639825,-9.297451745060915,1.3133897611593266,82,1.87424340051765,0.3058387389862416,-5.97769146842505,1.177590765719926,19,84.21052631578947,0.11974037387249079,73.82892315678544
candidate_29,6,"0,6",2024-06-01 00:00:00,2026-03-11 01:00:00,11459,approx_full_backtest,5.751260297979236,-50008.121182538154,18.090169401884303,1.0658327998202877,-9.297451745060915,1.5804309749004781,87,-8.121182538153604,-1.3832550731440518,-7.66437787054074,0.5356015863169533,14,78.57142857142857,-0.5908137485572277,229.78161991048555
candidate_29,7,"0,7",2024-06-01 00:00:00,2026-06-11 14:00:00,11796,approx_full_backtest,1.6069821427499686,2.393618961741235,8.947491643449323,0.5321512349447666,-9.297451745060915,1.2405007710785483,79,4.984274664049404,0.8032948795001937,-5.994973997768094,1.5896046175891856,23,91.30434782608695,0.23363728668486763,0.0
candidate_29,8,"1,2",2024-09-01 14:00:00,2025-03-05 17:00:00,11795,approx_full_backtest,1.6607142648538993,2.8813424235772978,9.357051369774517,0.555610540768603,-7.932026053012997,1.0519806676100811,77,7.475861508452786,1.1926980890726302,-8.283470756764332,1.6954658295831941,29,89.65517241379311,0.27277997445341695,0.0
candidate_29,9,"1,3",2024-09-01 14:00:00,2025-06-06 07:00:00,10259,approx_full_backtest,1.7779674717716312,-50003.53858996532,7.829555011877165,0.5383614861995234,-7.932026053012997,1.2681333242103539,59,-3.5385899653187836,-0.5907254815882945,-9.297451745060915,0.818148340676341,32,84.375,-0.09874193549267077,209.72654930396794
candidate_29,10,"1,4",2024-09-01 14:00:00,2025-09-06 21:00:00,10259,approx_full_backtest,-1.528661753065171,-0.07108259331216182,2.306290174065184,0.16253551943474775,-9.297451745060915,1.066392824233615,61,3.4085099539992614,0.5527200584740433,-8.283470756764332,1.2926117515570126,31,87.09677419354838,0.12448561447542056,0.0
candidate_29,11,"1,5",2024-09-01 14:00:00,2025-12-08 11:00:00,10259,approx_full_backtest,1.9632129533741012,1.1129072687245163,11.652358648544503,0.7881486549454975,-9.297451745060915,1.1292654170166898,69,5.100061120005739,0.821387965967757,-8.283470756764332,1.3464782213247433,27,85.18518518518519,0.2105477477635035,0.0
candidate_29,12,"1,6",2024-09-01 14:00:00,2026-03-11 01:00:00,10259,approx_full_backtest,1.9662646341223797,-50005.211867018144,9.886532342583433,0.6737706989505154,-9.297451745060915,1.3673548100914275,74,-5.21186701814721,-0.876387404684853,-8.283470756764332,0.7435747501166994,22,81.81818181818183,-0.2209850178983599,230.07205656908783
candidate_29,13,"1,7",2024-09-01 14:00:00,2026-06-11 14:00:00,10596,approx_full_backtest,-1.8732880236250449,3.4445939523935323,1.3789896716856376,0.094481977786387,-9.297451745060915,1.0425557074973044,66,8.30857060161485,1.3215178816910145,-8.283470756764332,1.6906896212982228,31,90.32258064516128,0.28333482838029767,0.0
candidate_29,14,"2,3",2024-12-03 04:00:00,2025-06-06 07:00:00,11795,approx_full_backtest,-50000.829899547236,-1.8423022976516137,-0.8298995472372672,-0.051608082892951046,-10.516928712758244,0.9915982783851705,64,1.7083783854713097,0.2789634047916323,-9.297451745060915,1.1082411918308461,35,88.57142857142857,0.06416634696003665,0.0
candidate_29,15,"2,4",2024-12-03 04:00:00,2025-09-06 21:00:00,10259,approx_full_backtest,-50003.1586747833,5.489489154527554,-3.158674783299542,-0.228350406423794,-10.516928712758244,0.7869273736113647,54,9.033362200466733,1.432412456932597,-5.947710481264301,2.3497493577085993,34,91.17647058823529,0.2724887684736701,0.0
candidate_29,16,"2,5",2024-12-03 04:00:00,2025-12-08 11:00:00,10259,approx_full_backtest,-40000.11606888655,6.502024422775467,5.6881483699462665,0.39482126363847847,-10.516928712758244,0.8078100972524687,62,10.816924414503571,1.7034308241234086,-5.97769146842505,2.0721724072912235,30,90.0,0.36967844229937796,0.0
candidate_29,17,"2,6",2024-12-03 04:00:00,2026-03-11 01:00:00,10259,approx_full_backtest,-40000.032321956474,-50000.055915704485,4.016648413483859,0.2808896694792118,-10.516928712758244,0.9240975102694063,67,-0.05591570448251204,-0.009197651318249012,-7.66437787054074,0.9895918311623789,25,88.0,0.021755747424113174,103.27447119550608
candidate_29,18,"2,7",2024-12-03 04:00:00,2026-06-11 14:00:00,10596,approx_full_backtest,-50004.03644104158,9.138157286120403,-4.036441041579064,-0.28369925749257563,-10.516928712758244,0.7246613354353414,59,14.199959104661474,2.208136630433466,-5.994973997768094,2.970706657270993,34,94.11764705882352,0.4173218752692933,0.0
candidate_29,19,"3,4",2025-03-05 18:00:00,2025-09-06 21:00:00,11795,approx_full_backtest,-0.32457792274133523,-50002.140706656704,6.215137852843111,0.37419586443152575,-10.516928712758244,1.1663968660558983,63,-2.140706656704028,-0.35523584794275864,-9.297451745060915,0.8644771661007555,37,86.48648648648648,-0.04880386667053438,194.93313040282501
candidate_29,20,"3,5",2025-03-05 18:00:00,2025-12-08 11:00:00,10259,approx_full_backtest,1.4066178274424477,-50000.53992929483,11.327438585097994,0.7672293178738077,-10.516928712758244,1.1332900995043589,56,-0.5399292948306322,-0.08899391772079213,-9.297451745060915,0.976560873207914,33,84.84848484848484,0.0006058204262662304,111.59938960197944
candidate_29,21,"3,6",2025-03-05 18:00:00,2026-03-11 01:00:00,10259,approx_full_backtest,1.1683597151735994,-50010.298487860804,9.566751018723863,0.652875101882433,-10.516928712758244,1.4056842535567793,61,-10.298487860807437,-1.7714389703605615,-9.297451745060915,0.5830487443142494,28,82.14285714285714,-0.3759452681897046,371.32892114479114
candidate_29,22,"3,7",2025-03-05 18:00:00,2026-06-11 14:00:00,10596,approx_full_backtest,-2.8204876035632234,-1.1958687600490696,1.0839661884831209,0.07436938466884868,-10.516928712758244,1.0371720497132926,53,2.4964017643365866,0.40641492116713085,-9.297451745060915,1.1545754201142593,37,89.1891891891892,0.08428601524976806,0.0
candidate_29,23,"4,5",2025-06-06 08:00:00,2025-12-08 11:00:00,11795,approx_full_backtest,-40000.00338531793,3.462124793507353,5.3027868405396195,0.3205730704193277,-10.516928712758244,0.9655915456420786,68,6.623132585799407,1.0602227410001719,-5.97769146842505,1.610514651471729,32,87.5,0.21996212683032143,0.0
candidate_29,24,"4,6",2025-06-06 08:00:00,2026-03-11 01:00:00,10259,approx_full_backtest,-1.4882791746411985,-50003.838232225724,3.9545032149713943,0.2766210677642045,-10.516928712758244,1.1282710848962698,63,-3.8382322257214274,-0.6415744727046535,-7.66437787054074,0.7699631217781934,27,85.18518518518519,-0.12991376017808248,331.93261377023543
candidate_29,25,"4,7",2025-06-06 08:00:00,2026-06-11 14:00:00,10596,approx_full_backtest,-50004.09377488681,5.933239355979017,-4.093774886808587,-0.28780840709997646,-10.516928712758244,0.8907198561254832,55,9.878138607820496,1.561591519724459,-5.994973997768094,2.224243782905681,36,91.66666666666666,0.2815938485762477,0.0
candidate_29,26,"5,6",2025-09-06 22:00:00,2026-03-11 01:00:00,11795,approx_full_backtest,2.315871933302019,-50002.26522290109,11.042904067106285,0.6509460324620076,-10.516928712758244,1.336673747736274,80,-2.265222901090558,-0.3760976137717087,-7.66437787054074,0.8902416318986099,23,82.6086956521739,-0.0731276688665943,157.77708058980443
candidate_29,27,"5,7",2025-09-06 22:00:00,2026-06-11 14:00:00,10596,approx_full_backtest,-40000.02080197269,6.989388288957439,4.667623317658265,0.3150615919560895,-10.516928712758244,0.9301462642230184,63,11.675519631523091,1.8330162275859596,-5.994973997768094,2.0191727600492593,32,90.625,0.3738473028006711,0.0
candidate_29,28,"6,7",2025-12-08 12:00:00,2026-06-11 14:00:00,12132,approx_full_backtest,-1.8925068476330016,-1.665067823448961,2.3238790084716854,0.1384329624742886,-10.516928712758244,1.06695758835949,76,0.7184381516537108,0.11782274557259331,-7.66437787054074,1.0420406225729846,27,88.88888888888889,0.05246867060159119,14.888229315704532
candidate_30,1,"0,1",2024-06-01 00:00:00,2024-12-03 03:00:00,12995,approx_full_backtest,-5.344405726972159,-3.837258219853952,8.887497156713241,0.4798179379152723,-22.106002845102978,1.069097026362826,164,0.29087806667735805,0.04777772858086671,-11.677434268111163,1.0327886838297342,41,75.60975609756098,0.05970886168128584,90.04252971690619
candidate_30,2,"0,2",2024-06-01 00:00:00,2025-03-05 17:00:00,11459,approx_full_backtest,2.6574447679217106,-50005.63368639605,24.84236109350231,1.4247751476115011,-17.311649628038396,1.170944105062751,140,-5.63368639605113,-0.9490649438626653,-11.107947306626354,0.8292664017804018,35,74.28571428571429,-0.15521425468542047,166.6115594066672
candidate_30,3,"0,3",2024-06-01 00:00:00,2025-06-06 07:00:00,11459,approx_full_backtest,7.131903313635959,-50008.30469203182,36.442477478383715,2.0009944892428244,-17.311649628038396,1.2935074599676513,143,-8.304692031823214,-1.415673963461217,-21.322259891588647,0.7727786900505877,42,78.57142857142857,-0.19088719109168245,170.74851885258852
candidate_30,4,"0,4",2024-06-01 00:00:00,2025-09-06 21:00:00,11459,approx_full_backtest,-1.9867377915987938,-50004.2542488712,16.81806777985546,0.9960639567774487,-21.34463715647946,1.1150310046240883,150,-4.254248871199939,-0.7123920300185382,-8.06968948984903,0.7885650496337824,32,78.125,-0.13742439668802964,171.52071161407446
candidate_30,5,"0,5",2024-06-01 00:00:00,2025-12-08 11:00:00,11459,approx_full_backtest,-0.5408160138867681,6.334480636420398,22.614121851949044,1.3083762810466748,-22.607759161059494,1.1433150435512938,160,13.825777720622835,2.1524852238377745,-9.206309170449012,1.649188135128957,32,81.25,0.43779360139512136,0.0
candidate_30,6,"0,6",2024-06-01 00:00:00,2026-03-11 01:00:00,11459,approx_full_backtest,-8.579682596301552,-1.4829797546308168,0.10299648289651131,0.006563906661694041,-22.607759161059494,1.0086853962214555,157,4.562596649345907,0.7364169354994399,-12.019316468014885,1.1526620639867526,32,81.25,0.17051819325111767,0.0
candidate_30,7,"0,7",2024-06-01 00:00:00,2026-06-11 14:00:00,11796,approx_full_backtest,-5.9663556094773185,-50002.41773702748,7.624009445298885,0.4560809420654399,-22.607759161059494,1.062179686216383,147,-2.417737027479694,-0.4017707620940558,-10.51650484403288,0.9253173357704383,39,76.92307692307693,-0.04961130013538044,188.0919865396192
candidate_30,8,"1,2",2024-09-01 14:00:00,2025-03-05 17:00:00,11795,approx_full_backtest,2.4722852645138116,-50000.19338550448,24.559902782949482,1.3696777162901963,-17.311649628038396,1.1725172722244008,136,-0.19338550448076974,-0.03182854089569531,-11.677434268111163,1.0185752565617847,62,72.58064516129032,0.04490478449351941,102.32379781879666
candidate_30,9,"1,3",2024-09-01 14:00:00,2025-06-06 07:00:00,10259,approx_full_backtest,1.34312003066221,-50003.01837696196,19.95578918032923,1.3044241484122754,-17.311649628038396,1.218707613415522,109,-3.0183769619589573,-0.5027584765813664,-21.322259891588647,0.9744943412083554,69,75.36231884057972,0.0028888916918442756,138.5425612668484
candidate_30,10,"1,4",2024-09-01 14:00:00,2025-09-06 21:00:00,10259,approx_full_backtest,-6.93210215964514,-2.9448879123057257,2.7026463461410133,0.19012545549630389,-20.834691654672397,1.0251662280046467,116,1.2655778056820166,0.207036023254914,-11.677434268111163,1.061580519515453,59,74.57627118644068,0.064729065399508,0.0
candidate_30,11,"1,5",2024-09-01 14:00:00,2025-12-08 11:00:00,10259,approx_full_backtest,-5.787816012757693,8.026909794224286,7.798348602500282,0.5362887770050451,-22.106002845102978,1.0528667442686261,126,20.387933816029324,3.0984427561694394,-11.677434268111163,1.4818570345144788,59,76.27118644067797,0.37671170842765767,0.0
candidate_30,12,"1,6",2024-09-01 14:00:00,2026-03-11 01:00:00,10259,approx_full_backtest,-50011.99270077514,2.2127778491570815,-11.992700775138276,-0.9057955899319792,-22.106002845102978,0.8866696185202122,123,10.59072221716022,1.6692613217268892,-12.019316468014885,1.22601339760567,59,76.27118644067797,0.2317487751970116,0.0
candidate_30,13,"1,7",2024-09-01 14:00:00,2026-06-11 14:00:00,10596,approx_full_backtest,-50005.380470756936,-1.6986380372737317,-5.3804707569359405,-0.3806334378355092,-22.106002845102978,0.9384047529212253,113,3.207966170792109,0.5207423600223526,-11.677434268111163,1.0759462481206366,66,74.24242424242425,0.09517810374709217,0.0
candidate_30,14,"2,3",2024-12-03 04:00:00,2025-06-06 07:00:00,11795,approx_full_backtest,-0.727131259765494,-50008.74745111571,14.97651328145797,0.8682168605750551,-17.311649628038396,1.1525360874431805,121,-8.74745111571109,-1.4941157899845403,-21.322259891588647,0.8501506440566174,63,74.60317460317461,-0.12192426533627274,272.090160630482
candidate_30,15,"2,4",2024-12-03 04:00:00,2025-09-06 21:00:00,10259,approx_full_backtest,-3.858066381152202,-50004.716565886054,8.583490110773685,0.5882687844255496,-17.311649628038396,1.0355831417365693,105,-4.7165658860537025,-0.7913934456939997,-11.107947306626354,0.8891453325742911,53,73.58490566037736,-0.0766329695160653,234.5292265451078
candidate_30,16,"2,5",2024-12-03 04:00:00,2025-12-08 11:00:00,10259,approx_full_backtest,-1.2534495916966875,4.401148093459531,13.97097675543133,0.9358077167198164,-17.311649628038396,1.0677472832194874,115,13.2761596629148,2.0712042753644244,-11.107947306626354,1.3072569550456246,53,75.47169811320755,0.270668463288856,0.0
candidate_30,17,"2,6",2024-12-03 04:00:00,2026-03-11 01:00:00,10259,approx_full_backtest,-50006.95332549805,-1.6085381480961556,-6.953325498046025,-0.5120073174645023,-11.702071980807393,0.8794313218568949,112,4.057706698843,0.6562627278325239,-12.019316468014885,1.0897133544747428,53,75.47169811320755,0.10929463195662731,0.0
candidate_30,18,"2,7",2024-12-03 04:00:00,2026-06-11 14:00:00,10596,approx_full_backtest,-40000.02668673631,-50002.888921805796,0.03752662052365352,0.002587163347178567,-14.127571188250377,0.9382260301740135,102,-2.8889218057936983,-0.48103717134306834,-11.107947306626354,0.9498142160390737,60,73.33333333333333,-0.026646789926905865,18693.22767028467
candidate_30,19,"3,4",2025-03-05 18:00:00,2025-09-06 21:00:00,11795,approx_full_backtest,4.79693305880698,-50007.4135302984,30.035931573691286,1.640194513560278,-17.311649628038396,1.2253476588905547,132,-7.41353029839903,-1.2587452239867236,-21.322259891588647,0.8373134195712545,60,76.66666666666667,-0.11077184160354016,176.74365531527332
candidate_30,20,"3,5",2025-03-05 18:00:00,2025-12-08 11:00:00,10259,approx_full_backtest,3.4539733868704947,-2.454221783022521,24.56094464198413,1.576613086372003,-17.311649628038396,1.2063112494223263,118,10.069917421344377,1.5903673753475012,-21.322259891588647,1.227674865450773,60,78.33333333333333,0.19601109070747366,0.0
candidate_30,21,"3,6",2025-03-05 18:00:00,2026-03-11 01:00:00,10259,approx_full_backtest,-2.7926066866153394,-7.8021629110056585,1.692395745886932,0.11960639197159395,-11.945204636806196,1.0283946569363234,115,1.1123895573403209,0.18209133266831046,-21.322259891588647,1.0384006929813279,60,78.33333333333333,0.05346420636400494,0.0
candidate_30,22,"3,7",2025-03-05 18:00:00,2026-06-11 14:00:00,10596,approx_full_backtest,-0.7931216984441201,-50005.63761704721,9.332824638674841,0.6171499636220545,-14.127571188250377,1.1051042724999116,105,-5.637617047204236,-0.9499562914043858,-21.322259891588647,0.9087425009696584,67,76.11940298507463,-0.06244135085784035,253.92633029241227
candidate_30,23,"4,5",2025-06-06 08:00:00,2025-12-08 11:00:00,11795,approx_full_backtest,-7.469184674454494,6.35141105440569,1.3615099586071766,0.0838028543443281,-21.34463715647946,1.006186628384384,137,14.932019464388713,2.315093839069582,-9.206309170449012,1.5440673127549491,50,78.0,0.3076069354856428,0.0
candidate_30,24,"4,6",2025-06-06 08:00:00,2026-03-11 01:00:00,10259,approx_full_backtest,-50012.9339381805,-0.8252037378165786,-12.93393818049845,-0.9816598900852735,-21.34463715647946,0.8907778152076076,122,5.578812058248883,0.8967714214955791,-12.019316468014885,1.1652631485318,50,78.0,0.1365506742734804,0.0
candidate_30,25,"4,7",2025-06-06 08:00:00,2026-06-11 14:00:00,10596,approx_full_backtest,-50006.39242591277,-50001.469361581134,-6.392425912764477,-0.4544674256258263,-21.34463715647946,0.9343117401368909,112,-1.469361581134876,-0.24319234060340422,-10.51650484403288,0.9697195546956676,57,75.43859649122807,-0.009892792555115533,0.0
candidate_30,26,"5,6",2025-09-06 22:00:00,2026-03-11 01:00:00,11795,approx_full_backtest,-50002.16001320465,10.756560917314063,-2.1600132046542875,-0.1351735797399667,-22.607759161059494,0.9887507287624497,150,25.515652148190114,3.8080800061517373,-12.019316468014885,1.651543426850978,50,80.0,0.5046901930466969,0.0
candidate_30,27,"5,7",2025-09-06 22:00:00,2026-06-11 14:00:00,10596,approx_full_backtest,-50001.74798544839,6.732974958614205,-1.747985448387246,-0.1215227778397332,-22.607759161059494,0.9564133484175984,122,17.136545644198954,2.6358807654056626,-10.51650484403288,1.3823170499720714,57,77.19298245614034,0.3130366098775307,0.0
candidate_30,28,"6,7",2025-12-08 12:00:00,2026-06-11 14:00:00,12132,approx_full_backtest,-50011.82205880506,0.3985601346163441,-11.822058805058955,-0.7547554362748343,-22.607759161059494,0.8993993794660967,139,7.603933136781671,1.212793363563014,-12.019316468014885,1.1510821329362124,57,77.19298245614034,0.1629872579370374,0.0
