run,final_return_pct,max_dd_pct
1,68.81206634023582,-7.97161901963478
2,74.10915231537226,-4.2730847800563465
3,61.376466807912244,-11.05786677875631
4,5.613810084990067,-19.544309291107197
5,20.122845325713023,-14.943229782784295
6,28.285070232116038,-19.65741887062609
7,69.99111484758859,-7.7161361461167814
8,34.92216696788333,-13.374452488882593
9,37.63671691484139,-9.890721159886862
10,72.23423122248876,-12.761782147101709
11,1.1486078466804273,-24.358117853545625
12,18.61637814318817,-13.067994324982779
13,22.602285534376577,-10.31720637938095
14,53.86314477608509,-7.716136146116792
15,16.741806724112564,-13.045772896810737
16,34.85118131596037,-13.281514152434825
17,87.721021109857,-7.24193483681611
18,51.264924086109055,-4.688985428849046
19,23.709016200495302,-11.939101001271036
20,45.89088061489242,-8.555033008611357
21,90.03424960713137,-4.373138192561887
22,2.368575748199686,-19.593166070494085
23,23.936941029700254,-16.224545935608013
24,42.87225256356344,-7.109175491817831
25,12.467718027171081,-17.96878712687584
26,41.02045143230622,-12.015646234669031
27,15.469019144522855,-19.619927542465188
28,20.025223759685563,-21.097020502775866
29,31.2404879742719,-18.62946735686496
30,-0.37522569090908675,-19.595217865673643
31,87.83840474381338,-9.828012914221206
32,-7.067042133818946,-39.06587889676258
33,27.393346684354935,-15.218716474236704
34,39.63252787961273,-13.08312999924558
35,28.22479227226864,-18.277889804218262
36,34.52071164030342,-9.591553306720435
37,-13.501547023918736,-26.557392358618557
38,27.73473899002685,-15.70788109875718
39,15.408265072964266,-21.772921232701915
40,71.30488634932316,-7.280933778967757
41,29.741913049719827,-20.985171843089525
42,13.267033624300995,-15.935051953483425
43,28.163554293541026,-8.335705075906763
44,28.706756328567273,-11.844432876792066
45,45.18854246565076,-9.310593052871429
46,57.895838732681845,-7.179005997190413
47,117.22717694850174,-4.120443904152015
48,26.530024882745963,-12.698716185553627
49,37.3595160905817,-11.004816414459883
50,15.911718991016288,-12.739473634336607
51,20.516799295880883,-13.692834042511892
52,9.652201085250066,-13.006258620202537
53,55.33726214563386,-8.726237508727209
54,49.94847666478734,-6.754331270901215
55,10.408455335613077,-15.287603121512461
56,53.4643458433441,-9.978720124276308
57,28.986582767337676,-16.413292962929628
58,39.51929092893784,-7.781323574938426
59,41.90912053707336,-10.56246092092923
60,25.881560010552352,-12.707416947689609
61,10.519065292981145,-11.387147275687838
62,52.371336820119474,-6.470916831760809
63,15.18802234217107,-16.129440043879594
64,70.8380302497578,-6.466450332257989
65,26.35101113275029,-12.560083532132449
66,55.6271660723483,-7.728433728328499
67,15.967411438901348,-10.982084602076103
68,7.011010999662526,-18.505185392485036
69,34.400015277464455,-8.459355070101049
70,37.00253417340078,-11.8325170146915
71,30.895065629796537,-21.256316766955564
72,58.92233733171868,-9.225124761536252
73,9.88291781635635,-15.109833148654484
74,42.0471897516891,-17.03130272169584
75,37.32616794437471,-10.732222742116903
76,30.158280522844038,-9.426167137159114
77,-2.2898763984827597,-18.831050884358824
78,55.128379409317695,-7.339000189521361
79,4.022022998584052,-18.853185258217863
80,73.16509610601581,-7.716136146116792
81,32.14605609444725,-8.488110829683082
82,40.61117010903905,-16.609317983613447
83,41.757075821425985,-10.812456644417834
84,38.243271219753304,-10.889113610434064
85,101.84879202729226,-7.716136146116792
86,76.17700785123445,-9.310593052871441
87,23.81811492735586,-10.596189306799332
88,76.3368660607761,-5.878209634177745
89,33.64486345828903,-16.76111559273792
90,23.970861610848427,-13.92697130962729
91,15.372084826427624,-15.45322898541739
92,53.36603255515744,-12.498901142779872
93,26.469580545439243,-12.961303212630536
94,39.88306963185917,-10.129616723521185
95,42.00406725933412,-13.024935148242422
96,32.366461356062274,-15.458131486461912
97,15.724523198323826,-14.442356440188265
98,18.33426447030191,-10.769495480938252
99,70.2313934206503,-6.815820516610116
100,56.901366609240476,-5.981576150594958
101,7.940216745960682,-15.731623391124073
102,65.69090589718387,-7.280933778967746
103,22.66983395173494,-13.929012699413123
104,-6.038885638508962,-26.14142199260845
105,3.1413208940676673,-15.747900311419983
106,-5.015366491802819,-22.29622427421335
107,23.987958091834894,-21.543761651335657
108,11.836099455515669,-17.367228248460343
109,19.23929556128874,-14.169389395674092
110,40.21981555623091,-9.104588614469321
111,21.44261481724059,-13.450314153370401
112,62.61606209348103,-9.86039172590244
113,41.86282258967158,-12.571094696206709
114,16.9189528838642,-15.151442695405093
115,27.27729839967723,-16.12347490173044
116,27.293751296562107,-17.2679630487111
117,48.09810053535328,-9.966034913863375
118,30.145479967895294,-18.246053700427655
119,15.543399485290465,-9.380491471824982
120,35.28070155067884,-7.728433728328488
121,0.50357496553326,-17.828431228916298
122,51.65316481125804,-11.841525754371585
123,-7.255836939628568,-25.554481214181244
124,21.245844673854176,-10.586281052826163
125,25.734198107878736,-13.181647932614538
126,26.60745475579993,-7.223812232659698
127,-2.832956547251342,-19.19230417148877
128,16.973905921545818,-12.104820948107719
129,48.51356723662212,-9.769247408122695
130,-11.146694288610515,-26.326529438409374
131,46.486933423994124,-8.036726863120036
132,18.528551165017724,-9.659446903513302
133,23.920430877121657,-8.90455354552242
134,34.84804271262367,-8.649065018674552
135,18.617534687294256,-13.710957734484698
136,20.729450852917573,-19.809204895533938
137,21.514815501867734,-15.167251653071013
138,17.01010033285739,-12.27871204853981
139,-2.4441211050964973,-25.030035146860076
140,-14.987300723057007,-17.087329899038462
141,40.529281745526944,-17.72359030858307
142,61.36700235231041,-7.566484555648012
143,66.94850049455701,-7.204486238075891
144,40.25614629448473,-23.05830476590748
145,-1.8466458388883944,-16.820622573642353
146,14.93730043336392,-13.584943693374784
147,-0.1276418290286907,-31.428286552805474
148,-0.794791471410039,-10.787618760248762
149,15.458173866897052,-14.398357608541733
150,14.583292759881505,-11.248297207284796
151,16.160859134511128,-10.263772314933295
152,65.49653058348682,-8.61422980714217
153,13.443366055886408,-22.362991007636403
154,31.566741016279522,-10.348432623682413
155,32.81925176397933,-13.823490820445794
156,90.53817224868672,-6.466450332258001
157,38.948129690134856,-11.98220820889616
158,33.80135667576487,-11.70274630066579
159,-3.0064112465578052,-31.76096881027879
160,27.15462792143215,-15.756153104712734
161,3.37992550824191,-19.19345857725775
162,46.07734125839305,-10.953462812391034
163,-0.9117959492027095,-17.545647480289674
164,18.506154438334942,-11.272801385619225
165,30.824562076938978,-19.60556930335241
166,80.91198271550321,-6.869454449771506
167,37.48274554560902,-17.450528571254264
168,0.6518772170424736,-19.090542141948184
169,-6.4920905903850805,-18.318123692013256
170,59.05625317392491,-11.491777423026983
171,11.3537344447588,-14.14175686532534
172,-8.876237231027972,-15.644567539876475
173,62.07263681446369,-10.463218207356695
174,32.94505740836888,-8.071107228631401
175,5.841880650440556,-18.39879889623308
176,44.33754599843969,-10.622467290124614
177,74.3188353073634,-6.496066959072888
178,44.55946238110868,-9.300108506781468
179,50.71155519111554,-7.335147245399409
180,71.99813403986808,-4.2730847800563465
181,44.960946006875346,-7.716136146116803
182,58.82044444572985,-9.669510367501111
183,54.98106086789216,-6.466450332257989
184,32.406342788118295,-14.003312790729606
185,93.34730607648261,-7.18392276339741
186,37.50212164468441,-11.580785602609767
187,31.757869114312488,-9.003330068747495
188,36.62685829614123,-16.033205871449997
189,31.193074530801603,-13.19425830641241
190,-18.2072568535227,-39.53902492747739
191,17.082337831906912,-15.01507367151006
192,53.245572066165295,-9.265432479911329
193,0.33635852947109246,-20.085955088413677
194,55.44533741558342,-8.839108607432088
195,13.026482755655122,-16.763444911471925
196,11.600092291858143,-21.713126016150664
197,18.535164596621478,-14.868918666734032
198,32.46388683246755,-10.583499102846705
199,34.906503819734944,-9.735468214191012
200,54.48065935788793,-6.137472928407539
201,23.482024068050713,-11.769281462508497
202,7.091742843439075,-20.779315246429153
203,-13.35757115661379,-20.05217055061551
204,67.27048473268724,-7.252773128781453
205,9.23361383365151,-25.835376249778996
206,33.445718162636,-11.383230255509458
207,39.67006739880274,-9.367549011147192
208,24.711403649126385,-13.095778543618309
209,54.82407484426912,-12.289509250761643
210,70.01467110817039,-6.891811706867634
211,26.63702229908789,-9.11211132078984
212,74.62053449870231,-7.780951437655659
213,34.38262292628445,-10.32044777787945
214,65.94446210290911,-8.622103934694136
215,62.32011030951181,-6.466450332257989
216,48.5472924455713,-6.9596566121805985
217,25.831167015991063,-12.874875378601258
218,50.99958695498961,-6.929783832616843
219,34.579326483647435,-16.49188882852196
220,79.3884901031331,-7.716136146116792
221,-8.506789895320644,-16.717238861306416
222,38.06867677578547,-9.261502679497847
223,37.157597724305866,-7.716136146116792
224,43.62009131594648,-8.448469776639268
225,65.18237063594398,-8.259785113915175
226,41.278030936906205,-12.565466373829182
227,4.09580459959511,-20.325488973033835
228,51.02551913936115,-8.832826040785013
229,43.7902150428348,-9.731057968909585
230,50.37734537921512,-10.32044777787946
231,22.089482044960086,-8.36357702473719
232,22.984025490955705,-11.42979192938106
233,0.4258284834463222,-26.480540936782216
234,21.963281242829314,-18.391549692426924
235,35.20675053424345,-16.78468850299627
236,53.656191042512134,-9.310593052871429
237,74.27192889105893,-13.12627021945283
238,21.894836511390036,-12.272191031880942
239,41.28209372333733,-8.255132399585662
240,54.71979893316858,-8.898321658111918
241,27.47068524826144,-11.22869278337103
242,-9.080013561779188,-24.150161908833024
243,84.35202259114298,-4.373138192561898
244,54.279296619675364,-7.716136146116792
245,-13.212596172167324,-35.75314519909119
246,11.887860475381174,-17.901801247636794
247,43.12103570780692,-15.369214573372714
248,4.4930702369513575,-23.537914298178787
249,-3.7402572686913382,-24.688536588102895
250,15.487906752536373,-10.789445274276943
251,76.16925132034127,-7.716136146116792
252,63.750465707845485,-6.466450332257989
253,6.351515065682101,-17.23694239832193
254,39.68793727550863,-14.60576727719437
255,35.137033551360666,-10.133943196545559
256,34.374364124856015,-8.976235130010524
257,42.23167138779409,-16.495185321030924
258,-9.064465557486878,-27.334674291108307
259,35.69904343749884,-10.258198050717738
260,36.92201703408238,-7.716136146116803
261,43.398427042167455,-7.728433728328488
262,44.612650752931174,-7.760108413432853
263,27.034174042945857,-21.04956102468245
264,24.658721817682896,-14.541490009332147
265,43.59132498440814,-11.659503886904988
266,11.070811373846755,-21.619721490343167
267,34.10392931819,-7.863733000274376
268,61.85912728719805,-12.381085908921008
269,3.319486050699183,-15.711752582534222
270,42.880750317397734,-11.37533992010039
271,47.99585186281876,-7.780951437655659
272,2.7120245649977726,-25.794305710873445
273,34.204662005007734,-9.939959832579692
274,82.48151494011047,-5.594538878402777
275,-21.351547339890566,-29.997968371967197
276,12.031656399155043,-13.136957514244695
277,12.504721953977382,-15.482042569155318
278,103.05026285799919,-4.345570319280734
279,4.839274516374825,-19.109111382151088
280,1.4344917353403375,-12.153115223435195
281,39.94842110476809,-13.396077899182146
282,11.203757029948203,-13.351590539565606
283,20.43973925964664,-15.956670651436678
284,18.72538272307076,-10.839801942553141
285,9.414372671706882,-21.23335924159416
286,44.37872945560741,-8.839240806529435
287,50.24182429373305,-7.285139538372687
288,34.522389987965866,-7.716136146116792
289,-2.618271389661375,-21.5831776242008
290,13.997791188861463,-17.75724084570728
291,29.235916189827105,-8.426372464175213
292,5.084125213775792,-14.742928546731694
293,-2.9143933418421364,-13.442668882101117
294,79.51931932925957,-8.98754986323802
295,26.29540168346127,-12.555294866592204
296,105.29522025741369,-4.120443904152027
297,30.77583966412256,-9.267743566652298
298,-8.154920200272853,-25.92148358533889
299,21.656211510639146,-16.15293044199654
300,78.78006919009255,-7.716136146116803
301,17.463588915757878,-10.293635288393777
302,29.077779942565464,-26.177899920461222
303,62.1344697510448,-10.32044777787945
304,57.32986246639871,-7.191898621569925
305,28.30710252485753,-9.323937770773572
306,77.06432820999567,-4.273084780056335
307,14.298323136946834,-17.048642239316425
308,41.5384135918802,-14.05823091941203
309,4.692029509235707,-22.06097402356476
310,43.06138292976074,-8.96218009916241
311,48.54718921762047,-10.87687539326635
312,10.343494024388677,-22.81801628117448
313,4.760358940199971,-24.014252163440418
314,37.83910141875626,-12.665480178399967
315,9.961484646277308,-18.749960131048216
316,-10.053758418077596,-16.996503847444934
317,52.39562223372629,-9.852658811563808
318,1.7510638977191073,-20.11568046204778
319,56.142569652347404,-6.179268134815175
320,8.150583138328503,-29.083367310059483
321,26.187630939278517,-12.383723979595151
322,77.51379753363462,-10.662614293485163
323,5.966458623360005,-26.51032082453867
324,-2.469177109480536,-15.572789842548296
325,37.68570800917248,-13.849112273113938
326,-15.362316603597803,-24.181582989628016
327,17.54268608418559,-17.471782913454547
328,32.33778014852013,-12.60559441795779
329,81.7884461581661,-16.006085997591246
330,6.64635323020033,-15.530589430857267
331,-10.045164263810014,-19.70990902009634
332,41.93126859106056,-8.570503267323392
333,44.73729839098242,-16.526446798863713
334,41.61630835540586,-11.773952594823012
335,25.101329400433436,-11.966023620548993
336,46.0620899849941,-9.758338565727787
337,11.8128948930464,-12.442889914087885
338,28.09752038850899,-12.726006051044813
339,-13.56705833424703,-19.553974094853956
340,65.76584015490623,-10.29496454064428
341,29.25327211012878,-9.459732925883413
342,42.42793073636803,-10.981873205328652
343,11.810806003014296,-16.174718278041656
344,39.76153160084854,-13.112253826040654
345,47.27648221608265,-11.659503886904975
346,5.035501796054254,-13.686391541323006
347,42.8834407537106,-9.42958134495343
348,18.351554152053097,-18.45563285791402
349,-4.44830450877558,-20.93029224934313
350,34.69471448176169,-11.31543032144311
351,6.954565008873104,-15.52365264442056
352,52.85875603026356,-7.716136146116792
353,-4.715211921124396,-21.79159614832643
354,22.127116960397196,-9.72844855749223
355,51.803687553538765,-9.310593052871441
356,-10.749494328867614,-18.509581868244908
357,74.07129694993687,-5.014735006632054
358,-10.159326001288937,-19.768868626801016
359,-12.15968194495024,-30.5469189721997
360,5.78771830237601,-15.892872425331184
361,41.08501601164851,-10.21912106487065
362,21.482187779601848,-16.05568824554805
363,40.20932278353242,-10.093555733675153
364,19.24523521184467,-10.102779171735987
365,34.604290584691675,-8.636415145861044
366,36.83769944468294,-8.291053492709121
367,-11.724976159562539,-28.670897567742802
368,90.03936901990224,-9.623486404986048
369,74.66974323383025,-6.466450332257989
370,33.73456707211806,-14.564177619336593
371,62.02191767741596,-6.6457730212811095
372,29.239700254673796,-7.716136146116792
373,24.84782759763009,-9.220943056844465
374,64.15761017219009,-7.226106878931238
375,24.02836700575881,-9.68845632668306
376,-2.224091946847384,-23.600964544714753
377,22.391390823309653,-11.893398187384662
378,34.854699641252026,-11.6354161180934
379,34.42882656864155,-13.546536256141772
380,49.22194395746542,-16.500993656590047
381,19.064490280265687,-16.894079362316216
382,24.751290705872343,-11.69103897372662
383,28.595239499468295,-8.720397868738495
384,37.66188463015927,-7.716136146116792
385,10.312657177617734,-18.3999157319226
386,5.866804639881806,-20.573564323417294
387,16.073987388505806,-16.718157314241367
388,-8.576880201193127,-34.74247047628588
389,58.42882350967524,-12.420147825237226
390,51.43398374205801,-6.989628161730099
391,-4.50543382908144,-20.397844204288774
392,13.298697772242974,-12.50215887017455
393,28.787588838637724,-13.650421675972913
394,6.241312363426177,-19.21448691131803
395,37.63843244557785,-14.83275414093076
396,29.152399495633553,-17.65150414248793
397,7.889884661326052,-21.23509051352498
398,18.093937489912413,-17.88629088508187
399,84.10824187832037,-7.7161361461167814
400,38.46688633340132,-7.716136146116792
401,35.066445011107675,-10.667729130482794
402,25.949816781709245,-16.705861448614755
403,67.09853713419793,-9.090555636096209
404,17.605979926280014,-10.696869445436953
405,52.070108537295454,-8.014899972341883
406,60.6077690784447,-9.249960328445638
407,41.85465695859718,-9.625909406575083
408,16.70040817811489,-20.978943985445543
409,19.653095797014373,-18.497270425049383
410,19.454160891507954,-9.223579556176587
411,10.80218298507063,-12.353764767529164
412,44.28144233958476,-11.040600713395598
413,79.95273596891583,-7.716136146116792
414,47.83019194889675,-7.684463585473922
415,42.7544503973847,-7.7887212283545555
416,42.845610492963495,-15.406316143465615
417,26.65044315488798,-12.631860314683262
418,1.4603401265611993,-10.508596456678521
419,19.331269889607473,-20.395595302042956
420,26.139933302160824,-15.942815977276759
421,67.40827883502965,-7.504996965370914
422,20.521245826718815,-12.372072927048128
423,48.0874228754304,-13.081603138029651
424,29.39154232400285,-7.716136146116792
425,7.629503958885975,-15.88350775091929
426,46.496036583697766,-11.675152852994664
427,29.556431800043104,-13.193943349779602
428,0.4354938929706398,-21.310810812288405
429,5.841248112242536,-22.556331088369173
430,48.34104308776483,-12.711918493813911
431,-5.922301304361744,-26.556530045164084
432,12.006862463778557,-10.270935512822344
433,58.534595221001815,-7.716136146116792
434,52.4819726625225,-6.466450332257989
435,18.47238075673554,-11.518640988800065
436,48.86816337891167,-9.180911657726398
437,48.30836235937388,-11.518640988800055
438,5.775265983103961,-13.960702079366127
439,42.30760566224827,-14.747948781155461
440,57.765895160005876,-9.97543714529322
441,14.546862728965348,-19.16764605180844
442,57.75351250598823,-4.813975669321524
443,12.861753790854834,-15.647591926175753
444,19.699916223355586,-16.150318766873795
445,32.20631495625972,-6.373247278637639
446,69.0960149544002,-4.120443904152015
447,36.79043062974616,-14.889972753987902
448,34.655515231141145,-8.556692737612847
449,38.278960061591775,-9.685772282527616
450,42.95195568217765,-6.496066959072888
451,42.45181040798365,-9.450170719103468
452,13.943845234511286,-22.95512222982484
453,25.4690038226032,-16.98341486395023
454,9.451127241010248,-18.733997028997084
455,45.24758363388808,-9.688796604754934
456,14.541265342098741,-13.690653175541545
457,1.1536007741781873,-18.182374267773625
458,72.72564918426853,-10.44485384463767
459,12.972689666094283,-21.66224386223775
460,42.10127783026163,-8.381072910992204
461,52.672652350566,-7.481498592126535
462,31.511428558998176,-13.955537141006912
463,26.805298111934416,-15.255609704038708
464,56.466976149128676,-12.294887718558234
465,-1.3207484201149366,-22.719691075196558
466,33.72835059767147,-13.74627623382011
467,31.789874900527117,-12.587303579768594
468,9.300028085209465,-21.497181414927546
469,-25.138866739385712,-29.79766241774795
470,72.10954790219193,-8.417922953882295
471,26.075163375972153,-9.993062818892263
472,45.98927459394457,-17.187010235172796
473,-0.35441166218947995,-18.065023288664516
474,19.420963844868176,-15.545733558092623
475,2.028207253229053,-13.441773009556579
476,56.3235560948123,-8.193305436592258
477,63.753546689204875,-6.720953602193058
478,22.54438929102822,-20.06296178016138
479,56.88269056885018,-4.373138192561898
480,26.915872777445117,-12.161994622197081
481,19.094006368580764,-22.48584146657169
482,30.000582108363695,-17.667511522550694
483,35.92910035050325,-15.748035705194274
484,30.889811023617032,-11.463576619946314
485,19.191659926595996,-18.551327576637956
486,49.538699711414026,-11.766824096587458
487,55.28858594502879,-7.427637239923845
488,52.97200851711368,-8.616545939980224
489,79.47094478295888,-5.594538878402789
490,3.7443851526465233,-17.698116394201733
491,31.11200670535592,-11.170605825933688
492,-4.578230522429793,-27.017409354068057
493,14.678945148686529,-14.836884721979482
494,46.75190505767801,-14.419327862129672
495,19.604303562128102,-11.750305787439475
496,60.31709278557624,-8.036726863120036
497,112.52751010273138,-4.120443904152015
498,59.88123403432828,-7.18392276339741
499,36.200669597292865,-9.003330068747495
500,53.73991119063981,-7.670895239659559
501,24.183511635621223,-7.716136146116792
502,49.516450946200386,-4.373138192561898
503,20.018210020049445,-10.810845077015784
504,54.287717034566626,-6.466450332257978
505,45.982341451683425,-14.00602846359269
506,-0.37909269817734126,-25.550578179610916
507,33.50712027124487,-13.762077735560718
508,43.132555758473124,-13.527976824164345
509,54.522805036974376,-6.891100394339689
510,42.83328369839281,-7.716136146116792
511,52.79426354443799,-9.099172548424528
512,14.722532974723856,-17.043224616849596
513,41.435239599183205,-13.351643172126993
514,20.26258639350942,-19.113217186163467
515,11.827988722280036,-14.847540266138958
516,48.090028938761755,-6.882121226639615
517,46.94943940326115,-8.555033008611357
518,10.489843181035585,-12.046914562874766
519,72.07734471441228,-6.27684761504158
520,31.050820839476234,-7.716136146116792
521,0.04831700918126458,-15.786468936118514
522,66.58885482892842,-7.716136146116792
523,31.776617021573216,-13.285696703861428
524,4.837067559483255,-14.72812351674666
525,4.8574126536425455,-19.57662824523252
526,65.61949602843993,-9.352334425589792
527,16.87002194533578,-20.44131643999807
528,23.91571712941518,-11.591159139775586
529,33.604838788517185,-11.396004592946884
530,30.715150213105513,-12.501778945646802
531,7.992065563308848,-14.86220744166391
532,52.13817805769929,-7.716136146116792
533,1.2022375296811827,-15.29172007238545
534,52.996307545302,-8.988985759038092
535,50.070970130737535,-9.04175992712256
536,101.5374619457539,-11.188818491325502
537,50.97348011020182,-9.754430113545665
538,56.02380074636986,-9.012540509186284
539,73.02318627601379,-7.971619019634768
540,53.75507062851057,-18.1193843872092
541,32.35746144841667,-10.995106105455676
542,15.392830376421829,-15.379867680971904
543,12.599075904398905,-15.733189259490654
544,49.71788211846317,-11.518640988800065
545,-20.792444818551214,-21.43194715148481
546,0.12484814813016332,-14.188906186699935
547,40.168645443011066,-13.900357045877055
548,16.148570946714315,-18.154252517267512
549,32.57408135754125,-14.780090179215177
550,30.32237198316905,-10.11498253690888
551,49.59432058249773,-9.401930894696854
552,24.795039262407002,-13.828966424563271
553,27.67183505075468,-12.937601928659204
554,24.342328775693424,-10.689616560169412
555,82.0434654724589,-6.610654957168938
556,93.5873738886275,-11.131629990730707
557,38.55166791653619,-7.862653155956522
558,19.41042048324617,-13.227759154366536
559,70.71855487457628,-6.466450332257989
560,26.687060071850844,-13.118719552815106
561,15.236686457787396,-13.540150329562561
562,7.5009388930668,-14.565889080115868
563,-13.061422406775103,-33.59589361323665
564,12.699055268897785,-11.375289937157973
565,45.20166683425933,-7.7161361461167814
566,29.94664754489309,-12.656333802040798
567,7.194330012746986,-14.841469125514417
568,6.823685233316268,-13.75903837314162
569,29.230658311721914,-8.335809221635825
570,-2.988849640678326,-21.30645806825585
571,46.380983538394574,-12.738413234765511
572,57.7411315113296,-7.7161361461167814
573,25.430325023173793,-10.039222630740962
574,28.732984239341075,-11.361152968733023
575,26.03165914458685,-11.754532555442532
576,67.3568869904136,-9.003330068747495
577,27.390062399343318,-10.328111546438446
578,51.982254507631545,-9.70232317905534
579,35.126641379171566,-19.351266157629798
580,31.133509731416353,-10.023820404592731
581,29.807011031003473,-7.716136146116792
582,33.00676390725714,-10.99032612171177
583,0.03329742104911659,-20.219015606091084
584,41.583978752824514,-11.106754387529305
585,50.35381923047246,-11.659503886904988
586,21.38386175288456,-9.694352951104468
587,12.493112726425881,-13.350180150966562
588,38.018955361643926,-13.855612242212523
589,21.584059962423275,-13.483761441682818
590,45.64622538312286,-9.25190517574518
591,57.0879311599082,-12.91089952047695
592,53.890570312313216,-8.789337564849687
593,21.41988745037231,-17.209025870842474
594,14.98364698287158,-25.440021178608397
595,28.699165111520152,-14.81898605344446
596,36.75932183704062,-9.38986618712503
597,38.05421189530922,-13.57125921453035
598,30.13493097037392,-12.397270584244191
599,56.45477455794718,-7.716136146116803
600,37.619027371962744,-10.07702668546071
601,29.15303903332156,-14.984838985071958
602,28.190031193990617,-11.188818491325492
603,35.99799338174701,-13.31640594096839
604,48.040168302124606,-7.716136146116792
605,18.73123113575992,-9.358516628582692
606,56.574787114935575,-9.986158903738662
607,24.842374713451964,-8.689159814236035
608,25.814683825330032,-8.176956273454905
609,36.1314809618835,-12.763917297982008
610,48.239855441974136,-15.568864677221617
611,72.94319432674494,-6.403830908898356
612,39.984735576815964,-16.48630255357495
613,2.8656017807836998,-17.033535772240825
614,-1.9463164503842667,-19.635743749924018
615,74.88619157247598,-7.716136146116792
616,35.36438471504273,-6.87974123272469
617,6.8918968389228175,-10.586148619966885
618,19.367191447894783,-19.602907448163887
619,52.029310689001896,-9.003330068747495
620,34.098006197492616,-8.429529023103866
621,39.07975591261859,-8.877929390938643
622,22.70939093340043,-17.699595031009785
623,65.13793772769914,-9.126524650905488
624,51.45426691447656,-8.6093391976937
625,64.84896357484966,-5.670566045442593
626,23.89887236561721,-14.638142108510543
627,53.30794022024526,-6.328398173721617
628,7.819312741188922,-17.539371450507836
629,43.74041359163008,-13.813971461686025
630,24.130396682419963,-12.647653460780194
631,45.30150856013368,-12.975573314532163
632,38.2110688734695,-13.807366569444014
633,10.443480237103264,-16.767540904186696
634,25.54956256249039,-8.674651144833334
635,37.411919124512494,-13.974400911904738
636,10.714662677544418,-14.192063894528095
637,-4.069912418012045,-19.735678098577647
638,27.54326421196098,-11.44289938844485
639,14.830323359720342,-16.33049692768931
640,27.894340935122575,-16.433940254262446
641,62.692125828559384,-9.73766602242867
642,26.924726032891442,-12.59090662759127
643,62.7490727733037,-6.466450332257989
644,60.64455061805185,-11.518640988800065
645,54.925517838757074,-7.3463766145320575
646,29.09776651873177,-9.14519855726451
647,22.27474690252005,-9.753613441224562
648,-5.358595749404826,-16.899747175813516
649,43.81463298390147,-9.003330068747495
650,75.43531100012386,-9.38895099398579
651,26.75117996136929,-9.723020154575524
652,34.43270599820425,-16.02475700907545
653,18.31368054706022,-9.63661185146487
654,15.9865844863184,-15.471516955461272
655,46.37905837227323,-12.505765516000334
656,12.821437039184836,-25.121281192719735
657,53.214023055365885,-13.672851233729599
658,45.5320711925749,-7.716136146116803
659,40.33259890156451,-14.614664346511852
660,-3.6577198230780983,-22.392549854235057
661,0.8961301806857502,-25.727104663372614
662,81.02570310555404,-5.2746856047042545
663,34.16355218787916,-15.610965532647803
664,58.29456454792605,-6.561352951740496
665,3.4627988711925184,-19.72342666793284
666,40.247419870831045,-14.145362971200537
667,54.741469131115906,-10.973964288753136
668,24.352829933071106,-12.982330545653797
669,17.896487188187194,-12.659820030410362
670,50.70585583365703,-10.728282375658393
671,39.07492313071277,-9.755924883269918
672,4.034321628164794,-15.77239188064995
673,43.97062165571721,-11.907490122532671
674,18.85149478079695,-10.463218207356705
675,13.466958335903477,-9.063017168732546
676,60.92037222750304,-6.441443205352182
677,50.659760031044996,-6.466450332257989
678,52.07600036094539,-13.009042263067471
679,47.375532149260714,-8.239705769373284
680,30.899363020847947,-13.252314193294879
681,50.48121000614489,-7.000317266833534
682,-0.5840649997011949,-27.368324061686245
683,9.073653325966124,-20.33140893555252
684,-12.50303780347295,-18.83529548241466
685,32.01889519627774,-7.872426912237318
686,72.10121648270713,-7.7161361461167814
687,14.33163121220451,-12.774586045781856
688,4.881769630052313,-17.17693361105911
689,24.2623639515549,-13.132738258096
690,19.810667729730767,-13.41860353881601
691,33.111124926469856,-8.194027711053275
692,54.65611812677786,-8.573076974494809
693,15.492380980095932,-9.799665115152544
694,28.10444995078072,-11.505320752467052
695,35.86067790234346,-20.144187964788884
696,24.46369711324361,-15.781141853517578
697,-12.534721643597402,-20.723977703166785
698,17.749862852084707,-16.483717942598332
699,11.837509653459977,-12.752796807911116
700,38.30968763925502,-15.103553243892708
701,14.702190895068368,-17.043528934003703
702,2.059179574327641,-22.41523996613467
703,48.79827305789832,-8.737336698355724
704,44.99151365583878,-18.513832557135636
705,7.773067897688812,-25.858809007306515
706,-4.386999539752234,-18.05576155271237
707,34.34483254029912,-11.26162990210171
708,20.235155167318442,-14.940679904557886
709,89.44993484578143,-4.120443904152015
710,-1.0058604906048485,-25.62607931283636
711,2.7601151535548984,-20.504334744142028
712,47.27482205235949,-5.599446690441079
713,35.99970645622459,-11.529079202196224
714,59.12852709967047,-6.526911843969929
715,18.8005122286536,-17.143890595290635
716,50.08579695923488,-10.409306827124576
717,2.2828001746620474,-12.514750865520385
718,35.71364673252493,-11.091424169227238
719,34.13497783347539,-7.716136146116803
720,86.96056884792142,-4.120443904152015
721,-24.386815510526027,-28.966519207745478
722,19.716244804940875,-8.885116324451591
723,11.15020509735385,-23.096298759196788
724,-7.072194138463173,-21.161512610333144
725,-4.252544137310366,-15.327788005288834
726,27.690035270360713,-14.606863783958278
727,25.2201805841608,-21.55513881818244
728,45.91387220537324,-6.990102112577345
729,19.458904278949518,-24.204099055321493
730,63.56708010843797,-9.778720110774797
731,9.861978804329684,-25.26691670660186
732,8.028203173398651,-11.52311865058232
733,44.4489658586531,-13.170844502578383
734,-10.083233054054341,-23.94322216330689
735,34.32535133871826,-7.716136146116803
736,54.64806854632478,-7.716136146116803
737,40.38916248385285,-7.785936396972726
738,43.60079941845405,-12.514750865520375
739,23.3931315033576,-13.551827666646277
740,77.32928893153372,-4.862351797944065
741,22.116023297236787,-10.285425252700387
742,20.183521612073353,-8.217458622869266
743,23.721240338576166,-10.151324216100166
744,14.977907971619043,-16.808128872364627
745,3.2420207526833167,-29.457726463780098
746,84.32387532412238,-7.716136146116792
747,26.82903203681861,-13.165847462567537
748,22.024718440805646,-13.30021648542271
749,0.5438866329496195,-25.453535364074376
750,21.56759593452986,-16.049625741303675
751,5.052155203795827,-19.488602807396582
752,13.714643008821458,-11.858194309705116
753,51.38847993696052,-7.280933778967746
754,-4.7498119729982635,-28.097270144769094
755,13.47869759696534,-11.69830803359252
756,45.58044360636006,-7.716136146116803
757,53.425131817516245,-5.218391511047294
758,47.990010074900205,-9.768395197404889
759,46.29515065963767,-7.7161361461167814
760,39.79781513176135,-8.805665721959954
761,34.06009625891508,-9.134519072185022
762,-9.761191612384735,-20.024422829536505
763,16.48019599721775,-13.793704586797784
764,51.723668797167434,-9.14530406558638
765,35.36007588257608,-16.126845457862295
766,88.81120937700197,-8.151174156083552
767,-8.312999090922425,-31.989808380742247
768,57.37310671655942,-8.349324923978852
769,31.419724065567234,-16.072950245728524
770,0.14603151065994968,-16.74846468075266
771,66.29991978124517,-6.466450332257989
772,74.34831604313324,-14.064309327531754
773,69.12709277916981,-7.684463585473922
774,13.961227458686508,-19.14092222837872
775,21.52261336610739,-15.940119845613655
776,27.228171209764284,-11.755794923504826
777,6.464330463060475,-19.816897857237727
778,31.65745091407759,-12.088537037225644
779,17.207393716896433,-18.31099035055925
780,-6.580938233540056,-17.789682253594275
781,43.5054002715235,-11.016675753036376
782,46.22218541697427,-10.658234344832419
783,13.823883438148332,-13.857776656972053
784,66.60415569419345,-7.7161361461167814
785,47.824988123052734,-9.981491009222498
786,39.799874327260994,-8.332462288224363
787,22.559951960502687,-9.112662834364604
788,5.453499476147461,-13.376050160915332
789,79.6876617907508,-5.2848098092056155
790,6.616282541432628,-17.364779515412955
791,27.390861730215832,-17.54329636841634
792,6.145906414745883,-26.42957437675474
793,27.112896814038834,-23.33848567488702
794,20.31232722638372,-10.522278760638182
795,46.51597931079261,-9.288167069443642
796,32.924343668005406,-9.59228580083037
797,24.324869464181376,-13.44407859980059
798,83.04112659623719,-6.373247278637639
799,49.488014214236564,-7.313580486558369
800,45.7232116374404,-7.569773673064628
801,74.71087175063235,-7.716136146116792
802,46.33665759394798,-11.641895547184756
803,49.507204234300175,-7.716136146116792
804,48.65597368161356,-15.954030713709866
805,14.85054026437227,-15.31783315886377
806,14.37644529091493,-17.425982897547165
807,42.3531111805451,-12.337399601193733
808,20.57828467719314,-13.765675179548076
809,30.30956891123189,-12.269092992538312
810,-4.434768709142078,-22.622359254350155
811,63.12578953721917,-9.978831003706578
812,24.900740785064677,-14.568276803288793
813,5.733784549317278,-20.335672437595555
814,33.80533644584316,-8.988494758983666
815,-0.3283189097726624,-23.855185901759913
816,60.21791564572887,-8.217458622869266
817,41.873588694564276,-13.928807984010682
818,31.49887842660448,-15.571175553714866
819,2.054071450931594,-31.198002178696594
820,22.9409991874844,-11.434946502718313
821,14.789794599500738,-24.089929574514546
822,64.82346216640357,-6.548309480244441
823,14.726104542230178,-9.404770094002334
824,52.28463671800989,-14.370443627475327
825,47.56747767585985,-12.099381793396658
826,-8.082525395028417,-25.35284322789605
827,18.361354780136963,-9.96561826091693
828,45.426546055452974,-6.466450332257989
829,30.42559559395659,-14.1261485286162
830,14.245598734385535,-12.712879549961487
831,11.473223254457722,-17.551849148129428
832,17.46198432862398,-12.887379402685816
833,11.715634110946116,-10.36250211899371
834,30.912838679220368,-16.315153164248496
835,59.12260346865072,-8.09328052143642
836,51.753137392764394,-9.723020154575535
837,41.57961884418329,-7.684463585473922
838,7.966672823862275,-23.317778284574608
839,56.279705842457275,-5.726849941162381
840,40.49465707793445,-8.800488677133679
841,6.233499675565102,-18.318159854053373
842,49.02583830329663,-9.199743808175153
843,57.65588644139839,-4.924499864499587
844,34.22159254966397,-11.071533102724384
845,76.75821973916395,-4.373138192561898
846,31.39036956697836,-13.315177484103923
847,-2.818778966282165,-16.60946931093612
848,26.3257323758491,-8.459355070101038
849,56.558500406112074,-9.641785676313097
850,33.61729146340999,-12.845570209895996
851,6.0312572421009625,-16.20806959430896
852,54.19825264514488,-8.836953609079378
853,41.85835849751898,-6.957582300634424
854,60.968765803153715,-7.716136146116792
855,21.12213892047925,-12.476046127495055
856,44.782756279308565,-6.466450332257989
857,27.66936287523456,-19.312911012326527
858,10.696083792602584,-25.53374370615895
859,10.900364981794674,-14.427891351474976
860,53.76309249393903,-13.99590191186203
861,74.15873169531739,-6.466450332258001
862,69.11399698725049,-10.977691947633051
863,48.22100779212164,-8.329739917127089
864,64.12663034647011,-15.808668080250165
865,6.080507962080106,-24.408346116964807
866,32.17297125442122,-9.747409365648018
867,5.980802630241611,-18.097303745416248
868,19.76877100329788,-12.751422558921222
869,14.49359745255796,-12.183045106700085
870,55.4500321034346,-8.243249910954232
871,22.098950945062732,-16.619474673984293
872,15.887760610112501,-17.121417036919016
873,37.02350535705814,-11.518640988800065
874,2.646651869062655,-23.520715916241564
875,52.47454399590732,-7.803365155354403
876,54.56851234297553,-7.357791396829927
877,77.97366755174848,-10.32044777787946
878,29.590341058870816,-11.307471980298766
879,26.261646498466497,-11.197676153675673
880,-16.611801011976247,-29.726460039762948
881,15.515621834649984,-11.079245006691863
882,87.35528015458434,-4.120443904152015
883,-8.279937302300766,-18.65853123825667
884,41.431324316974894,-11.164729644121586
885,-1.0604011857256124,-25.01238035793326
886,12.939085289404307,-11.577517828847128
887,9.02612234169846,-19.479330954985162
888,27.513147437668795,-15.155606969669854
889,69.09430446199055,-6.689391105183507
890,25.518729243355942,-13.613560008903091
891,36.540435684307695,-15.88823364581443
892,66.20281619435977,-4.3731381925619095
893,17.330685868979835,-12.012905263061114
894,50.33098399457441,-10.386428989575247
895,35.603122730967065,-14.467834796207157
896,11.571746580023202,-10.172268287721275
897,55.496297375206204,-13.683626366916723
898,10.079812770198382,-12.645985267052563
899,41.48131953409704,-7.995952993263322
900,34.765370870891466,-10.454936456990694
901,80.15118866384378,-10.522278760638182
902,26.861510508782004,-9.567752439478639
903,53.17708981242249,-10.242595349112982
904,47.53321031131994,-8.59336964467502
905,85.67245879371453,-4.373138192561898
906,97.9212107109427,-4.373138192561898
907,49.12587776962456,-13.959434833896367
908,8.8184167090815,-24.127013595444136
909,9.14139722542695,-23.587361460583367
910,31.497263699923185,-13.506415608075105
911,15.440852488551382,-11.659503886904975
912,60.9863742251338,-16.564655321175113
913,16.48733574788124,-21.835576883275344
914,20.598602694093792,-15.469008244448634
915,16.316448296371288,-16.934806387723555
916,33.237398687201924,-12.198117446456425
917,36.30868792310322,-12.734617333009435
918,14.801443933106405,-10.862703501336213
919,25.021754233810434,-8.662724280520207
920,10.518842501742132,-14.6125015370256
921,22.38118317540907,-8.756249656893111
922,42.36411254235761,-8.52237505531238
923,36.99732601395542,-10.094443471991166
924,38.990749190429554,-8.651695527540316
925,43.26677727174426,-16.585975735990676
926,60.152018268781895,-9.026055703656532
927,36.825400860212,-20.558957218450256
928,68.04185343800688,-10.522278760638182
929,30.84131215558088,-15.463808236634923
930,14.49672832625717,-16.665040329048818
931,32.87796518710371,-7.875330661004032
932,51.96320606011611,-13.468153545848615
933,94.41154523695249,-3.563656885401101
934,60.06740246193456,-5.182666608147035
935,47.146743294000885,-11.9016116607345
936,29.07721352798609,-10.705894484619694
937,59.10064687519565,-8.006805709654296
938,22.61001295224119,-15.005373915203046
939,46.776633146947574,-7.280057865256917
940,30.71297867328098,-10.82418252036631
941,-16.11968104085115,-18.512030449966353
942,27.173404089478105,-7.716136146116792
943,58.1963466681559,-10.522278760638171
944,7.635221316313023,-11.190080277916149
945,33.31658480433575,-14.789823268897251
946,18.352424268423317,-20.548146046994532
947,46.59433540729066,-12.942953408193137
948,41.007063728676926,-19.558023147511726
949,21.539866081376346,-16.415936900251015
950,1.3283598169176791,-12.587292990409505
951,-19.56852581807653,-23.967634579952367
952,48.86016021033357,-8.908678801661063
953,15.711853626076188,-9.310593052871441
954,27.382389110820625,-8.129064405416141
955,44.02034867379157,-5.65093666877321
956,25.20087154173465,-18.071275394486484
957,57.35068173015898,-10.569273179072614
958,-5.256092325101669,-18.520320042181517
959,24.830284761234942,-14.660081409040249
960,42.79133120856069,-14.740358948118804
961,35.507920906300285,-9.267396994308575
962,16.4353352006366,-12.80596656083397
963,33.352438015103125,-14.237334129457258
964,55.53580897469455,-5.078670898222448
965,10.95948705401717,-10.773589456370436
966,4.359784812888323,-18.67778741058813
967,68.1967917100929,-6.081679386163974
968,31.06779628961125,-12.855989198213402
969,24.873710733820232,-18.392834715674933
970,33.6647451482007,-11.188818491325502
971,25.100288817459315,-13.353102193180423
972,38.49351676129744,-7.280933778967757
973,37.296390909007386,-13.166001585313447
974,66.00042851526031,-8.217458622869266
975,39.32294185634253,-12.550559314840404
976,51.235750645977205,-10.562082012297191
977,20.08781132690194,-16.412067912258976
978,37.86883378046557,-10.240903406633983
979,65.16027361403202,-6.466450332257989
980,-1.9981556635130016,-17.443741629090425
981,26.137808478983082,-10.355618037129066
982,44.11323436074406,-10.556801715636876
983,10.690209375780402,-14.46448264105662
984,58.22955581788356,-7.716136146116792
985,28.783586083681477,-10.632833634582273
986,20.251837454718146,-9.635882120491345
987,39.109779534954804,-12.602208593503805
988,50.9888468799786,-7.716136146116792
989,41.353013429985474,-10.880817253428587
990,1.083302000594899,-20.711690516746383
991,-2.768288448870826,-14.777763226840534
992,65.6250599635833,-8.34328415056188
993,25.896271755590995,-11.566599119904453
994,59.441592796520325,-8.415487927824328
995,22.982718393348776,-11.003271142123483
996,58.07350982630679,-10.753390447078493
997,8.815774274683452,-17.501511678026382
998,52.347528683658396,-11.443601061614196
999,5.7055399476399815,-19.53648857247574
1000,39.582431755616156,-8.036726863120036
1001,-13.143517718028086,-30.34709674415582
1002,12.221120578958367,-18.651295344259733
1003,38.65338758564878,-7.204272402597001
1004,71.58356024835993,-5.1983393679199015
1005,76.56427151414218,-6.466450332257989
1006,35.57808985397342,-10.304808001047316
1007,28.546558666942424,-13.234840543180738
1008,-11.962215875277217,-25.934116280460493
1009,72.80388605909035,-6.376893235712089
1010,33.21837354031834,-11.96895934126907
1011,49.415879285417105,-9.307851621467355
1012,35.35423243888134,-8.965524526756107
1013,78.91013955150945,-6.720953602193047
1014,0.7149667192667852,-11.97089334612248
1015,41.37523577885713,-8.655083044627998
1016,70.70929935900297,-9.885367635470644
1017,14.536238273561297,-13.922588567311255
1018,22.774347756073855,-10.420335230782818
1019,34.17975521237191,-10.32044777787947
1020,29.87582703772944,-7.716136146116792
1021,22.58256165516668,-18.73085884404524
1022,51.862582073762134,-6.524082832239852
1023,21.941317630822233,-7.231687476061721
1024,25.21965678459479,-9.212623408573128
1025,28.274312155472646,-16.964358734097928
1026,44.75063175988816,-7.368671032124718
1027,17.282637866624206,-14.34573764845859
1028,48.79652349368428,-9.960047801456973
1029,32.13331869190637,-9.880144825509095
1030,16.751825772832497,-20.916115676155556
1031,60.771509956721694,-6.891811706867612
1032,60.84191561644072,-7.716136146116792
1033,30.021043660678615,-13.206648754558781
1034,29.292944716050464,-10.461937636439878
1035,6.132407811455698,-18.601268092479362
1036,20.467009438041295,-16.459897503042843
1037,24.046445119088933,-15.056854570055433
1038,81.19204579076913,-6.466450332258001
1039,13.38146322149949,-7.3867297021341205
1040,9.746207090913428,-11.190764055989622
1041,8.536078165657068,-20.43428820351344
1042,-2.7167933208925077,-13.577033255541204
1043,46.791971125744205,-14.853043637134245
1044,30.390470262367653,-11.622675816917273
1045,37.09557732838786,-9.12644903368831
1046,26.897761695095323,-14.507989005643008
1047,31.49902673860918,-14.857278015078979
1048,15.6683913877115,-9.263908825779332
1049,50.026471923947334,-10.522278760638182
1050,82.63786259755832,-6.466450332257989
1051,12.398218874755473,-11.098065146114088
1052,84.05500307792111,-6.466450332257989
1053,39.65379221048535,-8.27949614900534
1054,34.09927043297933,-15.493326920460381
1055,39.38523393882771,-8.195769657953855
1056,23.629471834224923,-12.80290376046931
1057,26.01778621743851,-13.575508978553207
1058,24.343878432823395,-11.398873627251627
1059,38.870501421002125,-8.02687899319241
1060,37.93199552930913,-12.24613916223828
1061,44.147451915202154,-7.716136146116803
1062,63.642099522570184,-9.006770105326567
1063,14.138179445907362,-14.736890754017617
1064,42.823322495033864,-10.721685631024435
1065,20.06168044453791,-15.69375137432284
1066,44.245808092157034,-11.390624352910706
1067,51.681930913251925,-10.23238564492679
1068,92.22301609633277,-6.466450332257989
1069,55.834736056745186,-11.56077129726314
1070,35.261832937925995,-14.680531714137068
1071,12.793446232829409,-15.908605961247735
1072,23.697703633793775,-13.515454285377581
1073,19.677009457699057,-13.542072690583717
1074,25.96941885669597,-14.396099802967699
1075,11.924835753724405,-17.387414301621984
1076,43.26275321836868,-7.518658438095827
1077,-17.70847971001168,-28.65685476494184
1078,53.98360561526947,-7.716136146116792
1079,14.011736093473193,-12.499641470980215
1080,70.31944579315183,-7.254204182073975
1081,92.02544088522444,-6.645773021281098
1082,48.51822040766238,-9.35796398318034
1083,31.57710718229265,-8.050795669466225
1084,42.030324773629665,-14.215096692904316
1085,-1.3850136189169415,-16.674477782710483
1086,71.96423103806917,-9.986158903738673
1087,42.097530796922115,-11.666470206651303
1088,51.82044432011688,-4.373138192561898
1089,55.618770199805276,-7.716136146116792
1090,61.09440711304455,-6.053263850719071
1091,65.74870665167232,-7.7290477562434905
1092,23.6026294268191,-14.073202054157308
1093,-4.075017149898019,-20.86592658434727
1094,22.12626363370429,-11.461918008110683
1095,21.269631266962907,-13.14216901796722
1096,19.592813690736534,-19.77293325218922
1097,74.13521756188194,-7.405467791017639
1098,29.563492405013058,-15.86476764301633
1099,-19.483747985747414,-35.44462760622685
1100,-11.373376358410193,-19.24022708916483
1101,34.57944399813577,-16.610405148551532
1102,4.835031736108997,-13.683626366916734
1103,66.0663264387116,-9.276186977505507
1104,30.49032974239165,-24.588401445862353
1105,45.466308656182996,-14.597093607049272
1106,-9.830034973339508,-25.68488556671512
1107,0.549248050114981,-21.213938266421916
1108,38.974176285433316,-7.942282853192772
1109,100.6068654993991,-4.373138192561898
1110,51.82840347194109,-7.716136146116792
1111,50.36982726225572,-9.120506560582998
1112,-18.838491345431617,-22.865393470660035
1113,16.895761621794602,-14.142207360459324
1114,13.815994392139853,-11.95593538030325
1115,23.653904457395527,-9.21268144804186
1116,25.637792410461778,-15.294064908963733
1117,0.3326136879256758,-15.339760852103234
1118,10.552391795138561,-21.243014289327743
1119,42.26337241306446,-13.018356182303348
1120,16.710721916219583,-19.65465342164402
1121,17.242919415919424,-17.835625257907385
1122,11.230272910314177,-20.072868256198372
1123,50.45664984680553,-10.262598023832103
1124,-0.6009512297283193,-18.932085543279932
1125,54.838894471616825,-7.716136146116803
1126,49.471256240777706,-11.84393991306819
1127,56.52321526145707,-12.4055271146709
1128,32.68893200515672,-11.499549425617673
1129,-26.568863821033784,-29.60064079876801
1130,-9.789162667256901,-27.520035062530713
1131,44.179580084608276,-7.7161361461167814
1132,0.6074485273107388,-25.498794581280603
1133,26.4290858001051,-12.419189029891564
1134,56.5877246719974,-8.339426441328335
1135,65.8714413933087,-10.85096861525907
1136,52.08234999450809,-12.917324491451708
1137,74.97166781887219,-6.466450332257989
1138,20.534641019429657,-10.231396746611576
1139,73.62922784182308,-7.716136146116792
1140,-10.897167148888098,-28.1620526435278
1141,71.89085600213754,-6.466450332257989
1142,12.406209093378862,-11.545501239272337
1143,29.941234625575454,-19.71387922257737
1144,29.716434267075954,-13.683626366916734
1145,38.04248748681096,-12.638147739458617
1146,12.181568598513405,-22.249251430339655
1147,11.29961029644071,-14.34429535182381
1148,34.189915490321624,-11.247260614706578
1149,42.23472336133103,-11.267150422430328
1150,31.73010134388583,-15.422398012193227
1151,34.59260159939694,-9.310593052871429
1152,18.62234031013068,-14.900564204591316
1153,12.20426556730667,-19.420215733249268
1154,46.36389317489793,-9.515374242310248
1155,32.779976068465075,-8.893110769237412
1156,31.77407987863694,-11.426328745517234
1157,20.399330590200382,-10.800082650017606
1158,33.93485445222388,-24.272681191804267
1159,9.512008941691242,-19.465820809819835
1160,19.20538493439359,-15.371631230785853
1161,35.18413243272611,-12.855944052321899
1162,33.0290345778796,-9.855034583641054
1163,47.582316237365816,-6.806268645866442
1164,39.13902281025501,-7.716136146116792
1165,-30.242709608840535,-41.833160666569555
1166,19.391444149103076,-16.551314761813842
1167,-2.632369299515336,-24.34944892594919
1168,49.71892953891659,-4.2730847800563465
1169,5.757286354784452,-16.050132201775426
1170,53.77054286288798,-7.716136146116792
1171,21.002243408898536,-9.517830710610387
1172,23.925088250983695,-14.839461937486098
1173,9.873058551652347,-12.358133846616804
1174,32.18710167190544,-16.294047706292012
1175,31.512622400204847,-8.139433577196808
1176,51.734953079987214,-9.300114652511738
1177,3.543852080431842,-22.226307787433996
1178,23.589692696723084,-15.94827185881158
1179,47.42730835185323,-7.716136146116803
1180,70.18351033200251,-10.626529959134912
1181,68.53286946657904,-7.849253431106162
1182,67.36177825468341,-7.716136146116792
1183,10.797714700978922,-10.802506884882213
1184,30.5742581244429,-14.31527963523368
1185,33.10676948447462,-9.265432479911329
1186,24.83248848114268,-14.356505609962177
1187,26.70682823161521,-16.308311163017784
1188,48.8762980216203,-11.487561805967006
1189,19.46635935279033,-11.829556449284462
1190,49.64615103771146,-12.721295672144528
1191,6.231352558262815,-15.400346871898495
1192,65.42897658299714,-7.716136146116803
1193,38.01122366575791,-9.819093539632428
1194,52.39229292682772,-9.003330068747495
1195,-27.210136762079497,-36.9383435447156
1196,20.141696951632284,-9.775637117633273
1197,10.193216173013342,-17.38996850425033
1198,18.19321309226225,-11.603614676891926
1199,17.684456911814284,-13.971133233848775
1200,-4.158529097511099,-14.827269573426971
1201,69.38178216890896,-6.68247321463642
1202,38.453379282518064,-10.061945516593973
1203,48.31311892692629,-13.308449326675865
1204,35.41718711956192,-14.024568938794879
1205,33.598017542837376,-17.074556253195595
1206,27.917270110671886,-21.113224993076518
1207,50.806216984189476,-10.556801715636876
1208,34.897450134267835,-7.991094471928606
1209,39.29718853176038,-9.158786491857285
1210,25.43368490060307,-14.375012854975445
1211,-21.298517054734244,-32.16807206370662
1212,113.6706865177315,-6.466450332258001
1213,51.60681404805638,-9.863667462648507
1214,28.44126549077377,-8.598932728846032
1215,74.3415679010798,-10.087239372498512
1216,34.601532452165216,-13.625365239836063
1217,12.003129944453894,-20.525332498389215
1218,17.2509606285818,-20.320356481535473
1219,68.79462686053645,-6.042360113286338
1220,62.06532377137286,-7.480543824465247
1221,-13.558657927485951,-25.71927552078346
1222,12.15348162432386,-20.7259747367455
1223,19.523951325909827,-10.556801715636876
1224,11.00565992357394,-21.301155049206866
1225,36.74779740220517,-17.091050703381928
1226,45.861170314028676,-8.785021950119953
1227,40.923774200787165,-9.390169593162035
1228,49.31530971584663,-17.49627791098407
1229,66.08024496364212,-6.356792633469888
1230,4.063842344232671,-25.63611730854919
1231,88.56346107587018,-4.373138192561898
1232,34.82550572043546,-8.064772173259993
1233,5.875950320913326,-18.30095244073231
1234,58.021952900656615,-8.933619192221254
1235,34.03746616954126,-9.483000446179679
1236,32.72798404746566,-11.529314824333825
1237,7.900078144627187,-14.314830318592431
1238,36.390741364345324,-9.817928086283267
1239,24.32940975524882,-8.10928769207706
1240,34.20813709113817,-12.037078116919675
1241,66.947680055178,-7.837055059179077
1242,36.14842179482562,-11.751837041882796
1243,31.55164475636527,-9.68265162902917
1244,-6.057287483582519,-18.62216269029463
1245,19.208547674280794,-14.747067488098264
1246,34.73596516047748,-14.194546839274802
1247,-8.166490400932968,-26.495453551979985
1248,-5.243393736585411,-23.906435943759163
1249,18.898540411979003,-13.919219118421411
1250,56.42339694897698,-8.459355070101026
1251,37.99769584610646,-7.132833554566586
1252,8.85585533977029,-19.036585958614005
1253,34.63109945073075,-10.600566915750987
1254,36.340348196590156,-10.282282070037285
1255,-3.6547866654185968,-21.913385505736095
1256,9.871498760472953,-20.979390845663836
1257,31.551059387518322,-8.31338939063836
1258,17.075151838693657,-17.050251591728795
1259,33.936805522790166,-12.059405828131053
1260,18.954567735353667,-10.829259140045366
1261,23.60751804237737,-13.597614987806061
1262,48.405193640646374,-7.7161361461167814
1263,29.333593474159958,-14.492690867842938
1264,26.595548162205084,-8.866567045747619
1265,42.077644693367475,-7.716136146116792
1266,10.991148198491473,-11.308697132631796
1267,-18.48843257558811,-23.409266300468524
1268,5.509896837289507,-21.085222043759078
1269,32.05900478778538,-9.009171648957981
1270,65.42309005888968,-14.415782939670441
1271,-2.9509926130009134,-19.16753049385044
1272,55.89418494034453,-6.836106973316358
1273,54.5627445858647,-8.217458622869279
1274,43.42176078095288,-10.21912106487064
1275,44.077942031105266,-6.466450332257989
1276,44.23758592475717,-8.870543063164316
1277,19.6904270965528,-12.742449781551102
1278,32.485564061068104,-10.123584527942597
1279,49.5995645095763,-9.383934593051046
1280,47.46290578236285,-10.22552120782365
1281,35.83272804834441,-14.105786799223507
1282,-6.701929015477937,-19.187990210808536
1283,0.3463500745970016,-13.566507653867376
1284,13.4796165608984,-14.598540035770258
1285,39.05187128855563,-11.839923248953966
1286,62.402593832734034,-7.875330661004032
1287,6.35789617578757,-19.025883615738625
1288,43.98997220977752,-15.2810841757407
1289,39.64961312705162,-9.294299596747656
1290,2.970814802449384,-22.367567702826886
1291,46.38793365503035,-15.14456381172642
1292,42.84910001895752,-10.166730652393174
1293,14.939312393769665,-14.5553961785032
1294,43.158680566148064,-7.716136146116792
1295,26.757279755721175,-11.987613764600201
1296,53.41837474877138,-7.092351799453356
1297,20.174062578423047,-14.339941247518972
1298,5.052030967332666,-16.322651300704194
1299,27.298376984024774,-8.904071470799158
1300,40.97824181609027,-9.799665115152523
1301,21.797395222441153,-16.679476179048226
1302,20.233837364125186,-9.432008681232329
1303,45.06399857622525,-7.716136146116792
1304,-13.391199765923723,-29.5420808793487
1305,15.66689921464297,-14.444981592132544
1306,39.62173714000705,-11.606353541450154
1307,69.73630090618357,-9.986158903738673
1308,20.232944804383955,-17.230752427739205
1309,2.972160128315804,-24.345113644729054
1310,33.15384322311294,-16.88900425650758
1311,23.322793914803498,-11.242898085869024
1312,15.709185008513105,-14.587189686786061
1313,24.18228134779956,-11.337530971663378
1314,-10.783011633571348,-30.107906076925563
1315,29.85545111582091,-6.835378830529992
1316,31.19575845606992,-17.087596319565623
1317,69.58537027006506,-6.1990390633061
1318,48.910289235469186,-9.869737710812831
1319,14.61939986504408,-12.863334032047625
1320,5.4262483044063,-15.728867971065974
1321,24.74569838140326,-8.459355070101049
1322,17.48920524554658,-17.573411888497958
1323,19.610547688462265,-13.683626366916734
1324,34.674173266344454,-15.970966873842896
1325,0.7018955776340485,-16.262309515374785
1326,21.506518049828948,-7.572424274136457
1327,3.6533974516520518,-18.71733325290559
1328,45.47822882370669,-10.161134421512852
1329,24.67112863258962,-18.126945727270748
1330,25.539228133107894,-10.99601401781779
1331,16.50251358720709,-11.012385426356886
1332,49.27822342989183,-11.742378012268729
1333,59.2666356218613,-8.846012536463487
1334,-1.7519716408097574,-18.585490440382234
1335,14.560932183403597,-23.049932177679764
1336,63.06516957511887,-7.7161361461167814
1337,30.497505107135403,-7.7846416569168575
1338,15.66034741627873,-15.157634383763908
1339,51.256141616621335,-14.617187173381186
1340,38.69472971014489,-7.716136146116792
1341,46.39511879709723,-5.248999972930535
1342,17.969652522414492,-11.774267726560094
1343,57.58873712795158,-7.977640763790427
1344,60.624300806397734,-6.278230054291189
1345,41.81616234560646,-11.659503886904988
1346,26.0018663555462,-11.563896824928221
1347,25.883444687304014,-10.534202401317128
1348,14.855650615169026,-15.068439338432537
1349,-16.71253272749511,-28.219230272829734
1350,23.724502706594564,-12.07245049424831
1351,53.51303727006906,-7.875330661004032
1352,53.53544492061004,-7.716136146116792
1353,21.495879818597373,-9.112661001828837
1354,10.615216858555755,-15.42622402044077
1355,18.947361811687745,-17.10079731112796
1356,0.7566880353801597,-15.268446720839302
1357,47.37728860205643,-9.751857625551407
1358,42.372371158074664,-8.31338939063836
1359,18.017618521445613,-8.036726863120036
1360,40.04604657235964,-16.69157181842128
1361,48.18784524826896,-8.067756732459719
1362,59.840655288070856,-5.775844053831037
1363,34.26575491951773,-8.77634841180226
1364,47.44813868460527,-18.004080312917036
1365,-12.07933560371588,-27.216265702291352
1366,45.90814075911558,-7.716136146116792
1367,35.85838331493236,-11.659503886904988
1368,19.33391915092153,-9.155877361512598
1369,43.16668161926762,-12.03370575233793
1370,-7.98907003080539,-22.436642279773555
1371,35.94421926647087,-9.615152901566992
1372,15.532679777678492,-9.550993883517489
1373,14.816042201491353,-14.836884721979482
1374,32.01241522565035,-8.94491706954409
1375,17.56148808483293,-13.786785545490543
1376,24.886768165702833,-14.45129904256951
1377,44.42755056051031,-12.468180559664777
1378,53.055058285571754,-7.716136146116792
1379,28.663710056664705,-16.30496851417108
1380,6.451428695058969,-12.496218571440565
1381,39.07743847185969,-7.110578283288705
1382,36.51718365733989,-8.38358346590562
1383,35.4970090922617,-21.922222609121768
1384,37.445283708386135,-12.802786369224195
1385,14.630663278853206,-19.137986856440016
1386,36.7923687770773,-9.799665115152534
1387,14.147922950810266,-15.949418719318887
1388,16.282632874185275,-17.99597543189363
1389,40.619735558513995,-6.466450332257989
1390,45.42960497440029,-7.487746244926274
1391,68.3578132703096,-5.789702613033532
1392,43.791799878329265,-14.435263161990775
1393,70.58438082511044,-5.400488215382104
1394,6.460276195764436,-25.764429915504692
1395,19.441270795999376,-14.462910948855113
1396,37.85374950123688,-8.205872268416059
1397,13.394009521075812,-12.609683390140681
1398,25.049672941893707,-16.578095061174515
1399,10.481676480584579,-8.561631038119522
1400,17.572331490949477,-14.78089736403837
1401,39.16889099085428,-11.229442979741455
1402,32.9506660040376,-12.31926707267399
1403,43.50539445386099,-14.353391277769834
1404,16.802412567621538,-14.081267997644254
1405,29.542936847773404,-23.85378844860393
1406,19.25228027403234,-11.31232819377197
1407,27.44617084282972,-8.898484326435053
1408,13.790967440024083,-11.003693978721474
1409,51.35350125093092,-9.941386601604929
1410,5.010136478134308,-13.181305676180333
1411,16.291960383179436,-16.38811562439463
1412,3.142289449497282,-20.721842079772344
1413,20.725993798873187,-11.775058054806298
1414,52.6637125420272,-9.673620057934551
1415,45.57958880899267,-9.125798430146304
1416,36.040159196558896,-15.87647409454812
1417,2.155172565221175,-22.72406580457288
1418,-6.231197804134759,-15.987795413169614
1419,20.666066016728625,-13.047399193136
1420,61.54344654539541,-8.643649136306353
1421,20.48186426443772,-12.067269535350157
1422,16.180704527741874,-9.038082461632445
1423,65.26879449050882,-11.518640988800065
1424,58.63649051607982,-9.329159627874905
1425,8.985148646916796,-9.51898642479464
1426,10.387636194380189,-16.039142080215075
1427,36.61402111657106,-7.192598849738507
1428,21.431871809176407,-15.905948222415777
1429,92.07032210629147,-6.530127892818472
1430,-0.2685554369187493,-14.219986072465252
1431,52.5830137673607,-7.716136146116792
1432,43.12086574582861,-12.012482440403616
1433,22.69243188240857,-11.987720955805049
1434,18.76291992856507,-16.06281207392972
1435,51.293809719682,-7.57064694638191
1436,59.86005434531583,-7.716136146116792
1437,32.162868752818156,-7.913911717305422
1438,31.632060422726617,-16.735200307083453
1439,44.61208394989649,-13.981236934689234
1440,38.37430725801569,-11.743412224975758
1441,15.44554945885075,-14.086933424497039
1442,4.489466877291015,-32.984894309859584
1443,24.807730764998404,-17.35573828127479
1444,30.004569520250723,-12.820631102284075
1445,26.86523425253693,-16.650786514488768
1446,60.58321610383979,-12.07078819847689
1447,50.087437446226566,-7.684463585473933
1448,5.807188166558852,-22.051105615071208
1449,29.987254791849693,-13.749181547583033
1450,32.819393363141835,-17.25362472260833
1451,11.202787549537074,-12.445364597510311
1452,40.38599313608424,-9.492735764542603
1453,25.158231435888823,-13.978172352250784
1454,36.23088453938665,-7.728433728328499
1455,44.14620109312513,-11.609285408547132
1456,42.020123162414414,-8.31338939063835
1457,41.374868511002404,-11.316284545861832
1458,37.403692976537606,-11.509052999314918
1459,4.433921429093579,-20.4969203331151
1460,51.531092702104296,-11.330292936438202
1461,6.493285163265128,-17.465907095455258
1462,29.96160601156128,-19.114618735262003
1463,10.906653839064484,-12.803800114680664
1464,-6.144232077926848,-21.130053192059627
1465,45.678649489932745,-7.8685859798306
1466,3.20597729275367,-16.055418266437428
1467,38.9793665631313,-13.834057271487598
1468,39.3720290736951,-10.888300275875872
1469,25.942975462643368,-15.678255704288146
1470,14.38982557589219,-9.63018359342589
1471,7.723358401066194,-14.465331692642113
1472,-7.642806913020516,-31.01615448996865
1473,-8.195165595410591,-22.580570600898476
1474,42.96996069341461,-9.003330068747495
1475,77.91480980980212,-7.007794668965328
1476,-5.6468044020881125,-20.954446088341207
1477,86.42345011984969,-6.544504770845128
1478,12.397603675304026,-14.388428695013733
1479,16.05471919545569,-11.525225554567731
1480,30.776297799451413,-16.266635241351636
1481,-6.824273912762591,-22.715989006856564
1482,71.59067906263712,-11.460463675105903
1483,59.096846074868495,-4.43725273621941
1484,34.522594269616505,-12.230543711447439
1485,35.92652995555126,-9.59467832194708
1486,41.169297737783,-8.942075982392206
1487,31.404947530585602,-16.86481681958658
1488,58.54583611627577,-8.615529860804328
1489,11.524514868771707,-17.540208418208802
1490,47.616684671653346,-18.896904649929326
1491,3.3129164228348884,-14.583107601571799
1492,16.42982728285096,-17.919698402023553
1493,30.254740745297525,-17.106234963423038
1494,31.96282733906437,-17.994274948176237
1495,32.57142990764801,-14.103902490923193
1496,17.77789282579818,-21.96203116922564
1497,-0.6399790279149831,-17.884141278345222
1498,59.96153459325948,-7.716136146116792
1499,12.308562595989802,-19.666556676543422
1500,13.520547090833034,-16.82408656027069
1501,35.12238299747668,-8.69889401883408
1502,41.313735528900565,-11.259825592492279
1503,14.881947554500696,-14.094274068399038
1504,63.28172452111236,-10.131477294240998
1505,27.544287273450752,-7.716136146116792
1506,15.082762797047632,-14.861003008513052
1507,16.519652945838835,-9.96280563724069
1508,11.054610912318118,-12.08706641587689
1509,18.416559280498635,-14.732560255145355
1510,-3.847203141899236,-18.879055037702752
1511,20.483288924147836,-16.27743721377971
1512,35.32646337474308,-7.716136146116792
1513,44.771498160105196,-12.568325927323931
1514,13.997729732039165,-14.092677919942599
1515,41.62376337303315,-9.198330871871608
1516,9.455030970410583,-19.334419761543696
1517,25.44552181983988,-12.603186260014276
1518,46.01767596662813,-15.722578184774093
1519,15.475244831983037,-12.625702444525434
1520,7.742717869637583,-10.685709477604199
1521,26.815858415293945,-15.91088110233143
1522,12.841894052654169,-12.240636467641963
1523,18.328428020502386,-10.993432229706068
1524,35.5572663746152,-11.368716554265411
1525,25.621628512773608,-15.339316117576496
1526,20.108916246471065,-17.946508831953345
1527,-4.819875379637251,-21.752330009405597
1528,28.488999195051655,-9.002178708638976
1529,64.75224533828971,-4.2730847800563465
1530,50.87857857709075,-13.683626366916723
1531,64.8404569278098,-8.929989026244666
1532,44.819816523203436,-11.008357159966032
1533,16.767343405919032,-20.32657079122956
1534,3.33729694349576,-21.983332048940685
1535,34.913852875107395,-14.71520580530824
1536,51.38725596746774,-14.480424503385226
1537,31.226606208491493,-17.37581854086505
1538,43.65860415592404,-8.611316364399457
1539,6.020085841848832,-13.55337914571162
1540,38.60184807129381,-8.32926831131413
1541,50.945606786741024,-8.459355070101038
1542,10.739875401988552,-19.60809981295022
1543,48.819667144946855,-9.938596107547792
1544,23.985577978565264,-10.556801715636865
1545,45.56343058168517,-7.716136146116792
1546,21.53990943340054,-10.709972687134172
1547,53.291024391528396,-9.728595814985841
1548,51.39778604765548,-7.716136146116792
1549,12.83380551045643,-15.542786288185528
1550,44.78157648657493,-6.761895133052431
1551,51.669755196236224,-13.192488833554794
1552,26.168578021955668,-9.108211021944435
1553,21.172498640745307,-7.807885365392031
1554,29.672179227610627,-9.657335394366518
1555,56.65601274023029,-8.217458622869279
1556,12.421005826462284,-16.674206598057474
1557,55.750308934452185,-9.194901658860111
1558,44.39452282933174,-14.053397431568415
1559,0.030174047824105266,-14.643137564033815
1560,31.600585022200068,-21.62893903302805
1561,35.91548991507585,-14.46059810643925
1562,37.63953268509594,-14.836884721979482
1563,4.069512273115161,-13.840169881949315
1564,63.757937582286004,-6.9935976921194465
1565,27.131307968583318,-17.95627737808164
1566,61.0609808379742,-7.716136146116792
1567,17.416003148638225,-12.971356768288334
1568,50.80999217453888,-17.662041430255616
1569,-1.3367589333206031,-15.34453767596392
1570,47.08739096354826,-9.649073850195366
1571,11.220880914072119,-14.422469912309598
1572,10.822419574415743,-12.953477344729048
1573,24.915128310175128,-15.092348976347235
1574,87.98210270456248,-5.115188068578935
1575,36.495269046933274,-8.036726863120036
1576,0.7051258418673712,-17.9516416421178
1577,11.941932888677709,-18.82561953660986
1578,35.57263415468699,-11.541575875299381
1579,61.43534630263332,-7.716136146116792
1580,70.98368363602685,-7.716136146116792
1581,71.90883985802705,-9.511885997885884
1582,51.315038569619475,-9.660572054438665
1583,73.19574629567151,-13.959383002408398
1584,37.23793772304897,-10.18830754868384
1585,63.759239694641636,-9.571435246202364
1586,45.87064620347585,-15.52840744261359
1587,16.849277950985453,-12.243444978565154
1588,33.08810297738651,-8.74102960251254
1589,-12.027673731970356,-27.228323975943802
1590,-3.6020602902589127,-15.41275125644087
1591,67.78935702306237,-6.103650968949992
1592,48.16539792044294,-9.277467572894194
1593,38.01122160868247,-12.630143497071355
1594,58.18742583284773,-6.689391105183528
1595,25.883414839745278,-9.156257063570672
1596,49.09513675501498,-8.929989026244666
1597,51.27646653222489,-10.448291253852238
1598,43.15542531837493,-9.145668343904267
1599,21.84078776738607,-12.374283369739558
1600,20.01336781955365,-17.005987127809107
1601,24.738065749236917,-11.818671060585029
1602,10.973387011597492,-19.427545048948147
1603,29.681006398594146,-16.39008125215514
1604,41.23806396096321,-11.76425733408114
1605,50.91087891855746,-6.586954229988318
1606,12.162445119536368,-19.348560668297687
1607,12.501170415990813,-17.516984298968485
1608,10.960134083587736,-17.115645791589273
1609,44.39649693525123,-9.420920313525116
1610,52.19847932157548,-10.402444861133509
1611,7.213285935489178,-18.602700426779617
1612,48.42572494868589,-7.7161361461167814
1613,20.794555870082743,-10.778424354299466
1614,8.354778984842337,-20.177368605211377
1615,5.737178156806477,-21.223927875551674
1616,13.293980990460108,-14.734157096199606
1617,40.62174284833553,-10.180408649950756
1618,40.25404077492445,-9.587565796445785
1619,48.84223830331196,-12.429041490395887
1620,6.876597218106695,-10.230557946281971
1621,28.364735066644453,-17.43870744149375
1622,65.67771364438654,-9.268740865055047
1623,59.92083771676675,-7.716136146116792
1624,24.162768691115154,-24.391093472154125
1625,-30.257930763310014,-40.569785322714445
1626,25.27611291384664,-12.69161820415926
1627,12.883002590594694,-16.135908496454178
1628,45.1895586140034,-8.058606540089809
1629,20.461500535525822,-11.075538360124671
1630,49.96307627891148,-15.62958862197734
1631,27.72688443985334,-12.982271581984717
1632,41.37175071644581,-8.540036143786978
1633,38.42053923201727,-11.917819820018416
1634,5.357338744897788,-17.578867659054964
1635,-5.104787165498692,-15.076820786781909
1636,65.8877177020464,-7.716136146116792
1637,97.17688800302318,-6.869454449771506
1638,55.68976132269481,-13.600186023057004
1639,29.525949771717542,-10.556801715636865
1640,-10.833527312236846,-27.103893112526865
1641,49.10935552821138,-9.62613009657678
1642,-1.8875553739484907,-19.161401353691566
1643,24.68349730006212,-10.146759919535352
1644,50.942984994613624,-13.144282935719321
1645,5.344976568526483,-22.217198711254426
1646,26.892429930182903,-12.818921929658577
1647,86.16446710499504,-4.120443904152015
1648,30.901617921556458,-13.682579612937285
1649,46.999283938739445,-8.159441525617384
1650,61.876350664599265,-4.59563313811101
1651,47.41068983660743,-4.539405020789378
1652,44.741836181957794,-10.634878285847993
1653,38.5291515728861,-10.902890052900416
1654,46.728529055208526,-17.791935896772248
1655,26.709347810163298,-11.99864211682604
1656,28.523704608451126,-11.965472638487174
1657,61.875938997292735,-6.535448950736134
1658,38.76542134392509,-8.781963710210105
1659,51.968971472160305,-6.466450332257989
1660,-4.754960273311982,-21.568054019833404
1661,53.779791749899395,-13.522729865494155
1662,23.655833168517116,-11.436735907411233
1663,11.63591673351454,-21.742096075789384
1664,24.077398417359873,-7.7161361461167814
1665,14.049009644240606,-9.278594130763839
1666,44.83753751539701,-13.55262769773603
1667,69.97637100924261,-4.373138192561898
1668,48.86602316766655,-8.569127427319135
1669,44.07419417630698,-9.201175900704827
1670,26.452729232970817,-18.692771061731605
1671,34.73639998244315,-11.65590680726053
1672,36.93765088493319,-13.699276458704478
1673,62.10100867853925,-6.553074128697967
1674,12.597010044077205,-18.64232894860519
1675,33.662969685284324,-17.202469263373455
1676,10.293615404031087,-16.486109731571663
1677,38.01401876706751,-6.14319823840157
1678,75.98077649547703,-4.803459451480951
1679,53.835459173874845,-6.884124740174203
1680,-1.224227306114567,-21.004224959613015
1681,62.22917601154583,-7.716136146116792
1682,72.68196625302363,-7.716136146116792
1683,13.51039226807269,-13.540963970841336
1684,22.37676925460439,-14.95757073832239
1685,26.84453478025315,-14.042153749396935
1686,34.504167266437925,-7.059022758717159
1687,76.94887609027803,-6.799301921240808
1688,19.010343358929216,-13.936683917129777
1689,55.17167795681639,-8.071107228631401
1690,62.27734167850936,-11.447256609316048
1691,26.056485137175066,-17.26847125535076
1692,44.382790873813136,-12.059917264639674
1693,28.85959283225381,-13.334894997925772
1694,33.615733285846396,-21.64658563545505
1695,-1.6625608173171824,-13.348821096418828
1696,77.27230433013024,-7.716136146116792
1697,52.959655359393665,-9.823356411351625
1698,17.04868916113682,-16.070710758486094
1699,25.900179762680796,-15.628801118506919
1700,34.92806979394902,-9.926751208653428
1701,30.390236202352305,-12.14881153899855
1702,4.169776145176196,-21.240282436923607
1703,26.14756392547457,-7.874594114982569
1704,29.72535591780463,-9.777479295603687
1705,29.558994269000927,-13.610075369107067
1706,24.599770907674532,-16.125968931872713
1707,0.15434691718023696,-27.154174694001256
1708,8.559658042521745,-11.659503886904988
1709,25.8381824126664,-11.161033026689415
1710,25.955494414892,-17.577315326723266
1711,26.02137322971658,-8.935834097454787
1712,35.94842013628465,-13.939989933624918
1713,7.766705236632565,-21.38941457986181
1714,50.88402938243875,-9.397507925691762
1715,61.865232625333434,-7.274277026983677
1716,38.61721482661831,-12.406272811366359
1717,48.990908945525625,-8.155067182782162
1718,59.973853511266185,-5.859912515601929
1719,24.134748927463967,-13.582942123114917
1720,48.86711918816526,-6.920227132681777
1721,27.40199228615645,-13.356645691148096
1722,18.208284768707905,-13.004099436251504
1723,4.561122311448451,-18.689061302862463
1724,42.341714083663405,-7.716136146116792
1725,50.37858222494243,-9.003330068747495
1726,58.578114627867286,-8.036726863120036
1727,33.19777777803268,-9.265432479911329
1728,31.606751985839242,-13.730717872807109
1729,60.54303831953287,-8.31338939063836
1730,33.20400637301102,-8.593385336825232
1731,1.620158314960496,-21.573557525624665
1732,53.22750204979154,-8.560687412266432
1733,35.734085116208504,-7.716136146116803
1734,9.819042190687943,-19.817224996952078
1735,-4.216569572740891,-13.625514642498848
1736,38.5473571899037,-15.969084538551638
1737,66.4706517196678,-8.555685708888861
1738,47.96343221185104,-21.053136812159522
1739,29.650467958363503,-9.371005709844404
1740,61.827110399160134,-7.728433728328499
1741,43.39042880618804,-6.437092732916305
1742,28.641934608092413,-11.599535961053187
1743,40.72274618076701,-10.790988190256146
1744,112.83215553941916,-2.633855662206641
1745,3.239685629489064,-17.095438306872712
1746,54.27330742868748,-6.466450332257978
1747,49.18305992615826,-8.257094132647358
1748,24.250652291300966,-11.228521264479419
1749,7.770812690044382,-12.913599887292126
1750,52.21060134894859,-7.858676359736849
1751,36.5022495943677,-7.049162554662902
1752,15.511912059184073,-14.961616982123726
1753,12.601028965155404,-11.126725102104128
1754,0.7712985940224515,-16.39977918037834
1755,48.798176811545076,-9.319571053466602
1756,63.04468740329205,-6.83287584461405
1757,16.099076615086293,-13.166886171978032
1758,27.01653971406206,-10.21912106487065
1759,9.361450312926456,-20.0490768205444
1760,12.020417466140444,-15.700664664611475
1761,5.269432055878087,-18.778644503653474
1762,70.12928010974704,-4.857125299260801
1763,-5.682009948700417,-21.526556488109737
1764,64.89709174254736,-7.716136146116792
1765,7.2934931122035085,-13.003945164793972
1766,20.960820009801353,-7.611699418809803
1767,40.57041932679877,-7.716136146116792
1768,43.31757716376454,-11.696432880630582
1769,-3.5328738971070583,-19.331276348749192
1770,6.785803773530796,-21.19562060696003
1771,69.12750891642025,-7.716136146116792
1772,-0.8447550758114097,-18.68177363467631
1773,9.66663009851878,-16.554576138475863
1774,41.499206422592664,-11.004816414459883
1775,17.12659075812184,-9.737389322893254
1776,-11.36359870778385,-23.205614749712
1777,86.53293439264476,-6.063595726975823
1778,39.904367126782226,-8.827998209939981
1779,4.484872493503422,-13.41456161136243
1780,27.185570297797447,-9.598031848943567
1781,-14.488130444946334,-36.11266958925877
1782,25.768143996786684,-12.112043604205569
1783,39.995635267816844,-12.860419255734879
1784,36.34631006680231,-9.506667637833221
1785,24.782006018592973,-11.8536716434953
1786,65.18054093928107,-10.149909005173274
1787,67.05882773092011,-7.0003172668335445
1788,6.261478264940545,-16.184790629295087
1789,50.38090752035649,-10.403278823043038
1790,-5.403562404249717,-22.933359986801495
1791,-11.053009821037707,-21.96212807935232
1792,24.813212410889605,-12.801011678154495
1793,25.587775286232905,-11.659503886904975
1794,31.886753574472838,-6.466450332257989
1795,26.468497091438216,-22.960738917331213
1796,50.44306264056282,-17.906538203865818
1797,36.482524249837425,-13.103209852953047
1798,3.123486917870366,-12.015118737884823
1799,50.21321863192873,-8.595566042410063
1800,41.06695758995102,-7.684463585473933
1801,1.4613034545194692,-23.06363372272053
1802,51.05547363517901,-10.395473525665544
1803,52.65142724293401,-6.790482906461492
1804,22.957268493311346,-12.100464062686079
1805,-1.4948893684317843,-13.736636483661545
1806,39.392146645445436,-7.716136146116803
1807,20.68439116040426,-14.394095049136668
1808,13.033735776784905,-13.218820727074764
1809,31.250887152272753,-11.893365727742166
1810,-9.089798520976554,-26.65277551804731
1811,54.93618641531661,-9.980523714902533
1812,50.01336111083934,-10.146759919535365
1813,18.058979515239095,-12.073430912643202
1814,39.34219345371053,-11.406811201496236
1815,23.22598345984033,-8.869517288306339
1816,-8.33329543688166,-27.529268420614052
1817,20.375173590232,-13.212931490956558
1818,36.12831974312263,-13.44231693354605
1819,45.99410737492082,-7.400533250980779
1820,79.86739529831944,-7.953209240417802
1821,-3.73286652366408,-26.37257945991157
1822,-3.180139637413315,-31.6470048460484
1823,8.939744579476795,-12.7843173106837
1824,-0.21727917759004622,-33.81443648643503
1825,-3.6752235628798036,-16.83071420960296
1826,16.456923558629132,-14.630149932252579
1827,36.75947052445423,-12.318229366436228
1828,50.76131330727753,-8.141469476637742
1829,13.986682219451296,-12.334101578077272
1830,71.15167101160564,-7.576099024737781
1831,8.851074918234048,-13.948016002158248
1832,45.825759560072285,-10.98932074351483
1833,1.6419569290490266,-15.538780291827637
1834,34.982835367620034,-11.467212539219663
1835,25.490018974766105,-12.704165030303882
1836,29.5628568206465,-9.132019472741337
1837,36.061984003183944,-13.1777562497989
1838,17.24980854995266,-26.7806875598838
1839,22.51257962418116,-10.74630358298052
1840,72.19802895684215,-7.7899198340478755
1841,56.608212313561744,-10.853398398533765
1842,40.423488109685366,-12.324801803062535
1843,65.81208381307047,-7.943115884893526
1844,36.01991700545719,-10.32044777787945
1845,37.446514608375516,-9.310593052871429
1846,36.29606904879299,-9.265432479911306
1847,4.388455555874438,-17.597648708137793
1848,24.275566088353486,-13.896444509839778
1849,63.62959595203898,-10.198331420839823
1850,62.92141515609253,-6.466450332257989
1851,77.09011344519314,-4.273084780056335
1852,15.571956669927589,-16.969283684893664
1853,20.60285787918601,-11.930527542966685
1854,7.360927709102394,-25.492386220413678
1855,60.975622215088144,-8.929989026244666
1856,31.03310660331853,-9.97086457200831
1857,13.265937066512357,-12.25571692549381
1858,-0.3731308441657033,-17.110995869100208
1859,5.833463813399176,-23.135825519991382
1860,28.406606646487376,-15.767707626622096
1861,39.2956989803974,-14.0174053604878
1862,34.805083153144125,-12.627123248027372
1863,24.023897901593074,-16.53009017762003
1864,42.684198620857686,-9.152678406989956
1865,17.404858358311316,-12.073021275257867
1866,67.5995887079272,-4.163292317389478
1867,57.67741665436314,-5.672036829940708
1868,31.51136474793146,-14.876015079680126
1869,23.591002892522162,-14.563351377483746
1870,33.55226746323936,-13.554181173561098
1871,-5.3250006967731185,-20.267917859625626
1872,39.30963799584069,-11.90800446878405
1873,19.508811325939625,-9.54243896883903
1874,45.6725380673455,-10.387371840426363
1875,32.1418260270234,-10.291067684317646
1876,28.41730875456825,-13.35084560343981
1877,31.547669881848183,-11.600067099094534
1878,29.037430644355776,-11.14249308330244
1879,10.09113911053474,-16.72723415317694
1880,47.881361144101845,-8.071107228631401
1881,9.40317418135277,-15.962136193438814
1882,43.549617061311665,-9.457103708922364
1883,9.895614301872712,-22.60692166989715
1884,85.63519123881956,-8.036726863120036
1885,25.21239900927812,-13.480877373315604
1886,46.27333001122129,-9.551143222613156
1887,58.27413276833258,-7.716136146116803
1888,-26.91328068089237,-27.823314439694958
1889,19.194819469196457,-13.396880109743826
1890,18.389255113124126,-21.16757697929643
1891,6.234993555647295,-10.89118152844203
1892,32.46068414152325,-12.62351431402211
1893,33.31939548284173,-15.803420065963515
1894,41.41544238587069,-11.664187280639315
1895,49.82403280702401,-5.916190896015672
1896,17.250821864336842,-19.796434020581565
1897,25.95392120223543,-10.701714405782159
1898,48.03262143786999,-7.680406316829269
1899,21.81827644799832,-12.514641402690474
1900,37.581566248021645,-8.99112816757932
1901,25.045966902425377,-10.067221909974567
1902,16.297420513858583,-12.958055172403437
1903,11.921817410714963,-22.657731857423848
1904,43.36868196620005,-8.01238660570014
1905,68.06561389421186,-9.522717105862522
1906,14.228733079970146,-14.431277056168357
1907,65.95371592892836,-8.81870775630288
1908,12.284011367070491,-13.683626366916734
1909,51.41356086338862,-6.466450332257989
1910,83.35593649959989,-6.466450332257989
1911,30.781023993061396,-10.146759919535352
1912,36.13229463395993,-9.550429524763294
1913,7.235420202407505,-17.38048752312128
1914,60.22110152217077,-9.76987340612341
1915,12.332323675564494,-15.669219972461757
1916,39.91689713279045,-11.346847647150105
1917,35.0801478039749,-10.924948627764808
1918,-2.3237023200137985,-12.566790281323348
1919,16.059682646926564,-11.586530226855363
1920,29.583623426439676,-10.643338291789938
1921,69.74679134013056,-10.425689218709167
1922,8.73971333739567,-18.20953066309524
1923,42.02821126696301,-11.279863541958523
1924,21.078360413151565,-22.234800645056385
1925,0.72914357148266,-14.734106022284521
1926,2.358432960681278,-18.34674382828414
1927,13.725617759845932,-17.242665938080147
1928,27.007860510612367,-9.384423666246066
1929,52.054973905790014,-9.445523044594928
1930,40.36803660248918,-11.35302675021036
1931,64.4360454603377,-5.29709458844283
1932,-0.4124050299408988,-17.01337353814726
1933,62.62414159705993,-14.152531074705577
1934,67.33881674906893,-8.985905071780776
1935,6.644492219289533,-13.174565219527846
1936,-32.98959726369218,-34.90629064414755
1937,54.58456680826149,-5.238820666408117
1938,51.22215564078343,-8.801708216580417
1939,46.10340066482126,-10.463218207356705
1940,35.80421215540881,-9.28586305986958
1941,-2.692553161948763,-21.2804504427725
1942,84.99611865240588,-3.7630439387617676
1943,1.6335907111310943,-22.748218030457846
1944,22.346214775597282,-18.9505077542401
1945,10.38581583737126,-22.448845847260124
1946,-7.327373811909476,-20.581255743799897
1947,36.11439681148043,-8.717893975725987
1948,0.10895788897871128,-25.582478718557667
1949,21.722598410608217,-16.968826366697243
1950,24.290948147751102,-13.378489593262177
1951,8.935199992153176,-18.77620219695979
1952,73.76770358016063,-9.315725585232382
1953,24.7977273532096,-13.150298432648167
1954,11.838068342823016,-19.319417782746108
1955,6.806851711070783,-19.520173083189306
1956,61.881241641177496,-9.402142809382308
1957,23.374946969787658,-9.915990903798566
1958,41.69191682265445,-13.683626366916734
1959,52.61939668466149,-8.327276864015055
1960,6.804400500592811,-20.569319646312
1961,51.84987235424521,-7.716136146116792
1962,14.719919158557303,-14.142771134667909
1963,28.20919161809612,-9.681670101743045
1964,37.961654760070054,-15.525172038909062
1965,22.864705076672198,-10.861550234417173
1966,35.91630089719315,-12.839774329675835
1967,-2.333698598291678,-15.18454381976283
1968,7.953150605305792,-18.754874898944294
1969,80.72602009255101,-8.363577024737179
1970,-2.9137428438475776,-26.0647983201993
1971,65.82701494185605,-7.716136146116792
1972,36.8943874334428,-6.781764391394862
1973,38.92225018848634,-11.751837041882784
1974,-2.283405427638896,-11.087528112699896
1975,85.9870681962051,-6.496066959072888
1976,58.877940668620624,-12.937037761909787
1977,42.32708394998994,-11.751837041882784
1978,25.74768307184936,-8.82063599155134
1979,14.867296470963476,-11.004816414459883
1980,37.90442913555483,-18.592639852199454
1981,41.01924297118127,-11.08703889946665
1982,21.716951042463982,-20.688560106441834
1983,-3.8384103931283886,-22.295145952737737
1984,11.970043478762982,-13.135512889228506
1985,31.959339443003532,-6.720953602193047
1986,17.914040623721085,-16.435443906837342
1987,18.219516351962774,-13.45395256135211
1988,43.126172888528444,-7.159190998857312
1989,31.052242157906317,-23.291005970861345
1990,73.90605694010803,-10.637553696333224
1991,59.8328499127653,-8.317115423026621
1992,24.3950878524932,-15.304831772983707
1993,-15.627001279598518,-25.586498065240903
1994,30.549644039538947,-10.556801715636865
1995,29.283180271074617,-17.337188092199362
1996,36.831576234338684,-12.767962249903132
1997,29.8710468060597,-13.42619625398781
1998,-8.200158798709378,-27.2318589385836
1999,9.245301634799086,-26.851942859231404
2000,53.599202762073375,-6.466450332257989
2001,28.245072550447105,-10.156759430636807
2002,49.02619333709175,-9.477114064005166
2003,32.42941717544989,-14.528630111642837
2004,52.64206373416553,-7.716136146116792
2005,34.9874598530582,-12.016452588803162
2006,16.352323268239143,-15.140829952472679
2007,40.67582326550847,-14.345737648458579
2008,44.441920949574865,-7.97161901963478
2009,61.01744716390564,-7.579757997889924
2010,32.80157211516297,-15.883263960465822
2011,36.200081930196085,-12.616386178423866
2012,44.668587443609375,-10.454022151024144
2013,40.42540412273248,-11.298330478557306
2014,11.415931129983225,-12.382087028825584
2015,17.488389400694437,-11.503822448084112
2016,27.601389148422427,-15.897809137199403
2017,26.097934979197657,-14.054944699398042
2018,22.37018339841388,-17.004422164999788
2019,42.19061052704507,-9.232179558052312
2020,12.69240966282499,-26.27338892974046
2021,1.0815658501968972,-17.107106252302806
2022,12.89690218191919,-13.018465252034838
2023,51.96614454307742,-8.31338939063836
2024,10.574672605526757,-15.419947333833372
2025,5.37521401246388,-15.892686228757958
2026,9.584092943015253,-12.31858893841542
2027,32.184633396764205,-13.537402914295027
2028,19.81149148328505,-11.498506782438112
2029,49.47071438473769,-11.95365184205659
2030,20.125173942671527,-9.836892605768577
2031,59.90958164793368,-8.392275204492982
2032,16.794423178985696,-19.02906470070319
2033,44.87163338964584,-9.189151610149903
2034,61.72453384840468,-6.466450332257989
2035,38.285727337864614,-11.374580886321638
2036,28.258377782798185,-14.312788887997174
2037,73.00842593921821,-7.7161361461167814
2038,72.1332275791438,-11.06732191139903
2039,18.88808340082182,-10.797278951727229
2040,42.24742575904219,-12.182608193605093
2041,40.795541587388364,-11.091675033252857
2042,67.74650110675925,-13.561062570402694
2043,-7.911243695497927,-25.146224692401454
2044,54.484647122544125,-11.865692314652998
2045,13.782990061411482,-12.950275464533355
2046,16.773370553656285,-23.942093694994593
2047,12.624487234272763,-23.251535455499894
2048,25.432310611945553,-14.846616642845856
2049,12.141988694791683,-16.745594771721528
2050,8.02455885012967,-15.9049989768701
2051,16.863595538385056,-17.311900992750562
2052,20.769076191407578,-14.220199419659952
2053,30.226892247728543,-10.952819828406234
2054,59.81177685270171,-6.80975361541879
2055,74.14626907604362,-5.904982487441468
2056,35.03198636100095,-7.870894578800314
2057,-5.883071093771353,-18.85931392499025
2058,35.37387355553623,-12.679814123337717
2059,30.02046371969982,-17.16153659410552
2060,77.12783202381921,-6.691330778286908
2061,49.80442914925618,-8.217458622869279
2062,30.321737413118544,-17.725016834721053
2063,4.145516316676101,-12.966968749101326
2064,71.89487304784237,-4.120443904152015
2065,-12.6197977886506,-20.871803965898106
2066,65.34964373433046,-4.892736117398789
2067,25.52943315358982,-16.942608911755165
2068,31.24744757772597,-7.839402527909966
2069,39.17417187931924,-8.014571626978405
2070,58.30961857388426,-7.09681160701936
2071,42.36755393869585,-9.669130291754835
2072,53.2370802807149,-11.435361022560475
2073,38.63824049424296,-12.552870620142265
2074,39.533890376133265,-13.009397723116711
2075,46.126789420000925,-12.327274769409035
2076,24.082680330603456,-21.66628111560749
2077,54.108909958088816,-6.869454449771506
2078,33.97961082522891,-10.428173356870651
2079,40.687796231942386,-9.986158903738662
2080,62.13221186263787,-5.584187903616233
2081,52.83766111260315,-6.125641997580134
2082,27.8306062749756,-7.279215688038921
2083,21.883739074735665,-18.80719717096432
2084,27.429320004721227,-8.46823821054693
2085,43.51678862600481,-12.560933656613948
2086,30.71186000252726,-7.746191435795991
2087,54.485843621003546,-8.81371114387306
2088,34.11772157929478,-8.302779250911009
2089,31.371642373738553,-11.51720506783679
2090,45.971640715673615,-7.716136146116792
2091,36.334858525892535,-11.188818491325502
2092,63.94870262535095,-6.103650968949992
2093,44.85189685394397,-9.979912315341855
2094,46.15510032140045,-14.948936284520586
2095,-17.062851176332593,-26.326946773044114
2096,7.619157541777799,-11.867707576412624
2097,13.30841672468579,-15.589330046874029
2098,18.376613133844664,-14.836884721979493
2099,2.384231093499034,-22.261187041716603
2100,46.441817104527196,-11.96546877290916
2101,21.41160382203473,-10.237006792769943
2102,51.25654318226833,-6.537970837495055
2103,16.564304584972245,-21.26280350369524
2104,18.445110752809192,-13.676984999042075
2105,27.701132529364635,-16.986728797532102
2106,52.088824622987964,-7.716136146116792
2107,5.307512790749014,-16.750028585582278
2108,65.38730297224767,-7.513818679538897
2109,-0.31374831856292307,-16.506730202094733
2110,4.862295578507503,-18.894770857017285
2111,37.393500407420646,-10.505512580300902
2112,52.01119666955118,-6.466450332257989
2113,29.650351862722403,-8.534523555529017
2114,40.64441669209289,-10.238998038658043
2115,71.43930807211301,-6.297786455115995
2116,46.41437734689726,-12.005382894952666
2117,43.53705980425664,-16.948631199958474
2118,56.05624333710277,-4.273084780056335
2119,51.50750491689373,-8.511228135577875
2120,31.3037415101334,-9.990633845605112
2121,13.717386210997716,-15.889521305345278
2122,48.17719348276521,-11.008192856099342
2123,-17.090072993637094,-30.873478729295336
2124,8.964252703574772,-9.918345310459554
2125,23.861658930939523,-8.366486361596204
2126,29.664993638131442,-12.158616058859927
2127,28.13838203337824,-9.228461330578009
2128,31.513862143252737,-11.091329674981932
2129,53.144206621156755,-7.192598849738507
2130,11.756456632804891,-18.168009731319266
2131,1.6919065706888503,-17.092764125272364
2132,22.625625086191505,-12.458583480269002
2133,2.4577889400871022,-16.192379531910372
2134,-13.71231364275518,-17.769566816747194
2135,32.837593193009255,-18.996682782813444
2136,-3.118751386812968,-21.588784301630437
2137,48.75942326494207,-11.9632127115459
2138,36.24224202480859,-7.214922393090628
2139,36.72948477694329,-7.716136146116792
2140,-14.610254096096508,-21.901341576058975
2141,55.01822414437984,-10.098876530595135
2142,58.47267263606988,-13.683626366916734
2143,58.214173083401086,-11.751837041882773
2144,33.776140541165425,-12.514750865520385
2145,2.4520528861641244,-18.32869570160519
2146,44.705368944115435,-10.235781451075777
2147,20.032701552372355,-18.833114279605677
2148,9.479627120530232,-17.504179008784405
2149,43.28671326182432,-11.40005101215127
2150,2.6589532323742837,-13.105495194921835
2151,38.95854396126484,-9.178734044834636
2152,68.91525361118968,-6.466450332257989
2153,-3.5934134272123774,-23.152860024808962
2154,32.911660365588745,-15.527120259628902
2155,13.316462084586567,-15.490567108271902
2156,19.5989225132009,-15.140971896488987
2157,54.460272304230784,-7.716136146116792
2158,38.839512000724,-9.027349168692734
2159,73.6722935693865,-10.007641956047397
2160,38.38384518364932,-9.889962989166056
2161,26.93241923634302,-14.230167339615118
2162,4.369595878221766,-24.660303798189208
2163,9.803121960156691,-18.495211131057943
2164,43.94708614103771,-10.556801715636876
2165,73.71301054315266,-12.987584990210731
2166,7.196417112394937,-14.659502567081528
2167,77.27042663529326,-4.3731381925619095
2168,26.3064699027884,-13.24433172230136
2169,7.652337324913572,-17.244377772033083
2170,34.54022306117655,-6.533455289066936
2171,18.7914864350051,-15.663823168978164
2172,22.62260424716258,-8.199927741479806
2173,31.890234700217412,-7.716136146116803
2174,37.70943182267319,-12.514750865520375
2175,90.24045608003696,-5.023535685957292
2176,42.19792461865597,-7.716136146116803
2177,53.090724332999926,-9.436419222672276
2178,59.53213131822053,-7.716136146116792
2179,46.884556824927536,-7.087597533467827
2180,34.63547087575189,-7.192598849738518
2181,45.76626049391801,-9.98718870923433
2182,33.14042409302138,-13.462979588822
2183,49.54832578420132,-4.373138192561898
2184,-1.83262654870191,-13.168818617713773
2185,28.806519989585254,-9.195804616748193
2186,9.612463052949828,-7.918238605095807
2187,12.954626744995368,-19.96942098869745
2188,26.871147351149393,-14.056774346659962
2189,24.708509768512886,-19.335319069394508
2190,0.017436856778307863,-11.659503886904988
2191,41.30725634236671,-13.73433643220201
2192,33.404773156775434,-10.219121064870663
2193,56.05868738886064,-9.054587037726947
2194,38.15199669191536,-6.466450332257989
2195,54.81702571177585,-18.52602259115107
2196,42.29651228468938,-20.18645830071958
2197,25.128264767194473,-9.404170621787976
2198,52.907496475352175,-6.891811706867623
2199,10.295548089866081,-12.311933306746825
2200,48.90305574282874,-7.000317266833522
2201,11.833261006565321,-27.745539015203548
2202,20.231548925994105,-14.983795571360869
2203,49.46522103971602,-7.716136146116803
2204,3.8245722892749967,-21.954548719964883
2205,45.37754678905785,-9.464877932690307
2206,22.681884701866608,-12.912606458108279
2207,1.9728551014672746,-27.169630837583203
2208,37.07586678614876,-7.716136146116803
2209,28.568597908333395,-15.611942045945037
2210,17.358850131065196,-24.71998586880354
2211,90.7334823287742,-8.14485533867707
2212,30.44360272727591,-14.449241900564703
2213,52.10728219440406,-7.633990061503759
2214,33.971100700420045,-9.101697794679719
2215,43.15223191639088,-6.466450332257989
2216,24.633478867476732,-11.185886975574855
2217,46.25671587379985,-13.074869523349697
2218,17.112970925288206,-14.107951335281943
2219,39.79052576289688,-15.551061533465038
2220,31.63677280484576,-14.10711356006228
2221,80.28312514201468,-4.854333339840499
2222,31.88695491464064,-9.961662617126176
2223,41.905236735472926,-7.716136146116792
2224,31.22556779601906,-12.514750865520375
2225,36.2452184442128,-8.12724279573873
2226,-11.99874366292618,-30.035220275812424
2227,20.847372499644344,-14.721527445304261
2228,72.09047443088483,-10.463218207356718
2229,20.57629680838653,-10.007747287731739
2230,14.98910864640317,-16.128247491555324
2231,24.97365149048456,-10.9498110173326
2232,24.538738725014152,-10.556801715636865
2233,30.156283706673094,-7.7161361461167814
2234,3.3299639166125106,-18.80942542911542
2235,26.235537193332913,-10.146759919535352
2236,-1.837510204153825,-26.034777090463834
2237,39.23919811783858,-13.300514428225785
2238,22.16731416490685,-15.038806518829995
2239,-2.3675335749140936,-23.219537307513562
2240,42.49119310623182,-9.626210957618554
2241,-3.200047169970721,-25.429863663175524
2242,44.456238368781186,-9.996173964113042
2243,41.30923416394996,-12.378187282431984
2244,44.83841038834582,-7.716136146116792
2245,89.65793028191247,-4.273084780056335
2246,35.690988315178515,-15.182128435207499
2247,3.697682453339235,-14.051070851702308
2248,30.57070532413373,-7.716136146116803
2249,-11.085144145126758,-19.70876648130575
2250,45.22332065036172,-9.894721636547189
2251,54.25744100268399,-7.716136146116792
2252,19.196381295121178,-17.458360668699523
2253,55.101095616469294,-11.016675753036376
2254,26.824795652972043,-12.749766774843973
2255,34.15195112093856,-12.094968042224608
2256,24.198984191769334,-15.250265210924907
2257,25.508490677952246,-11.350102778173166
2258,55.70492223278238,-9.252999901538239
2259,14.217538463870106,-11.662752303183478
2260,46.94483603618145,-6.466450332257978
2261,67.49147189919707,-12.73553215025023
2262,48.44865232651063,-16.496681413549652
2263,8.009940057607402,-14.17915629367843
2264,34.863765363188406,-12.08960267548581
2265,56.942576796945986,-11.343279260772142
2266,57.91687831945309,-11.616256361605814
2267,33.290659125056976,-14.398796901697919
2268,34.20111865950193,-13.292686144615384
2269,60.62541409061777,-7.659874574490189
2270,50.9345844242316,-10.21912106487064
2271,45.49717308126755,-10.183599988419035
2272,30.643088794019224,-13.547882261989496
2273,46.35414680921761,-9.193461640692313
2274,-1.9681641560501228,-16.802284137461164
2275,56.53822160978117,-9.755490391360844
2276,59.58945522104664,-9.496928499749558
2277,29.71597520412166,-11.386958808183422
2278,74.33060935189918,-7.716136146116792
2279,20.616000577877557,-19.607518289260263
2280,39.33973299734759,-14.925187301538612
2281,-5.814187490637512,-20.677220335916203
2282,3.883959252416491,-25.27198046599691
2283,23.881282379842684,-14.171664332163713
2284,28.217705787975756,-10.044131243902644
2285,40.40350489336954,-8.929989026244666
2286,25.129747732663187,-9.892854618431468
2287,2.6170597999314538,-20.944883171418162
2288,35.78097879346029,-13.872894502630428
2289,14.091260001322837,-15.937383923173886
2290,-3.2595188252869223,-22.160788141716182
2291,28.779841063904033,-9.265432479911318
2292,55.525399164021174,-7.537262306653703
2293,35.55092654712553,-10.073597975715941
2294,19.41972301202295,-23.503894038850483
2295,71.67595616979617,-4.562301651795164
2296,-11.32458066076425,-21.610146415053123
2297,17.69189967750431,-16.566826846327842
2298,67.94236993124456,-9.71323588633034
2299,39.80947488254174,-14.739732916083536
2300,29.058069760368067,-14.507377763011398
2301,38.19594506413502,-15.9039278840439
2302,-9.422335262280612,-32.10551253984192
2303,42.45564000252939,-17.1528790493204
2304,35.96079247539701,-7.971619019634768
2305,7.8960723724186055,-25.085834965348532
2306,92.1548286216658,-6.306203386652475
2307,27.60182307765011,-11.188818491325502
2308,19.298674100835612,-11.751849103401801
2309,54.41945021340373,-7.716136146116792
2310,16.09215526708283,-12.31873798039722
2311,44.81360822380003,-11.452550091289993
2312,7.112044952554286,-18.73175271240539
2313,36.60159022951517,-10.279278555322534
2314,12.580867346791912,-15.133941450654564
2315,46.790327116884,-9.160515483261822
2316,22.060133255054538,-15.810607696578483
2317,8.037256351281341,-11.991876384657507
2318,-10.427218195126242,-22.014637949153958
2319,42.305933841620515,-11.518640988800065
2320,62.94568354170473,-10.522278760638192
2321,50.58407571153363,-6.966794146442989
2322,5.60907313596628,-16.997208989689017
2323,7.026768251627691,-20.590518220360497
2324,25.372687793859306,-12.644248825385985
2325,6.024705775096173,-19.221987515193728
2326,37.84805824100237,-7.716136146116792
2327,33.781282184516236,-20.968743226920893
2328,46.054318637601185,-10.989773415410642
2329,66.7541089452589,-7.97161901963478
2330,39.64375236902502,-10.747325807741625
2331,33.798791979437205,-11.603585611353706
2332,16.58291739269977,-11.348929951260233
2333,73.03812756997883,-6.73850458826073
2334,31.50785645564258,-10.77987623676261
2335,33.22973691504247,-9.078736897929163
2336,40.21754323874001,-9.540531339993885
2337,49.52804462987523,-7.716136146116792
2338,25.188188238604738,-15.119174034367733
2339,3.753647268973115,-18.11117466851154
2340,86.85999151002292,-4.120443904152015
2341,35.509954278399356,-9.012322636258329
2342,39.97376311000544,-14.638183626107981
2343,14.879002858371827,-13.683626366916734
2344,38.696348899149015,-7.37693700830172
2345,7.439035738045807,-16.224399783432165
2346,17.751799079261808,-12.3639519642457
2347,11.214569670480357,-10.324266198314035
2348,10.938535895916356,-21.287469459566488
2349,39.40138216733975,-9.267767872853682
2350,63.15830335123833,-6.671366272963908
2351,66.3395752822548,-7.173454215640196
2352,21.913942312663348,-15.892716226144755
2353,6.25192999366222,-11.038975799843653
2354,59.671935046527345,-15.567526778370933
2355,107.1149150226038,-7.716136146116792
2356,-1.9374504516234792,-17.971846492694233
2357,0.7795102964369027,-17.096596683084687
2358,40.0619376780585,-11.71358708954453
2359,21.550503356592078,-11.151353393969021
2360,22.391607448826022,-11.3403824970852
2361,7.653608124774469,-10.265999002461356
2362,68.01237013517749,-6.661075489433033
2363,14.7077436281986,-16.41285313761506
2364,9.749941457578505,-14.182086547282902
2365,10.289678415926605,-19.7557181260704
2366,36.322602887208674,-8.11360141273173
2367,29.847160019353524,-15.698789361526122
2368,66.38598440010774,-7.035923349702255
2369,19.41014908731715,-15.600140393009365
2370,-8.710574416068706,-30.59157160727084
2371,34.72085129276468,-9.100102657318166
2372,15.556433391907243,-16.399627137284835
2373,39.96647100299793,-14.672954846624497
2374,61.3715246621273,-8.805756965724632
2375,31.860117252865127,-7.122680215854715
2376,5.039250362301262,-17.27722102315763
2377,23.70985813810693,-11.21671149930804
2378,48.53109057518847,-11.37915411478887
2379,50.12925630460787,-12.536289955681212
2380,66.71703536330804,-6.51611234593198
2381,-1.2807751850521076,-16.213924455657015
2382,41.59884167942038,-20.31076551332962
2383,36.6392604240592,-9.420710901410878
2384,2.574900251822898,-14.19170234776912
2385,15.633148845539502,-14.715065013740258
2386,64.51625151824636,-10.631695865003287
2387,44.482590017143075,-14.370553870560244
2388,60.744475435983006,-6.7209536021930365
2389,-3.497948992489064,-11.729123190149615
2390,5.459488767880449,-21.247018136540508
2391,43.0151366571323,-12.951043642268555
2392,62.56659063004839,-10.705593122371827
2393,19.13365826720963,-7.716136146116803
2394,14.17376672722719,-13.239619634724576
2395,9.276229200702257,-12.360344206478358
2396,33.7431875413789,-18.053242568180337
2397,53.91332038103047,-8.968170260246
2398,-19.662234085306363,-31.605886779171634
2399,5.419533851931169,-16.196997546840752
2400,36.05421735027028,-10.956635636709777
2401,45.39557645832248,-9.190430866662325
2402,10.101224881048187,-19.533315368554117
2403,56.53397909173752,-6.466450332257989
2404,38.19828926081603,-11.25855537903584
2405,43.770980703518816,-10.33339552153042
2406,50.06164366098589,-9.795440644800147
2407,87.63264669031739,-5.125781425488263
2408,-3.4514188466385876,-19.500219767532922
2409,56.869937440155184,-7.716136146116792
2410,8.738017954174172,-20.09364727425681
2411,57.65142064285445,-11.188818491325502
2412,30.492452426879435,-9.161325577740541
2413,34.661046157452226,-9.310593052871441
2414,43.123271513378356,-11.101370891058949
2415,17.805417356329944,-11.922378547687075
2416,66.37423239385001,-6.720953602193047
2417,65.53247566154086,-9.799665115152534
2418,51.79797488667099,-15.241064779108605
2419,26.647820829222102,-13.683626366916734
2420,61.76867769001593,-6.1198687587367235
2421,23.497232339392692,-12.51949358121468
2422,45.206828407697785,-7.716136146116792
2423,10.240994169302354,-12.055191850797286
2424,38.05047043882366,-12.772829700610266
2425,41.43105915762075,-8.980988121384947
2426,27.687905213196352,-11.004816414459883
2427,59.475179819989464,-7.716136146116792
2428,42.87862077703102,-6.858458678314349
2429,40.71691218674503,-14.530805609115728
2430,16.51141831473817,-12.941661771493019
2431,79.55904913392986,-4.499315177730134
2432,12.219254501302101,-17.611651480120006
2433,15.400415584454773,-19.567832443733824
2434,30.771305509009284,-11.65525002411788
2435,66.12317862469888,-5.5549093333026045
2436,61.411866598559726,-4.863055752667533
2437,11.342345477362525,-7.921023289797258
2438,35.982716767167574,-7.994901207033179
2439,42.1036538333736,-12.842535712702807
2440,20.51478377687197,-14.17124831318769
2441,4.485085360489549,-16.969353982322342
2442,29.506748014835928,-15.465034345002604
2443,42.337501383343664,-8.375073482125096
2444,24.925948869677473,-14.605709267285283
2445,25.425534695157715,-10.832317024893001
2446,21.44663960019413,-9.003330068747484
2447,48.447473273468255,-6.297786455115995
2448,1.465785891601179,-20.661722276153615
2449,19.359513558940698,-16.17713406237298
2450,57.69822405545566,-10.556801715636876
2451,30.558290634067873,-6.827087005264021
2452,5.709238971163377,-17.231506842191312
2453,4.29081158765896,-22.75636211068921
2454,43.356356858424824,-11.44758631186933
2455,34.95162155756715,-8.047300241698718
2456,40.52887915808632,-9.98547141706595
2457,70.90500573357443,-7.716136146116803
2458,18.56364336978704,-20.437876081721186
2459,19.514441402986392,-11.27653421077559
2460,55.20733958203565,-10.340069760707571
2461,23.38646207401318,-11.873129122593939
2462,50.171488598152834,-7.716136146116792
2463,-9.256685013523235,-23.472232661046387
2464,-3.519709539876348,-20.543805637445544
2465,39.733163275750314,-14.145362971200537
2466,24.958630838252404,-9.920052970027394
2467,6.564531812520724,-13.51687693705349
2468,43.22834749193274,-15.176905680423891
2469,49.170644434156245,-7.7161361461167814
2470,26.88926474759896,-9.880890324718772
2471,45.81068353734577,-10.965883885707639
2472,33.7957796025026,-18.289939471370698
2473,31.612433376886393,-15.573870312502835
2474,18.95891153049989,-17.413854796297446
2475,45.19814793400212,-8.701120077462276
2476,31.58697122454477,-11.503751278103136
2477,27.046418211325495,-10.451662946613672
2478,26.51770877406243,-9.592317043910736
2479,4.651305109357762,-15.204110537939764
2480,38.18112786466623,-9.903003614315853
2481,92.8209244944838,-6.297786455115995
2482,13.788167240745231,-15.77694028526433
2483,6.171614805226899,-13.683626366916734
2484,59.54108092199832,-8.836700883143745
2485,20.02057472573009,-10.522278760638182
2486,34.94520386036164,-7.442203760516975
2487,-10.440651668341005,-30.303777072160067
2488,27.15777818154126,-11.518640988800065
2489,-1.0990430234913084,-23.21849347935506
2490,17.612120466880434,-18.67010231305968
2491,24.95068086498289,-12.572076528365217
2492,39.93246587842283,-11.291022620251645
2493,61.04724617677786,-7.7161361461167814
2494,21.22676520844515,-11.767008862832473
2495,61.02783931761413,-10.440610007417561
2496,91.04680407584753,-4.3731381925619095
2497,76.31014142180707,-7.035923349702244
2498,16.46031558792902,-20.34491387722922
2499,33.73045155008194,-11.405776737088436
2500,33.121110932889785,-13.51631931543993
2501,44.78735524674222,-7.18392276339741
2502,29.607505212361595,-14.746180879449378
2503,-10.349432455629382,-17.051941853842113
2504,2.197928025136364,-15.111219064726534
2505,-12.593156103483361,-25.898863242155322
2506,4.690518706729541,-17.90551737287699
2507,-33.11098989947104,-36.58925346416366
2508,12.849809758731956,-20.445705952116278
2509,10.847143242002065,-21.106255751842372
2510,-5.1965479444172065,-17.851631095411356
2511,75.68489162928648,-8.112758839126444
2512,38.17587636600008,-8.79628784997999
2513,41.28634789657788,-15.148074536577482
2514,14.905875940129153,-23.039520856903728
2515,31.25276536490107,-7.765379494693891
2516,17.353816915377273,-10.592737721485268
2517,1.6219689446870689,-16.910420482748133
2518,51.1060303385283,-9.935709431946671
2519,1.9604181367024909,-16.455887109981305
2520,-1.575916023415358,-33.614050702775025
2521,21.32435745126642,-10.454089395363953
2522,39.997164323633584,-16.388568793968407
2523,23.673347999289064,-14.099528875159905
2524,40.04297398463053,-7.716136146116792
2525,-29.016135038714395,-32.44200690701348
2526,38.83591701094016,-12.677468140575288
2527,39.700134865979805,-7.366381064661809
2528,8.83481386064242,-14.007167808872968
2529,46.233563976551785,-7.488350077105322
2530,48.69819412354693,-16.158386554365755
2531,49.300855358378605,-10.233796774341485
2532,57.40481215418287,-9.981400993530187
2533,25.256539699559365,-9.738529302004173
2534,77.63672957008585,-10.508457762435574
2535,25.2682423494337,-13.767733227984058
2536,22.22756602315201,-11.456690867725216
2537,6.233260309927413,-22.767882452331555
2538,46.65070755767666,-7.780951437655659
2539,26.03612259851136,-9.003330068747495
2540,16.398333806900254,-16.17230652105888
2541,-8.29317244384159,-18.790185880623756
2542,65.83058590289339,-6.466450332257989
2543,17.794377123122153,-14.002464752125054
2544,11.976695750025467,-11.652653493786469
2545,35.0744659046609,-9.290782477588767
2546,11.699782516119095,-17.79105435470292
2547,14.518775543396313,-11.680463384766526
2548,51.54234641927759,-11.483368099258918
2549,72.17253994760198,-6.466450332257989
2550,20.172741970998388,-13.269800660679854
2551,15.901796629334154,-11.907951589460797
2552,89.7125458858474,-4.120443904152015
2553,42.07302437957032,-12.286573755000497
2554,3.591659936257807,-14.343664906227149
2555,53.88412389102945,-10.323388915597388
2556,31.49168140617555,-13.428992191090906
2557,13.120056330210229,-22.53072368800352
2558,57.45036074512202,-8.259088861209873
2559,75.07347845238108,-8.555033008611368
2560,-3.1368823335434337,-30.50331157845395
2561,45.09996417002944,-7.728433728328521
2562,80.52838766759717,-4.373138192561898
2563,18.06977357898991,-22.21451715484325
2564,18.217167416737333,-10.628097942320114
2565,42.427345891922116,-8.05122817794488
2566,45.227654784742356,-8.675524119573907
2567,14.656091025755114,-18.31503410036388
2568,3.412894838620173,-16.09253413992927
2569,-11.4736981014676,-18.00382216544687
2570,87.0180829719372,-10.21912106487065
2571,9.275583260037322,-11.391263146201712
2572,86.69494871650329,-4.373138192561898
2573,18.16337953491487,-17.39934510647427
2574,45.020434785399324,-7.716136146116792
2575,61.11234580565996,-7.246185804901573
2576,7.4359405832914005,-20.53400000742537
2577,45.251198680716634,-10.308589289953197
2578,1.943559350912527,-17.250255650457813
2579,31.877130051687107,-6.645773021281098
2580,71.22200597215249,-6.9149493719871336
2581,8.341664262810887,-17.90863971932658
2582,22.86041260623508,-19.226989268764825
2583,12.79494284838072,-13.504957733015111
2584,76.19037497912325,-7.716136146116792
2585,19.75948621225121,-13.826863807583056
2586,51.183974454337374,-7.636915896611729
2587,26.055774761722983,-18.83078677625132
2588,77.5126862102024,-4.2730847800563465
2589,50.979999594640766,-9.281743083062821
2590,59.33971761300296,-8.135103083464157
2591,34.009439459551885,-11.292941317483251
2592,24.21609150887165,-14.157183829042852
2593,82.70108600517008,-7.7161361461167814
2594,68.61171213868961,-8.837536454344907
2595,17.48866397352642,-18.518806910341667
2596,-5.56433299043082,-19.340082588375086
2597,-15.503437755534277,-20.454281102425544
2598,23.19638253877867,-11.751837041882784
2599,9.639544401385969,-17.311321671196943
2600,73.56714863884856,-9.47262777758009
2601,13.043979485760616,-9.448425236697444
2602,37.01701478460431,-8.939347134651888
2603,58.38192629580132,-4.26847523878936
2604,20.63877114985493,-12.071682072149038
2605,37.68564254667686,-9.310593052871429
2606,35.09949245112818,-12.002972427269098
2607,8.071158194174899,-16.15865797443943
2608,29.73768868619191,-8.99962488389111
2609,12.727842159090773,-14.759400718644567
2610,-3.149857762942776,-22.414512658762163
2611,-12.636227842091884,-24.160227957191626
2612,59.354140929416175,-6.466450332257989
2613,34.44762547663189,-8.071531234371154
2614,41.277775747566416,-7.885229020163386
2615,22.09511703163667,-7.716136146116792
2616,27.36162906459747,-10.84054692365023
2617,52.1043101157147,-10.519775520166629
2618,10.062931999075687,-20.73853229439918
2619,67.76765636649245,-10.829009651402565
2620,30.818882932182866,-9.680781054310316
2621,26.779916833182014,-12.459745271133492
2622,0.05889673230388137,-22.753435990356476
2623,27.8295747942084,-13.683626366916746
2624,36.64176404104411,-14.978779446445634
2625,50.02736496817213,-15.601340362649474
2626,59.57511589434097,-6.6507351283450085
2627,43.66408802315451,-12.888386168801135
2628,8.10438136289049,-14.10641704889497
2629,-17.11524990873916,-34.58232027883431
2630,13.995311137923828,-17.207116316612325
2631,68.6720717748783,-7.183922763397421
2632,40.360533282848806,-16.731077003354166
2633,40.47608969413234,-16.159177400309353
2634,27.3922581030682,-15.720247663880727
2635,50.848104979141205,-9.237671594234797
2636,33.68063170724249,-15.24285208863616
2637,61.67814757676289,-9.23858422099183
2638,68.83220847855736,-10.195775494403447
2639,8.012198299224416,-13.629881555560575
2640,85.7784949569504,-4.120443904152015
2641,23.75257161721247,-13.137970310278913
2642,18.354411043008035,-14.836884721979482
2643,37.44647778998949,-12.553454721261105
2644,47.70825900989875,-10.18461686302896
2645,56.86800176460984,-12.311326334329674
2646,11.712599827783832,-18.439181701360408
2647,35.037840175303046,-14.807656059236784
2648,38.3818999267463,-16.867392170817162
2649,60.34508295189094,-11.004816414459873
2650,67.00446863726974,-9.271816138082556
2651,14.88689868784836,-18.20331157076074
2652,11.168049054100804,-13.399916482822915
2653,39.38659425247164,-9.730465208728
2654,52.31513994897246,-8.171953134809373
2655,20.7520458808391,-10.546943409177945
2656,88.22597916153224,-4.373138192561898
2657,59.40621798728185,-7.684463585473933
2658,35.39883098085008,-8.878564378899256
2659,74.85953465318704,-6.84364364543355
2660,41.36302651204347,-11.34854479078642
2661,57.45292815372673,-11.671275983002872
2662,31.3568981056904,-10.061215743821794
2663,2.73680175883535,-20.04743833080257
2664,51.80288107049875,-10.74630315028161
2665,47.10439694131552,-7.179390218666281
2666,26.109977715221078,-21.48157843792624
2667,21.210416815260793,-13.026348397393727
2668,19.9742581189974,-17.788465279075737
2669,50.02654739269017,-6.466450332257978
2670,37.345229080652985,-8.733451353810684
2671,17.790584599711366,-17.626058513681564
2672,30.27949000209351,-11.03189712990227
2673,32.13985911873429,-11.934103771998938
2674,69.54194800532622,-6.686211989177771
2675,21.702548403817048,-14.193544930142233
2676,45.89839438373193,-11.804793073345
2677,13.699942445209267,-17.470465354367583
2678,8.378282861026909,-19.645924489142708
2679,54.27433327930211,-8.084452041986145
2680,22.41566543792075,-12.965484865655231
2681,17.515707373793177,-9.096130054086304
2682,1.0403243320641353,-17.780438079898552
2683,31.225090059050963,-8.76793424350948
2684,13.616272860183543,-19.032652900453616
2685,-10.749688635925313,-23.41147598428044
2686,48.62213838248357,-14.793697420798324
2687,23.546939880705864,-14.666954639437202
2688,9.869025332129034,-15.274129708072559
2689,28.918199838820556,-9.39638306847882
2690,10.781721436097014,-11.136727863906481
2691,48.415213922605396,-10.986127412430868
2692,33.30142654612202,-9.494042988924123
2693,58.23792246732169,-8.234747114123287
2694,9.79781138443827,-14.159029327056672
2695,50.78874976210497,-7.716136146116792
2696,76.76740549929681,-7.716136146116792
2697,49.879658495654255,-6.966794146442989
2698,4.795482073287616,-28.623669180029175
2699,28.692917195310088,-8.929989026244689
2700,15.200624596915823,-11.518640988800065
2701,30.20101829123949,-15.838344979559437
2702,48.070384234156194,-6.485175440099356
2703,34.78031410323958,-14.598810688066411
2704,26.253862030038498,-18.985462320339675
2705,27.66375582022935,-8.47700763662077
2706,14.254895312257876,-14.714037706412487
2707,-9.148234193961912,-14.31634794315606
2708,67.9277743884659,-4.3731381925619095
2709,15.727309594068984,-12.028662292353465
2710,63.334001693830075,-9.111943346163287
2711,28.337555544319738,-7.716136146116792
2712,26.958499214429477,-13.630090966400488
2713,9.52549866505461,-9.333657737436685
2714,33.09938284782585,-9.499405494652535
2715,20.996695082377116,-9.702870403219544
2716,34.282634167879,-7.716136146116792
2717,39.66953194990492,-8.459355070101049
2718,35.24482816285752,-9.797788339004576
2719,32.413764205165975,-10.487511418719752
2720,27.787585377857326,-9.986158903738673
2721,-5.226736828234579,-16.910680161094906
2722,43.656075665624684,-9.20401195513193
2723,16.098076281590433,-14.57649464086913
2724,28.42467623366096,-9.439343450212634
2725,45.13598075173739,-8.431321553921933
2726,19.014118894653542,-11.566599119904463
2727,14.74801040791267,-12.981120344787922
2728,40.24550368156239,-10.146759919535352
2729,66.73843539301517,-12.499921825653992
2730,85.69716636789222,-6.466450332257989
2731,45.15507820739675,-9.748102604055742
2732,64.66690597842766,-9.003330068747484
2733,11.339922816951686,-16.54660164791597
2734,4.43901879045272,-13.847538918212155
2735,15.468135056144838,-7.9056826784119405
2736,23.888525958471483,-11.66374978884993
2737,29.578566088520454,-17.175117164022936
2738,38.86582320016496,-12.031490447671278
2739,46.67919846437971,-9.491252709847132
2740,31.40902708461597,-18.92395948271983
2741,66.8812199686736,-14.807656059236807
2742,5.5172970528936105,-16.598960276654175
2743,16.165173302556912,-14.45180791770978
2744,29.91789618953713,-7.215479719539431
2745,41.34906262123146,-10.590487514020918
2746,10.151783260549262,-13.695405593174403
2747,46.88348363970003,-12.316000393819426
2748,4.422320403413371,-21.669988984285006
2749,47.13525005843904,-7.4100618596233065
2750,30.552493203229126,-9.58064099896836
2751,58.061334514838705,-7.716136146116792
2752,47.11177486457303,-7.97161901963478
2753,22.16667657799811,-13.397482545961758
2754,-7.129869363558516,-25.35302399354008
2755,11.005990606684701,-10.999583026950477
2756,29.29773053458984,-9.914215039017426
2757,31.63155585716868,-20.443390750187483
2758,66.88815820356015,-7.18392276339741
2759,47.39159753095248,-7.716136146116792
2760,64.51492327145402,-4.373138192561898
2761,28.052981348538065,-8.282032675267715
2762,41.88452109336582,-9.076808424874983
2763,29.683368839987434,-12.483544522289558
2764,35.58387091151267,-16.51970504086313
2765,44.74595749183414,-5.248998264219573
2766,78.06434827393846,-6.466450332258001
2767,36.10874614823454,-10.690674026009495
2768,8.281619368813843,-21.174689486118183
2769,34.21774781736209,-8.51079258507993
2770,57.28407770843948,-7.716136146116792
2771,39.70447137023576,-9.26250150582324
2772,10.046956356518667,-13.009226868655599
2773,45.537648219929785,-11.054325578667024
2774,31.030271441682334,-12.438004498512733
2775,66.72346633477267,-9.660746355374872
2776,75.87103091978132,-10.830715850434036
2777,88.62490086438028,-7.282078078854804
2778,-8.672366521750096,-23.402934295194513
2779,53.85172644140843,-9.588181636413518
2780,53.706343578517625,-14.109130940255266
2781,41.709404457972376,-7.5426987373437555
2782,19.116111692288996,-10.959709929457196
2783,55.755841384326544,-6.466450332257978
2784,-6.384537196583717,-19.94065825401905
2785,71.2974720032988,-6.466450332257989
2786,16.056869180034372,-12.652340236920324
2787,9.56031050154893,-22.894534263072288
2788,37.152419767747816,-10.643755358551255
2789,18.495869804037966,-13.683626366916734
2790,36.52778452066874,-10.831562147325513
2791,3.27163411171143,-15.59621019770322
2792,1.7737600216891192,-18.532113377316794
2793,35.005676309133094,-8.824200030759854
2794,26.780042104872372,-9.093879805738581
2795,25.297599979610517,-9.387972335301054
2796,-9.181883714096662,-27.6697908120763
2797,30.104977955922397,-6.466450332257989
2798,43.63491428466206,-8.4638120697905
2799,46.78383955078908,-16.819156175180517
2800,29.359084678294177,-13.536893073843236
2801,14.11114027447342,-17.380785861464652
2802,28.922049451660104,-13.060270420474819
2803,29.174409800232915,-16.572074787062753
2804,37.584506832840226,-14.62183033723048
2805,50.54370180734211,-16.668389199877353
2806,69.02555704576798,-4.373138192561898
2807,63.13727892905408,-7.971619019634768
2808,-7.825186990059773,-27.18623903877555
2809,10.874844454462096,-12.886553959028946
2810,-2.369696511169106,-18.50862548504717
2811,58.24618305999061,-9.003330068747484
2812,22.246230700032974,-11.518640988800065
2813,68.1412396910214,-7.15111827301762
2814,36.76439196811538,-11.744639308508752
2815,29.436341239121667,-12.046180387338634
2816,78.95777133423788,-5.965673050018472
2817,64.31910564372217,-12.702138269427355
2818,16.65964040922969,-16.13847492066929
2819,66.71756084579101,-7.50402756798646
2820,117.49903482247315,-10.21912106487065
2821,27.2810862254542,-9.778181219721716
2822,64.78252236781607,-15.044484526681135
2823,69.4716978560897,-11.659503886904988
2824,35.46530265808621,-10.272690957276165
2825,74.35036636596068,-9.482068554224076
2826,38.637239856861825,-12.750905729730599
2827,63.56710537945265,-7.684463585473933
2828,8.462532329481931,-11.183465144982884
2829,35.280118072262944,-17.748079215129952
2830,63.89925777084304,-7.716136146116792
2831,-3.1919173875995077,-18.544035221231482
2832,67.52401416934435,-7.716136146116792
2833,44.131268370698805,-15.089854145607484
2834,17.28574467950894,-11.86773477836136
2835,15.797084465052924,-16.859240717238432
2836,20.714027603979556,-9.294038939903892
2837,22.26240445108083,-20.40285950537276
2838,11.761585591381651,-13.57095248923832
2839,33.8218445061953,-13.619568454447506
2840,60.18842655305401,-11.160261351450696
2841,52.53484382622191,-5.478057246234346
2842,55.30814544351947,-11.745668025342793
2843,20.256050072037613,-17.943019127327876
2844,49.76156807533958,-9.465596870661152
2845,26.67087952801781,-9.760182133785856
2846,29.315572267185907,-10.826091928817439
2847,37.833249820428435,-7.793326956588597
2848,31.864320200824615,-13.58709455838294
2849,1.403994232989314,-25.553172020469372
2850,38.026631362405936,-8.370575931687963
2851,63.99563218749604,-5.550384005719233
2852,3.3910035331726984,-16.19948484561029
2853,11.83507408517288,-16.083287241347932
2854,54.81635388041186,-7.716136146116792
2855,14.901173215931607,-11.170968562711892
2856,35.26953417199798,-12.12161967007902
2857,32.92993483601874,-14.266556367522554
2858,39.59238535485292,-7.060448091477856
2859,30.894163907511828,-10.792480145718564
2860,41.84092185786734,-7.352952417959468
2861,35.29803513897074,-10.731469820622719
2862,71.26037247578721,-7.0003172668335445
2863,55.149618622185834,-6.466450332257978
2864,42.21015408219417,-14.692575430310805
2865,14.76004959450119,-10.000863899979661
2866,26.553687519630365,-21.859696167789522
2867,12.443713973035365,-10.134324840857989
2868,10.672715105971054,-22.89761077453878
2869,30.275030133980717,-14.63743123869844
2870,40.633902509365846,-9.690611304787156
2871,38.58303662407232,-12.98512699616986
2872,56.74076328364883,-9.433181050518558
2873,8.93252528202282,-20.451105404146553
2874,45.54923185269131,-10.113880491873717
2875,-3.982841578523,-16.661670995573765
2876,18.90339159827006,-10.272735047412162
2877,100.83488807103578,-3.0407727822975184
2878,78.14889763844323,-6.466450332257989
2879,59.54663151111406,-8.31338939063835
2880,-9.719589608966682,-20.53747420249844
2881,11.996635590464134,-12.499415233555933
2882,-2.172845010180191,-23.98695162447668
2883,24.204124009907723,-15.151736283431516
2884,18.67959313547425,-15.644145065147919
2885,90.12382688346668,-5.716420633571051
2886,15.754962807036478,-18.20834585200155
2887,35.40443247174547,-16.852757834820686
2888,-3.323631474368549,-21.012248930533673
2889,36.072624497328796,-17.530742340962348
2890,22.86273218764936,-9.22093220148813
2891,3.218755846055288,-22.085321043672124
2892,83.8342952772037,-4.273084780056335
2893,17.332428779022678,-15.59459225209957
2894,48.061595193650184,-11.333153902725357
2895,5.454027508297554,-13.721638205252539
2896,48.40560990972067,-10.040488757406774
2897,23.327233640375965,-8.894599102609835
2898,35.880561370805,-9.399753161395408
2899,13.913404063832058,-12.99788913761365
2900,53.91989638495054,-8.91934012285387
2901,22.08203189227751,-12.579308344076656
2902,51.18280504548791,-8.612411884315252
2903,34.983664798324355,-8.54171654986109
2904,43.105462811652906,-10.146759919535375
2905,2.197823181653491,-21.861480943973945
2906,43.87999736267787,-8.363577024737168
2907,24.93636831235413,-9.086308686814103
2908,36.98248161994875,-10.127653920953117
2909,13.769866878851932,-19.25853821509733
2910,23.168576821048426,-21.704876313723133
2911,27.174981134583696,-11.472190941160743
2912,21.166071481510773,-12.927924337206676
2913,48.37554841302845,-9.621755902605722
2914,34.10202045993822,-13.304169668016751
2915,37.261203411468394,-6.007156501420452
2916,35.58416160695626,-11.349050778726522
2917,33.06279159430463,-16.24062737826828
2918,-0.5589783182119445,-22.924746000548822
2919,74.24176869166213,-7.991094471928594
2920,53.436071411736876,-7.716136146116803
2921,82.0106158853361,-10.32044777787946
2922,31.09212899593161,-15.591513178498872
2923,2.0579805115667815,-13.910924752413045
2924,37.81874511958818,-9.310593052871429
2925,22.31458169279099,-10.588515040634505
2926,42.309281486499486,-10.409482400451719
2927,21.302154742339496,-19.901241338857744
2928,8.717450219062716,-20.32086083619964
2929,28.569146753540075,-11.101370891058949
2930,71.18292159747222,-11.03033059527798
2931,56.33046433611102,-16.9241444022027
2932,41.19125784145194,-10.175865971296794
2933,15.504163852993358,-10.84054692365023
2934,-17.814361303414227,-25.462788304721407
2935,53.01350969049516,-8.929989026244678
2936,22.731467363964963,-12.958584006856967
2937,-17.28482940241387,-19.648794059213582
2938,55.707039884159634,-18.415423332309132
2939,37.05923371421693,-8.747120509601015
2940,52.272010158788305,-10.994351665750912
2941,24.859708787140654,-14.480687305714602
2942,39.53336039904152,-11.188818491325492
2943,17.399939602128377,-10.879302161728466
2944,66.184383559041,-4.120443904152027
2945,41.973817780775356,-12.617782260221633
2946,3.374754687204762,-13.899104238310755
2947,49.0839200890387,-11.004816414459883
2948,18.342123031499447,-14.12032084755297
2949,10.803643592194657,-14.037348465509014
2950,1.4738957480948889,-25.846880564584385
2951,54.44014935184616,-7.716136146116792
2952,64.52252826343037,-9.1419190123601
2953,78.76858546552789,-10.248448421913636
2954,31.00554181297175,-16.52378051386232
2955,51.41369335159938,-6.870982791041625
2956,24.81413551278935,-10.713186462043446
2957,39.57144282598184,-16.515267543304933
2958,33.80814958653811,-10.463218207356705
2959,54.717472828257876,-11.806677721211534
2960,26.97196769130825,-9.3329224457817
2961,59.19169886995164,-10.79087458775586
2962,15.170562943802391,-16.629289866340045
2963,29.018101236418413,-11.459113470786765
2964,6.1611374032606525,-21.12522558954446
2965,29.16049940074419,-12.007784876517192
2966,80.70936007038124,-6.466450332257989
2967,20.700314734268765,-10.638334337964206
2968,26.006854683710557,-15.477897094292537
2969,-15.952521152654109,-27.33988487788922
2970,25.440524976286017,-14.06651042569056
2971,43.3655343804257,-14.468376736459943
2972,46.161056164744906,-9.003330068747495
2973,35.2753421305378,-9.739420422183741
2974,55.98386825311137,-6.333251067707524
2975,21.345637402035322,-13.004099436251504
2976,3.325731323343595,-13.86650467104663
2977,37.340464772144145,-10.556801715636876
2978,62.36758829932852,-11.136058920043757
2979,77.90289180160961,-4.934163178158535
2980,25.81886208268227,-8.9546389078608
2981,13.011506153240827,-13.422972336970517
2982,55.841735871286666,-5.436116495703647
2983,31.61982787017399,-17.73484711591783
2984,5.343231225632938,-16.956822237034295
2985,45.89685125528189,-9.746471271595814
2986,8.598468568610397,-16.277839723879083
2987,39.690235610840354,-6.466450332257989
2988,1.9110664770255914,-22.990124345376817
2989,33.785200342856726,-13.332953067961528
2990,62.383297421633685,-7.716136146116792
2991,45.75814490257242,-6.466450332257989
2992,27.294873119946985,-11.06732191139903
2993,-17.711652275004084,-25.95239430529588
2994,48.84806824543069,-12.67466900635663
2995,79.18898709179862,-7.169729858940499
2996,36.94562983927441,-10.951451370772713
2997,41.513676453710936,-9.025814120941078
2998,37.883863769702785,-7.541956365535207
2999,30.01095945443972,-11.110329671208419
3000,53.20172819829527,-9.39305013213848
3001,22.044450620024204,-15.21767110994955
3002,49.928049055723676,-9.683916281252502
3003,48.486558959762725,-7.7161361461167814
3004,52.628706515674395,-12.284316911200154
3005,53.45878351316817,-7.170687437055268
3006,74.83766276416908,-6.2977864551159835
3007,0.05822570573037478,-21.227392027670476
3008,12.724977033452568,-11.903521704076303
3009,-0.1787151994165015,-12.916239579061628
3010,21.546400765858586,-10.767900965394672
3011,48.09412306855763,-10.950200213523132
3012,-1.3083709493160733,-17.673050296885627
3013,10.58764208212466,-12.172011762275648
3014,24.614470159669178,-16.036769746846467
3015,-6.004526066795668,-19.965120477333762
3016,31.35787958670029,-10.04649226476615
3017,23.6616494811527,-17.138146085929694
3018,58.45072722478113,-11.751837041882784
3019,107.46998501326597,-3.7630439387617454
3020,16.59832723921413,-17.268926425892563
3021,22.89245652712819,-12.471869750435182
3022,72.83881819622965,-8.369161474389763
3023,72.63527500214863,-7.18392276339741
3024,28.301283547187374,-13.041873539757255
3025,68.5081571295729,-6.466450332257989
3026,27.61552017372868,-13.88538944553539
3027,53.151433781719604,-8.944664116083256
3028,39.13324911937772,-7.716136146116792
3029,-16.136206765335825,-37.37530692169982
3030,39.158739656029404,-6.922081518498835
3031,44.08198589564047,-12.834877818522116
3032,13.304767004075945,-10.531664932642283
3033,21.581628443017543,-12.371386307541021
3034,14.203415031934718,-14.794465270254753
3035,35.25190975915955,-6.466450332257989
3036,21.162034448802626,-12.88594922339118
3037,28.20421017460497,-10.642406939738336
3038,-0.8930054415846156,-17.26389312256684
3039,33.02925336841942,-8.182625853750514
3040,68.32133629004127,-10.94790339274746
3041,17.83655787690579,-10.146759919535365
3042,22.65770816253978,-18.00090091613408
3043,41.10844336296917,-10.614925834670908
3044,15.682056936004884,-21.746407233577592
3045,40.83950188484291,-10.331721992082588
3046,56.71454976316368,-8.459355070101049
3047,14.778114408116028,-18.855357221987447
3048,33.04084627698154,-9.80811074024145
3049,36.29226767725877,-9.744417910764092
3050,32.50513159784268,-8.754285878806556
3051,32.75475197981985,-18.765076865149723
3052,22.396944780424377,-13.051109460777788
3053,29.579385620741625,-10.680099414871869
3054,36.71830293470843,-10.396224137043442
3055,42.90760861254188,-10.663034395731074
3056,47.115383557338994,-15.062680617922142
3057,-15.581575005013338,-28.87029014159037
3058,13.7930297680819,-19.835789452839524
3059,37.715269631303805,-15.111186949081956
3060,39.6915847817731,-8.569127427319145
3061,48.64659321957676,-7.570580825322337
3062,75.45614016498273,-4.501701521386103
3063,22.546962896637666,-20.430833509531276
3064,42.37923380322315,-7.97161901963478
3065,35.69344404258039,-7.809401815737182
3066,12.114277813677043,-19.204153581149118
3067,-14.803438237607791,-22.84888566379789
3068,77.48166709291968,-7.183922763397421
3069,74.00153265868074,-6.466450332257989
3070,78.46323995576834,-4.273084780056335
3071,43.17858047584744,-9.306031873311094
3072,-2.5438566691924236,-21.171555295375065
3073,-14.371417240817363,-21.741235262553037
3074,36.73780221640905,-13.810912261033614
3075,-10.574471111066241,-23.59650352025483
3076,27.473421086370276,-17.99486277762249
3077,55.17573787503678,-9.278327966856292
3078,-4.782163393741568,-15.210734456699226
3079,33.099564579989746,-13.448517515690206
3080,46.784299246416005,-15.054228579672701
3081,33.81465507854517,-12.532062421226586
3082,10.837582392690926,-16.54657697033174
3083,-10.534707378525166,-20.637461835447766
3084,-2.7939952051712402,-17.7296028039613
3085,45.210944243485486,-10.522278760638171
3086,42.861582700507505,-10.32044777787946
3087,42.905909248015604,-11.933214017821337
3088,44.31270623809254,-13.224139748586694
3089,43.59317569967478,-9.250930530111056
3090,46.65880570618932,-10.32044777787946
3091,67.96939314453067,-8.323645856941209
3092,-7.585361563766801,-23.999163127278322
3093,18.424457800512805,-11.079158292517842
3094,40.32842734977964,-14.170945841474026
3095,63.43636129898367,-7.000317266833534
3096,36.86525097380966,-17.06024447120025
3097,21.47138709522347,-10.146759919535365
3098,80.22565860516673,-7.716136146116803
3099,24.38811326925341,-16.439964904877513
3100,48.100018314652985,-10.53836826171397
3101,90.65336916883473,-4.518868437163004
3102,33.710346141054345,-20.569912766719323
3103,22.705982111522992,-12.896030406734148
3104,30.683358106059533,-6.966794146442989
3105,46.482424880525585,-12.79046475658776
3106,54.25429537691373,-9.01899319518945
3107,50.94396559333092,-7.716136146116792
3108,47.61731465079691,-13.759870607020897
3109,46.7699694879454,-17.561365757917823
3110,16.928659491626895,-12.934571080890922
3111,36.391802419801046,-20.11666748477101
3112,0.44277707468058924,-26.430401412749262
3113,24.022650419876168,-14.176299401981328
3114,87.21713822340007,-6.966794146443
3115,39.18099747571156,-7.716136146116803
3116,30.44608432336695,-13.688098880381006
3117,19.05534971334233,-12.806503573291883
3118,32.28298638034819,-12.013302965580952
3119,51.4896165583077,-7.716136146116792
3120,10.33334275354405,-20.385447352437513
3121,5.953584862172612,-11.802058725540231
3122,67.70349247520171,-10.69420459539977
3123,23.65082365721134,-8.031746140500518
3124,16.99144626833542,-23.43251365866784
3125,21.153579081616325,-18.54957954179183
3126,63.57631214434738,-13.439066633453445
3127,23.56389068853222,-14.741472026904578
3128,53.66823759757358,-12.250293107457356
3129,13.747644317301155,-19.364523142754877
3130,14.156275577617471,-16.021638517911118
3131,35.72208603093237,-7.657036867742462
3132,28.89512919287862,-18.026269273091543
3133,29.76447422837236,-11.637351196910718
3134,21.727304510103895,-12.792274435623007
3135,3.470472316022133,-26.787262127618984
3136,66.64570368875191,-10.485712915513057
3137,51.924943849262874,-6.772923671668673
3138,36.492589410487454,-13.647641822268685
3139,96.15522775939196,-6.466450332257989
3140,6.34535706004431,-14.063623160099825
3141,22.736739045725308,-10.572629124443145
3142,41.22056950509116,-12.556729166929536
3143,8.33579972512588,-21.273684623206158
3144,14.690687249739476,-12.814852018568956
3145,97.6633813797331,-6.297786455116006
3146,52.04971016090756,-7.373212394385076
3147,11.052142690505384,-13.13223934590062
3148,-0.371224137739401,-19.524361171446447
3149,10.208782930099813,-12.323284373946052
3150,46.84723332151,-9.265432479911318
3151,28.32515254584369,-13.628130256572678
3152,42.104464634757186,-8.737794635454566
3153,36.6841682093735,-9.243767080659826
3154,47.9682030167639,-6.466450332257989
3155,10.212906117813091,-18.31411454507129
3156,71.97880283086953,-10.311531492267711
3157,9.189547056281032,-17.349553507686554
3158,89.07517224074483,-6.731222173638962
3159,32.34982290892165,-13.518709717020961
3160,14.008745682235201,-19.259518289882138
3161,49.046602876985254,-11.909737470100435
3162,31.07859425061448,-11.139157545219314
3163,36.46531678652367,-14.796214636491179
3164,51.54599313885227,-8.082573477771948
3165,37.03424364697023,-7.716136146116792
3166,15.079898990191044,-12.79375174275268
3167,14.074198223978684,-16.816527223274512
3168,14.39008964286488,-11.626588970229012
3169,14.942310273600379,-10.565159026797888
3170,43.44531881882823,-7.358023870036456
3171,65.35004367129267,-6.466450332257978
3172,34.60367389067427,-10.563123064323099
3173,-2.161247473756278,-21.82543507109963
3174,19.47691794498212,-9.799665115152534
3175,46.98250023644959,-6.613238234302354
3176,44.58100665235074,-11.197687910501596
3177,25.339472678022634,-21.39698989856722
3178,24.44016590345679,-11.82510994201631
3179,64.2916564080809,-6.103650968949981
3180,-6.681751794050483,-18.050269920652827
3181,-19.75592343491128,-24.946631509518326
3182,25.336058169845565,-13.468628364069147
3183,-11.681680658119486,-19.803226122298355
3184,61.877692354135405,-9.986158903738673
3185,26.27230460555703,-10.969464553925834
3186,0.6773265378519744,-20.42789412043876
3187,9.668407212269559,-15.925182230109014
3188,20.988009908388825,-14.836884721979493
3189,24.437528455428392,-12.78199723565061
3190,-2.8167605483010005,-16.29948921252535
3191,6.710058242355732,-17.220962665238048
3192,3.501278373271677,-12.60346203911562
3193,54.44918750751846,-10.98967327553224
3194,81.69455043963178,-9.602802299591795
3195,33.7033491419682,-13.683626366916734
3196,35.269824886662946,-11.59677839444846
3197,56.63600349924409,-9.986158903738673
3198,30.64689368119906,-12.794135638637993
3199,21.506768782920748,-9.92655722353517
3200,4.404182236476406,-10.67474072112542
3201,9.84785524619689,-21.16350301551875
3202,48.06972427275149,-7.716136146116792
3203,75.2145981251151,-10.32044777787946
3204,45.39199927358659,-11.651011215304907
3205,12.790033329784677,-13.894841499931532
3206,35.57173478826816,-24.81314215504834
3207,22.00324648958332,-12.464609668338566
3208,24.507697412998386,-14.048886845726894
3209,43.70499576186564,-7.716136146116792
3210,29.307073818645392,-12.564290876694816
3211,29.607275125383616,-8.186033400965332
3212,51.01370626184802,-16.686235122031167
3213,56.67160053143918,-8.823041060956216
3214,14.78386822592752,-15.805665545220348
3215,41.26534770851258,-7.716136146116792
3216,62.643090379211294,-9.418774915434092
3217,94.6745431926777,-5.487240309692676
3218,24.25249135988514,-10.09305654999424
3219,29.100539204861953,-25.412892919763763
3220,58.19518806676722,-7.837730893818495
3221,59.52590235896651,-14.179824995658263
3222,82.52276730695229,-9.896548169531528
3223,2.752326764496016,-15.072654189146817
3224,37.820444473127225,-15.916870324148613
3225,3.4157189611984107,-25.028555882457905
3226,5.279913547084236,-15.738364516014025
3227,15.65304411881565,-12.867600336349161
3228,7.735284341580684,-14.731234846498376
3229,46.069243876265745,-7.716136146116792
3230,22.08379315892033,-11.769292653098162
3231,46.11709012223113,-10.910623461283764
3232,29.7928584321677,-14.179340951777386
3233,18.158722651723934,-15.474852433758157
3234,34.780477180052216,-12.802023555054209
3235,94.66412522352437,-6.466450332257989
3236,56.798175878150545,-8.292842312364556
3237,22.24119773576487,-14.8983765616578
3238,11.552399600460618,-12.514750865520375
3239,32.81535340692279,-18.604437711174203
3240,0.05324539105497905,-20.125525406972077
3241,81.88740555537673,-3.7630439387617454
3242,23.42288455746182,-10.830461289268122
3243,22.055419571781677,-12.875524278263505
3244,0.8464166582136556,-22.665972196508367
3245,4.695345715503119,-13.840306110625667
3246,61.45100197532991,-8.953479659722952
3247,29.943446275673846,-10.985192748379834
3248,21.60964753875394,-13.317070108874152
3249,65.88616063140485,-7.875330661004021
3250,46.297232446300754,-7.716136146116792
3251,73.60485416971798,-4.2730847800563465
3252,45.163529613068846,-6.443832068149835
3253,1.9963791050251034,-12.396683855595757
3254,-0.43042166334434917,-22.439795545096707
3255,59.68376064092871,-8.368831258891285
3256,59.14877475461253,-7.716136146116792
3257,6.437817602346696,-16.935237745525068
3258,45.51146927271081,-9.265432479911318
3259,58.16938783303351,-11.241974157425727
3260,54.716484636694695,-6.478739609338913
3261,64.29270465372183,-6.466450332257989
3262,23.24774378964529,-14.752440609779171
3263,2.5943410244971155,-20.505635844258553
3264,35.087182661795026,-16.08806836252048
3265,56.813896918369224,-11.93574715740029
3266,52.55044368075383,-7.716136146116792
3267,51.951218755942996,-10.801929665119891
3268,-2.3758827179166553,-19.891445314129218
3269,6.988545834200188,-19.656554086143718
3270,26.533595654875075,-13.329736726156494
3271,20.353343005703618,-10.192205516878117
3272,11.699208209524636,-18.881270709657528
3273,35.53796308624755,-19.384609707441935
3274,-13.433783917756747,-21.551693521375405
3275,17.422451784952365,-16.99165280426762
3276,45.943106041345615,-9.329159627874905
3277,48.32434782517618,-6.466450332257989
3278,71.92645058962161,-7.716136146116792
3279,38.186797228311754,-8.744162307004755
3280,0.10263719285219519,-15.399058635242246
3281,6.65610631976763,-11.799394567421684
3282,16.67283300947624,-18.532124005695817
3283,61.228796434384456,-9.265432479911306
3284,84.13367781509322,-6.654534052533134
3285,19.363523910231017,-17.527210607127685
3286,70.52840081572475,-13.058901995688943
3287,77.08925890403742,-13.11087342245335
3288,54.5071698348885,-8.875097423238842
3289,35.80019838015196,-11.823780707314501
3290,56.88869186956935,-11.004816414459873
3291,64.15321041984217,-9.553271349826353
3292,31.610235866116664,-13.144057110016128
3293,49.76047545761082,-6.466450332257989
3294,8.221172841566183,-13.622679520402237
3295,49.418018415959295,-7.316816080690181
3296,39.59571394469374,-7.941052015084338
3297,43.79377894294449,-12.49890114277986
3298,29.5974609748618,-13.112747075219279
3299,61.02515918346811,-7.13666100482
3300,76.82443964258565,-7.716136146116792
3301,43.29957779235658,-8.847894410273916
3302,38.623841984843295,-8.31338939063835
3303,11.498419358446043,-16.884645258564422
3304,-4.504457673797846,-23.079666698552114
3305,87.27420370944621,-7.716136146116803
3306,36.2090433173607,-14.578702015272238
3307,1.9338201772111097,-19.15220791740665
3308,63.747385365966444,-4.55435155721966
3309,53.149388541425594,-6.466450332257989
3310,71.18409314288532,-7.622320439429209
3311,8.412275883000952,-16.203170273948196
3312,25.578307748656947,-10.13829570457151
3313,38.945611276227446,-12.026577085849876
3314,19.313681111339775,-14.131944742074854
3315,12.1145891389552,-16.40568609037202
3316,65.42481766402327,-12.514750865520375
3317,21.130047864657065,-16.815228057759878
3318,-0.11246107948245099,-13.269876095895638
3319,31.4923450497685,-9.756244310079698
3320,55.85004699536702,-10.21912106487064
3321,30.675337625219722,-11.751837041882784
3322,38.3933632779051,-11.254017213056155
3323,2.2629801681058437,-20.654719223764396
3324,37.746870142414956,-8.459355070101038
3325,64.33433817047394,-7.035923349702255
3326,68.9959525889677,-5.579801876189972
3327,77.21942124730938,-4.303078031164809
3328,51.81749849350634,-10.522278760638192
3329,-3.8573260851377467,-21.721208665678915
3330,31.630972138189996,-13.68703151407722
3331,-18.107305213109882,-29.696631902144986
3332,42.099976835637754,-7.716136146116792
3333,51.704145853242565,-7.53925776142339
3334,60.90484505746316,-5.577533078012098
3335,7.177512384704898,-12.583819828282428
3336,33.55434765072434,-8.217458622869266
3337,42.1743465961673,-10.21912106487064
3338,16.302447818459733,-10.448456886550261
3339,31.409925219429113,-11.232370905941558
3340,0.9260499926450949,-28.741249883153543
3341,37.67240173107012,-11.824558392250061
3342,86.21413721801774,-7.716136146116792
3343,37.56549674543843,-12.328589116052902
3344,27.174196693381326,-16.546387221652648
3345,10.043668252304382,-11.387139961631421
3346,58.99939129032445,-7.716136146116792
3347,66.49685593739376,-6.466450332257989
3348,11.608085162496117,-29.370278008487773
3349,64.63419566926916,-7.384482880672993
3350,38.52443288944587,-6.966794146442989
3351,-6.069169028585952,-17.55965929360588
3352,5.279768856194411,-16.04620782636331
3353,55.36917894239002,-8.929989026244666
3354,26.28875192511053,-12.331568649149116
3355,47.1824419778124,-7.298240248615862
3356,28.306362973589792,-10.359279719833946
3357,-4.179504375447108,-14.911531599331763
3358,4.969230905868738,-17.153190783764284
3359,13.549323617405218,-14.834853364200562
3360,48.779938686439706,-10.146759919535352
3361,30.90004693847368,-24.59860613023812
3362,52.60506756354104,-6.720953602193047
3363,23.03566174501668,-18.431832627875288
3364,68.44322361637498,-6.466450332257989
3365,39.076713208956406,-9.561846743491575
3366,22.085041454032627,-10.757181030274888
3367,69.8103738424481,-10.42817335687064
3368,63.730870556720156,-8.036726863120048
3369,-15.451919543910575,-21.49938225011465
3370,13.580881198873529,-10.204696246855416
3371,43.87932136545818,-12.952343817475198
3372,11.351172162704648,-14.651560335891867
3373,30.039686190291604,-11.659503886904988
3374,8.060999118980149,-16.661153075464995
3375,12.608172453544263,-19.699807583092444
3376,-2.1748861018234256,-18.04391343713411
3377,45.53954203755595,-12.015645417256582
3378,63.239455474529606,-6.466450332257989
3379,9.267756623278611,-11.400554209320147
3380,17.561194875553877,-13.65313686688091
3381,34.038768439458345,-13.427700692805356
3382,64.07061040361361,-8.133034177928566
3383,40.23238562671805,-9.218731645431388
3384,51.49999525469631,-16.315821803873586
3385,30.363662743041765,-9.733572233352316
3386,45.12816066231311,-17.13087709678539
3387,68.76276976432945,-4.373138192561887
3388,62.268832471478234,-12.679814123337707
3389,38.74439547493678,-7.716136146116803
3390,23.403545314327246,-15.131187800949109
3391,40.25995770669753,-7.48178975185112
3392,77.46177168691486,-7.716136146116803
3393,52.252129303651685,-9.336132242102291
3394,30.11254298613606,-14.114744745197338
3395,88.86498680520502,-7.737013679468873
3396,61.98786308262776,-9.263273601906485
3397,24.060248849973686,-10.30353230830936
3398,57.855151440103114,-10.556801715636865
3399,73.12819621066906,-7.716136146116792
3400,-2.874686773270685,-16.43593135699796
3401,41.39278732662215,-13.641926521522684
3402,50.34000687705274,-8.35459686456258
3403,14.121501581740104,-9.464910130776861
3404,16.296858352118846,-17.08132459351025
3405,17.773376856268584,-18.410993010023912
3406,-0.3972210031666923,-17.93820438288849
3407,31.446576725280238,-11.885938768837189
3408,40.41163558378287,-7.716136146116803
3409,43.333466192817816,-13.685125353085393
3410,35.526819196846084,-11.518640988800065
3411,21.830869584479306,-15.808127825560902
3412,53.74966793024818,-10.857470197203146
3413,9.333139702872417,-12.802373806128053
3414,37.11531044182645,-15.092530415189131
3415,13.51923897215812,-10.545999203280942
3416,25.596731993341827,-13.319492560028278
3417,60.18287996278946,-7.716136146116792
3418,6.219377670316795,-23.8599815142434
3419,48.785848827042486,-10.931597946001382
3420,32.76866708161121,-7.68595205057988
3421,14.92134576711761,-13.291816898211216
3422,25.650313050948537,-8.490500835282832
3423,19.74956657434339,-19.30631858918881
3424,14.320594639077733,-13.778837679396572
3425,52.02211675191144,-14.697742931546621
3426,31.18393633969989,-13.96407576450638
3427,33.06511705328854,-6.865827640004596
3428,50.085449480313194,-10.21912106487064
3429,5.613058155208361,-26.298587998348943
3430,19.48130838767044,-9.966034913863364
3431,20.59963387518684,-13.830406682680463
3432,30.9030978016237,-12.20422220431544
3433,31.720702764095464,-6.496066959072877
3434,7.4060265424438,-11.008324460177343
3435,55.20411024427343,-7.183922763397421
3436,16.870533435543233,-12.063707228629085
3437,40.95861202225921,-14.556087329655142
3438,23.542762424625717,-12.737178733973364
3439,43.90493442138326,-7.716136146116792
3440,38.515430661925286,-15.539439781995224
3441,25.799720153157235,-14.841433365556222
3442,22.601532354534793,-14.07247425784206
3443,27.162940028081216,-8.996513996305467
3444,67.16842212369978,-7.716136146116803
3445,16.05882702491983,-9.785670254444733
3446,29.54509331160513,-9.571547033332495
3447,13.915103634615257,-14.231980725033644
3448,16.440050905070834,-14.515965576822222
3449,5.277445808117931,-18.91699562306376
3450,53.30829790795355,-7.7161361461167814
3451,16.253715878938515,-20.719913508601618
3452,7.7000874737300995,-12.843460702324649
3453,15.203493431384407,-19.401334720195496
3454,35.956466674531804,-9.916108071750418
3455,13.593378150938818,-23.553277943045792
3456,83.3550817483626,-8.55669273761286
3457,1.7433970856514325,-19.095633985674777
3458,31.993520710366607,-9.565858837075758
3459,24.706584002501142,-15.94564110696316
3460,0.535685194919,-14.424302919711584
3461,18.254845343459912,-12.858974972217807
3462,30.46252979446877,-11.155371781738788
3463,-10.028397381246023,-18.51022209329354
3464,44.15083510503288,-10.702661797478385
3465,0.0050753780064694,-19.260977519022337
3466,55.04488498650284,-10.056677381857726
3467,6.60894752891199,-24.183363085329102
3468,14.647937437922455,-13.041185001508836
3469,64.39294064437686,-10.679566370331173
3470,43.01205066082823,-7.716136146116792
3471,37.804224208216674,-10.522278760638182
3472,16.543913255207208,-19.707598126617064
3473,-4.22573184674283,-22.45557435202773
3474,33.719891599688665,-11.801220747814945
3475,37.55287298404575,-12.682477741923348
3476,13.942337231417689,-12.246468741856942
3477,-20.105414392811817,-26.28008336456764
3478,61.40516244801593,-6.809586762772035
3479,17.09822909590022,-16.07823931589708
3480,25.092633598397374,-10.373997799235124
3481,-4.946285813008955,-16.514401552691282
3482,23.498596110485902,-14.86374481563628
3483,29.853806287517102,-8.07110722863139
3484,41.209423897700326,-8.459202067615168
3485,25.87093204363724,-13.547914537100436
3486,21.628063629597992,-9.110970725232924
3487,54.60132802199129,-9.265432479911318
3488,67.16977374002711,-8.59206646319266
3489,20.747462053159804,-15.731698574016061
3490,41.676011808496895,-14.802313799884892
3491,12.084566510654305,-14.241589497540009
3492,52.99781311314587,-7.716136146116792
3493,22.689003356616546,-12.905985936951648
3494,62.782711339626964,-12.582664629688821
3495,18.709212276315633,-11.776568048110425
3496,43.993512732253315,-7.716136146116803
3497,29.52725769279747,-9.106288853985289
3498,20.2780969065524,-10.58611173028
3499,63.261947670237895,-13.612492255080822
3500,1.6741847759508932,-25.146646619615375
3501,40.83740518538457,-11.203572463731593
3502,63.21383553462603,-8.379697783920392
3503,60.52740103385905,-6.466450332258001
3504,5.160351950429121,-16.73774277324408
3505,0.8574387131107031,-21.04460801428878
3506,54.57920848212117,-13.462469410027644
3507,14.364639469254348,-15.76174594423927
3508,13.532793571611169,-11.004816414459883
3509,24.558733608003426,-7.569514798808042
3510,68.79151580763096,-7.252577010484851
3511,40.17678572403967,-8.379697783920392
3512,26.507778356640046,-10.365805868686472
3513,57.69264683592863,-6.822973467064431
3514,55.23384578519106,-8.952910493738997
3515,57.17369587609438,-14.81898605344446
3516,27.190113291900996,-9.571920988398396
3517,-19.934234406046247,-32.29939420757064
3518,38.73844429397422,-10.32044777787946
3519,43.82170574999296,-11.161844113322882
3520,37.150557788692936,-11.113173031889655
3521,50.04400008194925,-8.017665949621133
3522,23.38736364279912,-9.600320304861654
3523,32.49848199059895,-10.626559185963968
3524,60.209624590060585,-6.466450332258001
3525,77.61867409949734,-5.670566045442582
3526,-10.758206893192678,-21.617955312053283
3527,12.538095568387387,-11.344009818778733
3528,4.955544213391994,-18.060202448322748
3529,24.31810746315659,-9.278310249806854
3530,76.08351376593336,-6.466450332257989
3531,33.76259519434222,-9.603229387840106
3532,20.335854902200424,-10.494135875572407
3533,11.11119685410047,-13.593854096967073
3534,1.0682165610811811,-22.990856761483293
3535,17.538545184666088,-11.188818491325502
3536,21.611482271398486,-10.21912106487064
3537,14.062579720933567,-14.1546887014529
3538,2.00664602487699,-22.261990105426865
3539,54.488068693301074,-7.752103877039918
3540,-3.062743527175904,-19.14414092857998
3541,17.642130021450342,-9.979114716687466
3542,20.87950889047667,-9.390512314536936
3543,25.207992405383873,-10.21912106487064
3544,56.86727697797298,-6.466450332257989
3545,54.91552826901878,-11.927226151005943
3546,58.956324829038806,-9.056758595377579
3547,11.571999676405342,-15.724941661904978
3548,8.921792291418518,-10.148046640300334
3549,55.697330077850005,-15.367257338230322
3550,10.50272157175387,-23.631136845181743
3551,39.82938495457151,-10.131525620987158
3552,9.735462436090735,-12.934475794010492
3553,20.947712289830122,-10.208669076327359
3554,13.181762823775545,-14.280957943160866
3555,51.6336637549754,-8.285386002036432
3556,30.4458879938311,-15.072654189146807
3557,11.670898588133305,-23.247646565878743
3558,48.18071566655235,-11.168988156646586
3559,21.930603119453117,-12.46147610892555
3560,21.360632524880874,-7.716136146116792
3561,16.12530266013028,-8.338361531951255
3562,31.26502552981716,-15.89607851393241
3563,11.623868677067284,-19.135939165660755
3564,34.04092539368793,-7.716136146116792
3565,42.12626686882952,-12.930212001898479
3566,10.179023796875764,-15.6464964547674
3567,29.998843160453315,-7.280933778967757
3568,101.04659137103576,-4.373138192561898
3569,37.05286858722736,-14.213126975515644
3570,3.1354304142952483,-17.71544246350939
3571,35.4851571026459,-8.793095369874571
3572,50.94485247053395,-7.721390899430625
3573,21.039507837468708,-14.928957008024835
3574,32.963595403548055,-16.68809842161939
3575,12.348911010305441,-19.271880841157717
3576,2.9926160703764193,-15.911753541241513
3577,-2.283758651525014,-14.21798671395339
3578,20.451774389072064,-19.24218496019946
3579,58.471899022017304,-10.481041689582504
3580,21.977311505251397,-15.8328729771404
3581,30.25870865007483,-13.820644336349675
3582,59.92940565670448,-11.188818491325502
3583,-21.164915857637045,-26.547391250740183
3584,48.334178084764304,-10.747022290350671
3585,53.352100293201076,-6.216979243144083
3586,33.14203945384071,-10.556801715636865
3587,21.84162824709506,-14.68397762942175
3588,-15.722990462436481,-22.451180228494906
3589,-16.302732956617007,-23.778042517813567
3590,51.395569085863244,-8.217458622869279
3591,64.49309299121848,-5.849918667491982
3592,32.02281581039259,-11.334907113092408
3593,55.97000003131048,-12.775804344632036
3594,32.628831180021976,-12.849733069323655
3595,55.81183525349693,-12.922781574827402
3596,-5.688568743692035,-22.48394735821071
3597,21.797840306087714,-12.41903845305269
3598,36.68570011320729,-9.36317746852925
3599,-1.2070223500262767,-17.22706497718074
3600,24.756435183066294,-15.796845712120511
3601,27.84046235864135,-13.069140769728804
3602,25.931301089993774,-8.843638530525267
3603,32.156987592297924,-13.921697363327112
3604,52.73839333398816,-8.37537264761753
3605,59.48823819338791,-10.32044777787947
3606,57.10478753419959,-7.7837219905932065
3607,54.538928491379245,-10.788718642158312
3608,39.299566535904475,-10.036439802554254
3609,55.42986065479987,-12.73606385677275
3610,35.67328021852087,-9.053846870566106
3611,8.555488407036238,-10.522278760638182
3612,43.04038812471427,-7.716136146116792
3613,44.336377459132834,-9.366433881328728
3614,26.679924558457536,-15.85556155109793
3615,52.234686035224875,-8.163972676434483
3616,56.98364790211361,-7.428831866818653
3617,19.35277782681224,-12.513250095024341
3618,28.826863222070152,-7.716136146116792
3619,50.14804621984088,-16.924782456081154
3620,62.12598566307257,-11.767910398918268
3621,85.35142622791221,-6.98297989939377
3622,13.524641664536151,-18.096521728994897
3623,72.17905268116654,-10.420555693896748
3624,9.65766553078038,-16.21474576625942
3625,13.182328908174146,-12.231984749531211
3626,49.07311026645016,-8.22563835725939
3627,38.66391684270623,-14.070023110102925
3628,4.585354980333833,-17.333933837194326
3629,33.014364840480305,-17.01647404045761
3630,27.59134337505207,-9.271816138082567
3631,18.57901637519548,-13.889364726278131
3632,12.810437842722443,-18.26353124468306
3633,41.449653734649196,-11.518640988800078
3634,24.70506004012336,-11.41356454211493
3635,62.51598380114935,-4.3731381925619095
3636,38.140046237497295,-8.768689281530085
3637,23.202515798270863,-16.78600313052638
3638,31.732207564700744,-10.538525302836987
3639,44.94828470869303,-11.135870988665552
3640,84.82731781225246,-7.716136146116792
3641,38.9771080439338,-7.716136146116792
3642,6.071338715586316,-25.582823579942037
3643,35.573116282410155,-12.11302157065517
3644,68.15856591426777,-7.716136146116792
3645,77.60712222537411,-7.716136146116803
3646,29.274214778468476,-9.952584441322932
3647,54.91609267663817,-7.716136146116792
3648,18.52300216840057,-20.692722282034936
3649,19.569260262450605,-20.43554010583509
3650,54.234330553556376,-7.210004479495124
3651,3.2619997279681234,-32.40700069397978
3652,16.84194837099946,-17.30286182846679
3653,22.41089141015444,-12.069526011035137
3654,17.98972294157275,-11.873764783373487
3655,26.397283517768244,-10.212345682493906
3656,33.32400079605024,-5.274685604704265
3657,36.0481496234863,-12.048951482689851
3658,2.5188221507570496,-23.19923320523284
3659,38.14421935311538,-20.03295854944146
3660,27.625144321101878,-12.498099054136224
3661,27.568095402438875,-18.213078971830043
3662,-7.765100589264651,-19.77388664148464
3663,67.32019218839906,-7.716136146116792
3664,29.486666865496836,-11.188818491325502
3665,1.8751814874490513,-27.680954411685377
3666,55.42031952770303,-8.9374148281816
3667,24.720003287202186,-11.396373848894614
3668,74.68335066900134,-7.716136146116792
3669,76.01660893437831,-7.716136146116792
3670,-0.6951517057128598,-13.568400657198188
3671,42.17071334428235,-9.145352961074682
3672,36.47464043843789,-9.492295756382308
3673,102.61747201705509,-4.120443904152015
3674,20.194713502457518,-9.292396038104622
3675,1.3083243842437087,-16.392320159090378
3676,53.32527873248103,-6.466450332257989
3677,15.717699553826513,-10.463218207356705
3678,54.18491166055912,-10.183205267400353
3679,30.55857771576802,-9.009987368535299
3680,40.56805305122171,-11.53031746647467
3681,-16.14508804895771,-23.521781247845077
3682,52.681830610879345,-12.221471289769092
3683,53.0006230269565,-14.793367951999558
3684,62.93517223715932,-10.627562574919914
3685,9.880584966605731,-12.360180462263292
3686,-5.6397578053167035,-13.0248005185302
3687,7.17162159130218,-14.416377859525674
3688,14.84856131432939,-15.547985174586131
3689,10.034952673460484,-16.14871635832693
3690,54.06144038209519,-8.880072936271311
3691,0.4389671407187157,-22.234018853985702
3692,49.147036344565784,-9.906607206960915
3693,95.57289820571084,-4.120443904152027
3694,-5.456729621027067,-21.73185938332809
3695,36.47504352583548,-16.749049745630305
3696,66.80709077960027,-8.756346240338297
3697,30.349924454211475,-7.977828088694805
3698,49.61595647397059,-7.716136146116792
3699,-10.447650640370664,-26.612091046677445
3700,39.45624185139218,-10.195951042634888
3701,53.300095311525176,-9.075874177051624
3702,70.61761884273481,-11.53380812006153
3703,26.13443463051808,-16.446421805514156
3704,58.338276605249305,-10.510670557600154
3705,35.51427302148233,-12.110198401283723
3706,-9.455109539980223,-28.79534111743415
3707,20.578466496223193,-11.739819411789188
3708,17.824986193142834,-14.975756066782719
3709,37.103395608182325,-8.099038561708017
3710,17.2708075461939,-15.379061584441267
3711,36.160857966280766,-13.535533820758939
3712,18.541843891441335,-6.966794146442979
3713,74.47190277853699,-7.716136146116792
3714,22.507619280182055,-14.816666906367736
3715,65.50957268411189,-7.716136146116792
3716,19.821571340309283,-12.318383728003434
3717,52.588227759521274,-9.510813418149244
3718,19.02136498673912,-16.247143448477264
3719,22.711092891611507,-12.910080019220748
3720,85.36240765332566,-7.127202890087947
3721,11.939025135066284,-19.316063377160464
3722,15.165399351712793,-16.63691571267425
3723,53.3603101545896,-7.716136146116792
3724,66.22649638650448,-9.108854365030739
3725,14.823149263055612,-16.985919186737107
3726,40.41381244620541,-17.65375663918509
3727,-3.458381411187361,-22.525643813980523
3728,-1.4481732560871152,-24.761364831703013
3729,29.363408359723444,-14.836884721979482
3730,24.89397020300037,-17.109822750170757
3731,37.685177492502085,-8.683476336862084
3732,13.176097210374804,-24.852417221852573
3733,-7.14001059468038,-26.459440957020984
3734,120.80778730558256,-4.120443904152015
3735,53.557033080893305,-5.618093174933703
3736,22.864300968448823,-12.345274764095837
3737,20.25330477364584,-16.906767893807483
3738,19.733169058770873,-20.496632061208697
3739,-12.543465370489649,-21.754358101583083
3740,31.6717176215217,-14.940606402647184
3741,58.35620220564317,-10.36637535795466
3742,35.39287137163567,-12.396651298670225
3743,35.606365853023235,-8.676977549588738
3744,37.55356737254325,-14.443299958159228
3745,31.831374706914993,-9.920053820696928
3746,26.555254538121243,-14.946404645462419
3747,14.505245196801496,-12.837077431902188
3748,61.53758428811995,-10.303060776749096
3749,22.928333816274392,-11.623991747682261
3750,43.82335220958993,-6.794393556832579
3751,54.582561769554246,-6.466450332257989
3752,36.21544169690556,-11.188818491325492
3753,10.238130855820815,-17.11830001335909
3754,15.866494367241524,-20.945903567114932
3755,23.513314488611847,-12.666578826144882
3756,-14.05077086589821,-29.6868667266719
3757,22.617146333220497,-12.779400605908275
3758,33.95958372420227,-11.659503886904988
3759,19.67948733543814,-17.786852605179426
3760,33.87085896494963,-18.350936887193825
3761,40.22846941664764,-15.266200180367207
3762,40.34923801794794,-10.303970867370127
3763,46.58257179686953,-6.466450332257989
3764,-8.322253000219193,-18.723514652842898
3765,15.707582639723828,-13.698625245822505
3766,56.25026822939181,-7.716136146116792
3767,96.37152119738883,-6.891811706867634
3768,27.681702311314616,-10.786796138428246
3769,6.1717908865870585,-14.836884721979482
3770,44.23735164876514,-9.82426036699141
3771,16.440278501738504,-22.788648528450516
3772,54.954925037097894,-12.522625248435249
3773,64.4579931827685,-6.673556226326605
3774,14.401870254290428,-13.345138146733515
3775,15.064867137796911,-16.690283314687584
3776,17.997752000758126,-10.048800507773603
3777,60.66521821893846,-6.989472792739293
3778,45.71200331480332,-14.552031227020878
3779,16.61396495619769,-17.793466574053994
3780,56.332853927217606,-8.925643927672356
3781,63.82381981553771,-9.799665115152544
3782,0.8761496939831526,-20.565334648344102
3783,36.104607239048406,-11.000587668321394
3784,50.83872800601475,-6.110167238062325
3785,18.47150272564373,-17.214781748230912
3786,28.991003325802577,-12.168024277580614
3787,56.3964440343802,-8.511201696757432
3788,14.265967165729387,-11.764407703298552
3789,42.91723608499369,-6.466450332257989
3790,27.54888876444779,-12.647594219734016
3791,22.194457500668953,-17.202612204429755
3792,81.01400842511795,-11.731469211313005
3793,1.9943956372174165,-16.847148113642252
3794,-1.227883654059081,-16.391703771169297
3795,23.921276000210344,-13.171645166769375
3796,38.340210732293926,-12.06831136522527
3797,30.99524892197747,-13.710957734484708
3798,54.219685266098196,-6.466450332258001
3799,41.716724169311384,-12.41328524193377
3800,61.38533474778318,-10.395513742923235
3801,50.39564614160354,-11.129655046668141
3802,23.006055898022247,-14.187586841854682
3803,7.177295115300453,-16.144117689873593
3804,0.8223128866689189,-19.751157535957965
3805,56.67783266973454,-9.328088274679647
3806,62.17468454459847,-8.326783931281668
3807,33.389151269402205,-10.906162349518167
3808,14.381676345170202,-16.265263602593816
3809,29.710014818126652,-16.77919903611922
3810,28.634272814262253,-9.313660496850096
3811,60.032932611906034,-6.466450332257989
3812,4.411872820580465,-15.575125558857872
3813,10.701672338908086,-19.04842806630016
3814,63.11210164832231,-9.5918531324118
3815,28.557289667181163,-11.617003026507822
3816,21.31814720685061,-11.751837041882773
3817,42.33971256790132,-11.269517953739571
3818,43.78012711359425,-7.716136146116792
3819,11.061838774883736,-17.132882288857054
3820,-0.641249332569882,-19.276289388475696
3821,23.975734517625156,-16.269480986912342
3822,22.30442220805613,-12.514750865520396
3823,33.877542943377684,-9.769939092622105
3824,41.87895571744043,-10.317517967368516
3825,33.68162853469385,-20.524591403594883
3826,53.88659940774081,-9.744653765765909
3827,24.924906385574054,-8.616770389909977
3828,72.34815364654126,-4.696570326592253
3829,32.84794538173368,-20.856500390728172
3830,65.9763209261095,-7.523302368700846
3831,86.22791576831416,-9.325992324994548
3832,44.48241935086021,-6.881670925467165
3833,43.706021502224026,-7.335417200553418
3834,17.714190888030167,-17.04660800171056
3835,35.31627544439171,-10.452275587999537
3836,68.81254947619053,-6.412627605397225
3837,28.476976887420214,-17.35903247219572
3838,23.81163564404161,-13.913519453759648
3839,54.571479707951134,-9.109335293074528
3840,13.801122777794706,-17.328893596022553
3841,66.69989046951723,-7.175880268581459
3842,6.111780248124421,-12.36684231609184
3843,27.484317637085233,-11.45056980543625
3844,1.903956441604815,-24.796316065392777
3845,27.10894787977962,-14.000679975064855
3846,10.683891533680011,-14.562549409338255
3847,7.762520855986121,-18.889082478671693
3848,25.5745012432687,-8.940064827461914
3849,-34.36847277622407,-36.69604847885226
3850,27.172042904426185,-8.587285553915724
3851,-9.088375326027887,-20.64706463387489
3852,26.688949486636695,-11.766537560971003
3853,83.1011895607328,-7.716136146116792
3854,0.6875046102511106,-14.68466056917207
3855,13.994575036696077,-18.37581057804991
3856,8.04834072927103,-12.250751053219611
3857,7.600478984818415,-17.98122317752092
3858,32.58359228583569,-9.799665115152544
3859,51.576284611847335,-8.195186726576686
3860,20.119778670720212,-16.870087778414177
3861,45.93933858894215,-12.618658067661315
3862,5.813048946894317,-31.277994548636745
3863,28.620356400052984,-13.655469136760335
3864,-12.343175045561928,-27.393103445831656
3865,21.711316804005577,-10.263458867134734
3866,20.015770300958447,-9.655939809923664
3867,13.78879896316889,-22.32684651694463
3868,62.38025211736344,-6.720953602193047
3869,49.08702347339593,-8.363577024737179
3870,56.207917362620805,-7.716136146116792
3871,8.43637272526314,-20.013162602031997
3872,13.735879041246356,-10.146759919535365
3873,19.600148601003653,-13.740964566900683
3874,35.880949453955765,-11.500285348423734
3875,65.02795462098976,-5.5813298196888965
3876,11.86732289703798,-19.004324548827988
3877,11.57364126997913,-17.773062425559793
3878,41.03913705741953,-8.406560760898552
3879,21.60524808751343,-18.89204630656596
3880,21.83028868554451,-12.284617779693152
3881,8.394174459753456,-18.90007066102559
3882,53.54126343924766,-8.45995966750931
3883,30.175488033295196,-7.716136146116792
3884,30.980577380858556,-10.445083318555303
3885,67.99717416881434,-7.793218009997515
3886,-16.967305885628893,-25.74411848056607
3887,25.76904938281959,-18.160507663941573
3888,21.873593897732334,-11.582802439193484
3889,33.567391341727685,-8.929989026244678
3890,34.52625181880609,-11.904069760639025
3891,31.102943840468033,-13.408490357245462
3892,20.085593133435275,-12.349792756452871
3893,31.746830537476313,-10.556801715636876
3894,57.10177907192984,-6.6457730212811095
3895,2.5713219377953678,-15.459910862445902
3896,9.361973506674271,-18.852840120217284
3897,72.89041856522056,-7.716136146116803
3898,0.3126805581066039,-17.745061028236176
3899,22.800855473648053,-10.778319431590988
3900,14.10288191380098,-11.668401488728497
3901,64.2352523630543,-5.649127555540579
3902,22.637395329967713,-10.075129621516687
3903,25.474368603463837,-6.6902761315292825
3904,-4.380758946841978,-22.638027318958333
3905,55.961869174522924,-11.593744057989952
3906,55.45077477089397,-8.217458622869266
3907,25.315314175097093,-15.229855517053837
3908,44.75980713398795,-15.179373551830167
3909,20.660305348034957,-13.744063478018752
3910,47.22860811498582,-7.918784750656038
3911,44.15268111418009,-8.837572740060917
3912,17.323386283423915,-13.2765661446842
3913,39.45347090136624,-9.228760441719396
3914,95.76529799832718,-4.120443904152027
3915,49.93249024887019,-9.951676211409566
3916,17.553599109073282,-12.968692916414803
3917,70.11577099764999,-5.5837981082502814
3918,26.26703390411751,-13.242275981560825
3919,48.738022044719244,-8.340993218813242
3920,75.13912938516762,-9.689562694635779
3921,68.05786759149963,-10.230062783144456
3922,42.237061614526915,-7.595623068404988
3923,36.688587620011724,-9.576758121702877
3924,63.179117670942134,-7.263628576572634
3925,61.30553734716051,-11.659503886904998
3926,49.02957716689513,-10.556801715636865
3927,27.335464872302296,-7.716136146116792
3928,8.586226275750652,-13.943487024241962
3929,58.963921142166086,-6.966794146442979
3930,38.257835506696615,-13.683626366916734
3931,76.29063100491274,-4.375923591643782
3932,32.40326929235739,-6.466450332257978
3933,10.737110812298045,-17.624022088670177
3934,25.037307059995364,-14.029805099104642
3935,-4.4117258468897464,-15.653812103138186
3936,17.406814906375345,-19.537491723696153
3937,9.666378513154928,-16.310738170825356
3938,4.258313823124604,-18.414250881704184
3939,7.183740284208362,-15.47039535262157
3940,40.47160958402245,-8.116067921102644
3941,16.993012435913222,-14.534679182968945
3942,14.42684618194836,-14.583128146912383
3943,81.33860460212932,-6.722860942201791
3944,46.74582162197394,-8.220981549476603
3945,29.928596612823434,-13.506122322981462
3946,35.48560882140177,-8.112284924470881
3947,1.4749482884935938,-22.95508409574888
3948,40.940284936723906,-10.464375002234549
3949,74.50161966966076,-9.771784315723364
3950,65.63506317241077,-9.2525438246849
3951,32.708789973338945,-14.364367851114734
3952,32.12137207995261,-9.537119202915411
3953,47.6890009491534,-7.716136146116792
3954,22.401391096105638,-21.421981440862993
3955,64.51125394586632,-7.684463585473933
3956,84.16659625004961,-4.712304893634045
3957,41.92930163956654,-8.081653560859293
3958,26.863703681685358,-9.602802299591795
3959,4.303718291356828,-11.190270579616012
3960,14.996899734763147,-28.514107602949334
3961,-11.029939000556311,-29.317924579575816
3962,59.20338506898886,-10.411854813047938
3963,15.593193765384461,-13.309193315751955
3964,-10.70847870549213,-24.3999378333419
3965,74.69487503879017,-7.716136146116792
3966,22.32034379983523,-19.988700471184583
3967,34.86282629862241,-7.716136146116792
3968,12.854042443034075,-12.86094979652308
3969,42.151155367546856,-9.003330068747495
3970,40.50883934175293,-11.374898272735933
3971,-9.598851057308512,-20.713336798982162
3972,42.395053664048966,-12.304902043507104
3973,17.8178337105513,-13.034032540740725
3974,48.47179341734926,-10.889113610434077
3975,15.639593178858412,-18.52956203992704
3976,60.17369265189387,-11.507635012443629
3977,26.55828100626776,-9.09036845119926
3978,31.34757788293163,-14.824884023043861
3979,32.51404977481273,-12.999930031233898
3980,53.720758043981334,-9.799665115152534
3981,68.40871154894788,-7.452163694034564
3982,23.40038243785443,-7.716136146116792
3983,31.463630186604764,-12.175411742846421
3984,36.33656138845536,-13.179914368147305
3985,22.957400883234456,-12.06946580471675
3986,84.78976325757459,-6.003260299632284
3987,13.736907262753117,-10.182229175459213
3988,1.642534325138456,-19.139974390863113
3989,71.85482374648996,-4.2730847800563465
3990,34.90360133540889,-9.449486559993602
3991,51.87280519653164,-8.804729246786158
3992,90.20370134687418,-4.373138192561898
3993,-2.0435457341648644,-29.045524433868508
3994,28.71559844399807,-7.989310130662497
3995,12.22195022564916,-15.313297297824214
3996,2.9859923485022533,-11.763596833830025
3997,44.104727889964245,-11.557550654565585
3998,-13.75338301334822,-32.61403447147061
3999,27.412513980214648,-18.208307284757584
4000,72.62411525190196,-8.649379966769288
4001,36.90521537064653,-11.108614459378007
4002,23.624646977309393,-13.675886946302517
4003,7.938512070185677,-10.361395386689809
4004,28.656006516289125,-10.959594356770019
4005,-8.957221577545537,-23.67115210480637
4006,29.472870912776237,-9.974976156429282
4007,45.47571905512673,-11.322158147569994
4008,11.153008613679805,-16.33955826305632
4009,74.71778754667919,-6.466450332257989
4010,-12.030743500386754,-21.82189479750094
4011,34.29921605099775,-10.522278760638182
4012,0.2083984014027429,-15.506035857981393
4013,50.49425984872098,-12.462553975247914
4014,43.629304503678725,-15.717604343821346
4015,52.69349943358741,-7.716136146116792
4016,27.276421672420014,-14.269240842843
4017,-6.065669537603302,-28.32997265045639
4018,28.21953567609219,-8.985919222902151
4019,8.75038265331578,-19.97621430285652
4020,77.97078458057211,-5.594538878402789
4021,39.04652218571074,-8.071531234371154
4022,39.30197714353658,-9.607502019309544
4023,26.561334137759694,-13.135863352477061
4024,-6.687061241430758,-17.651163149276663
4025,7.1294817557644885,-24.134110695575284
4026,24.541118253926463,-11.609162393744477
4027,80.74141121730747,-7.716136146116792
4028,3.6728916201811845,-30.24846231476811
4029,50.3197904569719,-11.268947713943223
4030,51.80906080005301,-13.683626366916734
4031,37.94012563027063,-9.949521933724936
4032,-2.7873881496795594,-13.761627062366767
4033,17.04324017553698,-14.166358701602821
4034,50.451769308691375,-11.559371105837556
4035,34.02309748189549,-7.5161407093487504
4036,40.7182734307137,-10.72828237565837
4037,31.074199900096477,-10.599653326318704
4038,16.46718517942274,-12.01386720851244
4039,34.53315669976751,-12.701802602164669
4040,58.872840417868865,-10.146759919535365
4041,56.76147007666514,-8.039336150363042
4042,42.19872211930375,-11.659503886904988
4043,53.71032734485832,-7.1083238375357904
4044,16.771391209943065,-15.38709357294712
4045,4.527331553252534,-27.20753048094884
4046,37.24722071930147,-9.799665115152534
4047,32.16892604871191,-8.570315990372046
4048,-3.9144816415261463,-24.958699855239463
4049,31.24456316060753,-10.877822946390092
4050,17.911000610800198,-10.135031989944743
4051,16.765318180998467,-9.294560450434307
4052,68.71428817725756,-15.182262056723594
4053,78.62933596340386,-6.1074960704660235
4054,68.78110391642225,-7.878507907885613
4055,10.232221725052316,-28.456479072164242
4056,23.993705772701922,-9.97227258573863
4057,30.12520390059672,-13.05297520403651
4058,14.438861021980154,-22.99772374909447
4059,32.21917865200681,-8.4900720383685
4060,21.456290597032712,-14.002560607888803
4061,50.793801551520914,-7.803365155354425
4062,30.57089233555226,-11.708147025639182
4063,36.53719718552701,-12.591759979670947
4064,45.59761002532221,-10.919462590243011
4065,4.012452222015495,-16.657282572892175
4066,11.956054104119573,-13.542151173023576
4067,65.54675752800503,-9.486904366118765
4068,15.123760854698155,-10.9853266446582
4069,41.31187030567944,-10.52255198377452
4070,28.876894869016546,-10.957800441194465
4071,6.306081223277271,-14.288743690005202
4072,79.25629222732375,-4.682778560909306
4073,42.61286388985086,-12.666816438041295
4074,62.21823049947523,-8.90574705205982
4075,28.434409689223262,-19.66736208156329
4076,23.17015444915469,-11.06732191139903
4077,15.61919488568082,-12.49224342748968
4078,65.46053848826767,-9.799665115152534
4079,31.480325612406613,-8.19063243474888
4080,44.85742112916662,-9.265432479911318
4081,36.16195628772656,-14.886676336668847
4082,6.067197822556758,-15.51669548261797
4083,4.201722674287756,-28.605021803527684
4084,12.160868585437058,-18.215960453613633
4085,60.2079767374136,-7.537262306653703
4086,62.35145736008783,-11.677900417721787
4087,70.16175740588861,-10.373997799235147
4088,11.412715028586916,-13.236816247676886
4089,21.844869170957647,-13.985338608165465
4090,57.768767574900146,-8.957961735388963
4091,-2.2901440873858925,-19.714182691232484
4092,16.53376767673691,-15.97497660763164
4093,21.66732287312445,-16.774578242693337
4094,61.14281221724758,-8.231423595110988
4095,38.03777162977278,-8.628551086223757
4096,32.41645081834783,-11.316843158476352
4097,-22.631411096873677,-29.70412019296783
4098,15.16488401335887,-11.016675753036365
4099,2.326406259106961,-16.508545139798116
4100,44.93388972340389,-11.754431861118086
4101,27.05012496107384,-9.327654800593276
4102,20.401636985465686,-15.806930335279269
4103,65.82846205440927,-7.18392276339741
4104,4.942576600321158,-14.561645978201765
4105,68.37450128856268,-13.599510570805506
4106,58.60750413953539,-4.668560880699912
4107,8.824207212023992,-17.642841241921836
4108,9.412748511389847,-14.862616231534354
4109,43.374626191375484,-9.510548212146508
4110,11.533016037264332,-13.213287774375448
4111,49.6723096087492,-7.728433728328509
4112,36.716248117487794,-8.518015424668167
4113,36.601506554225224,-10.597285422774938
4114,33.31508766228588,-12.880772104654447
4115,2.190055300899907,-22.588352153465408
4116,87.11441820995043,-7.97161901963478
4117,23.910820788610465,-19.619983542358234
4118,47.832994750740475,-8.175288490881039
4119,22.408848699587615,-11.283905489056734
4120,5.018110833142719,-22.610756335414372
4121,67.08619621236514,-7.570339281903882
4122,35.6922914702124,-9.76294862263778
4123,31.259381874157643,-18.64855875535829
4124,40.31827106308159,-10.775598776636519
4125,29.105918244470974,-16.871023086917702
4126,28.887092336021848,-22.017126466192305
4127,14.777205803737225,-15.958481469626006
4128,6.617590305778487,-21.884056449204515
4129,-7.276261806052132,-26.282463269556267
4130,46.547061425413936,-17.24273739939256
4131,45.072568656237834,-8.999425189925725
4132,44.75851055092876,-12.814114767494878
4133,10.212990070870887,-15.438127203652197
4134,52.27865435210741,-8.692483335124878
4135,35.05025653198177,-12.583819828282428
4136,36.48831836729851,-10.885876602820055
4137,45.6640102568096,-7.17033937357352
4138,67.06479682902946,-8.910673987485108
4139,39.246918490850916,-6.646236227471258
4140,43.49498268451,-7.97161901963478
4141,63.13787633873489,-10.195560699507189
4142,28.15959562618322,-12.497112886593742
4143,27.27386078865013,-14.966561581940685
4144,39.201069539605115,-14.702417841824678
4145,50.32692022303345,-9.799665115152534
4146,61.64757816384234,-4.600448090363962
4147,30.2499676459689,-15.002989371597398
4148,35.40791345003984,-10.494253648135532
4149,30.14008001782433,-9.65056738295229
4150,99.86004716007169,-7.716136146116792
4151,36.524194442809076,-14.277495294435894
4152,62.923984962072325,-12.591473003927256
4153,22.08874836114365,-9.795722548536789
4154,17.332218943753965,-12.505765516000322
4155,-2.3782632458552277,-21.663356719583128
4156,54.92139159873819,-6.466450332257989
4157,23.229003759062337,-18.797932009132488
4158,54.75139821891031,-12.036618661439135
4159,-12.145675430172753,-25.691195366763576
4160,24.647887672888658,-8.022592723799438
4161,31.55094336156996,-12.567864667987294
4162,43.83996412962967,-10.515167078523957
4163,28.618368081030575,-14.346317560910249
4164,65.6112533579548,-9.990716198604389
4165,28.867702993696053,-8.593131988458314
4166,19.910660715890693,-13.7349509641155
4167,39.56446358909849,-5.786438392446502
4168,61.164449424102685,-7.7161361461167814
4169,-1.5653324866293006,-21.79941755142415
4170,5.018745833813987,-18.76171368078805
4171,-7.501856747589075,-30.31943411741991
4172,13.993601635634212,-12.180270071710165
4173,19.015018979721667,-13.889364726278119
4174,15.103962709678576,-12.80657342750966
4175,49.90372718889085,-6.466450332257989
4176,9.694842212427378,-15.471082515152613
4177,37.88207145916742,-11.025216745619348
4178,34.76939425878929,-11.72503174235855
4179,11.37881198987365,-13.417121430760693
4180,61.304903595453844,-17.336593071863394
4181,45.961950705460076,-10.043975142010876
4182,-12.071478112037026,-26.620249333303637
4183,63.49653701541158,-8.151424536991092
4184,45.72392171742297,-15.677408059027798
4185,40.824596546149316,-6.179268134815152
4186,10.07702333841709,-10.770190344345632
4187,41.511318749678,-7.716136146116792
4188,28.551374075968127,-10.99676780499317
4189,35.909599434731135,-12.982740195470587
4190,33.43833961220395,-8.281492106619638
4191,4.12896482394316,-20.04330722182599
4192,35.30069867960242,-14.279089154005021
4193,-1.323489075976525,-14.132461460000501
4194,22.366816619441288,-15.672413711007083
4195,41.65278985969212,-15.195531350851677
4196,52.840476926413714,-4.373138192561898
4197,39.42733330317094,-15.018841445892372
4198,9.72221345618085,-14.75500665370799
4199,6.714956052263288,-21.179220801968334
4200,3.1778519729368293,-23.92601563679517
4201,59.2599854068512,-7.894807496440038
4202,66.00728475050354,-6.466450332257978
4203,47.208407622354784,-8.817045862259453
4204,16.962623144478094,-10.522278760638171
4205,68.94295469347536,-7.716136146116792
4206,79.76013010185503,-5.5590788174902706
4207,3.9844209446440404,-18.13036631867221
4208,71.4087768493462,-7.7161361461167814
4209,72.42730015092722,-8.538909798828087
4210,82.13033714507635,-5.182666608147047
4211,21.432206237273334,-11.908480223589745
4212,88.85187348085009,-3.7630439387617565
4213,-7.958219641996179,-22.945092625218766
4214,15.24230017918451,-12.371464303356316
4215,52.12472232685905,-12.328442483297975
4216,23.232791593137204,-11.142399004965863
4217,33.78652231897461,-11.500379631481639
4218,43.13601660991233,-8.29002407822924
4219,33.26399636963118,-9.259992454224564
4220,38.73574691665513,-9.49010322205207
4221,7.72354298932596,-16.649209342534544
4222,55.53946322319949,-8.19922819812584
4223,47.34919343096611,-8.363908390874997
4224,4.732256312521366,-15.470086110217062
4225,11.682414490073079,-16.722148930650416
4226,8.853466430207813,-16.059031724802576
4227,-7.931604800630931,-25.707551347488035
4228,33.80703971366002,-16.351819543934266
4229,43.71735846545744,-8.66177432732953
4230,10.539878648759448,-18.619767508285932
4231,27.734614814300286,-11.726396343236589
4232,43.07854938839544,-10.284434450891922
4233,31.706245838016088,-11.003819718275942
4234,46.94796434881325,-7.2076659582343545
4235,32.00286064431992,-11.659503886904975
4236,55.069352305590805,-8.577396282582473
4237,37.545959286747866,-11.74330966708147
4238,56.01885201808938,-10.682963960143145
4239,74.45951627153045,-13.889364726278131
4240,5.986468378072196,-15.79827708950996
4241,12.426061136820788,-13.135718260526541
4242,86.27967268084356,-6.373247278637617
4243,54.864998606140425,-12.224892159790212
4244,38.575777267220325,-8.317188363795914
4245,41.018681402233796,-13.789731080997992
4246,47.00594463920933,-8.079563391292755
4247,-11.969089503860786,-24.659821381255053
4248,38.514828788396095,-12.27267473758844
4249,86.09163150791943,-6.794393556832567
4250,25.318526689596,-10.303060776749085
4251,44.51183493292101,-11.751540659068937
4252,47.810069976706984,-8.812873072615368
4253,64.12720854621266,-7.737550231891044
4254,48.686426248472344,-7.684463585473944
4255,2.6268178881673654,-22.858736673338477
4256,31.167179397744803,-12.175411742846453
4257,46.02347981665227,-8.667688262638407
4258,51.79564117333357,-8.050873532285907
4259,30.349171343038762,-16.277597848420598
4260,31.58481351095872,-14.35380697240538
4261,74.37530001245017,-8.376149658178866
4262,8.381485421287982,-15.981039468809
4263,36.497773053502705,-13.766609261086483
4264,42.65246050022795,-9.017944172136815
4265,67.23370925168935,-7.716136146116792
4266,13.271137101660724,-17.623333406828003
4267,41.34128008253333,-14.439656719255378
4268,63.18733016737905,-7.7161361461167814
4269,16.428761698078166,-8.973510046877264
4270,-0.5758889389257615,-19.47850100427133
4271,30.629527421568547,-6.330433717555939
4272,45.28234251290064,-10.942947466853592
4273,36.10281461471472,-10.21912106487065
4274,25.10470029020402,-10.850249470723227
4275,17.681726164118828,-10.991965237244017
4276,44.3791168729869,-11.850062908808068
4277,54.887081432166276,-9.265432479911318
4278,30.129178013266134,-11.493836820457826
4279,24.61625072632849,-17.157776794082945
4280,75.93644156768042,-4.373138192561898
4281,14.704767114375294,-22.86041335564406
4282,34.11476578825416,-15.593663736284736
4283,46.82135103773825,-17.24169334737371
4284,30.65559544854779,-15.174874498363344
4285,33.00803393314398,-11.004816414459883
4286,48.02327077208894,-11.955935380303263
4287,23.64534559975846,-12.250570195747157
4288,-16.75019631760375,-22.364924096777138
4289,45.703923636317526,-18.120678858675078
4290,51.25852526092758,-9.64776133765054
4291,36.2742126034864,-7.97161901963478
4292,16.253776020937206,-15.068967054573413
4293,36.29910795668791,-13.047399193136
4294,40.403925022510975,-8.27067665860578
4295,0.2427882812850779,-20.263734678519207
4296,33.84434535745853,-19.49664263885309
4297,48.836659793205506,-10.32044777787946
4298,25.80311873365908,-13.252409750921402
4299,27.45293059646816,-13.227716481732655
4300,52.01927291346537,-13.36191109731627
4301,21.41393541497447,-17.70820428855904
4302,28.654487138686612,-17.63458314885471
4303,11.680453243480793,-10.701419173474957
4304,77.3478734325501,-7.716136146116803
4305,26.794682958480777,-11.78989792974786
4306,70.28641136937732,-4.696801818559726
4307,37.66550667034225,-8.345854720129964
4308,24.059916960313842,-18.918847602236
4309,26.580879116871348,-15.750785313294092
4310,15.09973546841692,-13.761910451649506
4311,15.96873792044924,-20.79750919528155
4312,27.122229655970152,-22.23967087024232
4313,50.71419614944237,-9.361572409882612
4314,63.06312008266302,-6.869454449771517
4315,22.89900201990438,-14.353744276165447
4316,48.60301163284095,-9.043025961694928
4317,16.84043000434512,-14.420542261163149
4318,37.529049847788265,-12.723275284094326
4319,44.26207597479108,-12.952444646885397
4320,47.90770682903644,-10.146759919535365
4321,85.72371808470875,-9.600320304861643
4322,40.57115291394329,-10.60797971639782
4323,-15.636880737859482,-26.199962902487208
4324,16.021510064320577,-14.099320056556575
4325,62.43470893166532,-7.716136146116792
4326,54.665296343822774,-7.728433728328499
4327,7.257484698327543,-14.184569637262811
4328,46.45656769093489,-9.442172677766647
4329,1.6672993388394897,-13.280212870925512
4330,31.558676279714916,-12.92688167744478
4331,8.20188346027939,-19.513945770679275
4332,23.265839818331855,-17.05859239451575
4333,50.275277582601575,-10.264699477581074
4334,22.966287653088123,-15.611051160438471
4335,21.057112208181316,-12.563465270717678
4336,-22.3172200967219,-33.98660165603044
4337,12.286594789562333,-10.316464665340085
4338,69.03098639782202,-6.466450332257989
4339,44.42682787473924,-12.587193154357944
4340,42.496543319152735,-14.259807409900983
4341,-0.8224501517588689,-20.227304497805687
4342,37.844039020076956,-9.691421584769522
4343,35.61159447560745,-8.065720704890333
4344,21.53625862125972,-7.716136146116803
4345,20.97943573922869,-11.890912767395811
4346,86.67948010414088,-3.7630439387617565
4347,60.37488842669785,-10.873215254590175
4348,-11.981893161242185,-22.412740059889778
4349,34.243535409539795,-9.493612125928541
4350,27.996740037767086,-10.467674560351025
4351,40.49143513320688,-12.514750865520375
4352,-1.9790441707888018,-23.688809193856997
4353,6.284870488373984,-16.776658665638312
4354,-2.016200953539027,-17.138874076393908
4355,50.41718349428612,-11.36851939639344
4356,64.63773881643975,-16.314480071373172
4357,41.35534449068461,-9.607725876128336
4358,30.422232296652197,-12.139685483077189
4359,59.44519205656811,-9.941676434180957
4360,56.72592428418981,-8.292994548212862
4361,6.931312917525179,-10.587459760968965
4362,90.74091333415264,-5.812221680435059
4363,31.531387293448574,-8.283803611034312
4364,39.18625502743769,-10.146759919535365
4365,57.633978323578525,-6.496066959072877
4366,16.422034390625882,-15.183480182752106
4367,27.577069392655762,-17.63517836767502
4368,49.68986364456709,-7.7899198340478755
4369,102.1297884224469,-7.716136146116792
4370,43.00828917744064,-10.32044777787947
4371,60.67643091818533,-6.466450332257978
4372,35.93890163660043,-8.194535530118808
4373,28.04409255546927,-7.7161361461167814
4374,21.114064966275926,-12.427574741070524
4375,23.952602411894542,-15.225316041206337
4376,30.238997048444794,-9.373397338964883
4377,20.697569328342546,-11.295175925224676
4378,23.53787323846712,-16.623113673448575
4379,8.993358103116279,-13.467973788789633
4380,12.72315933261634,-12.87905278698942
4381,36.81381952980034,-8.781949020058855
4382,36.79216168352888,-13.000020378100686
4383,1.8151801985171412,-11.606839218294073
4384,25.96484782839743,-11.913599027245104
4385,44.61037826637384,-7.716136146116792
4386,25.294483347007656,-12.334957379805811
4387,2.981928142189938,-11.945817784788382
4388,22.179232332037422,-16.389500588646612
4389,24.568895126508927,-11.865215641841564
4390,26.09441914995432,-14.524138432326271
4391,64.57142381935697,-11.34202244666943
4392,53.929110538860556,-7.035923349702244
4393,40.124442915169766,-11.518640988800078
4394,78.760527738838,-8.550669000459832
4395,60.51483357015543,-7.716136146116792
4396,72.26326662042355,-7.553973434319749
4397,12.056771827432499,-12.873097969675873
4398,16.515784997513606,-10.930041696449177
4399,74.64749167878608,-5.594538878402789
4400,21.28409044064621,-16.60876144797745
4401,40.873577859983044,-16.326899330099376
4402,47.899902122326885,-4.273084780056335
4403,39.68626072692765,-9.140793830854177
4404,30.699271892547976,-13.46117384698584
4405,30.007227316694006,-11.45917086765661
4406,30.504769828481514,-9.556944420574254
4407,-5.793465949639753,-24.220301275205102
4408,45.68609601826774,-9.014083574182774
4409,48.504407147417616,-10.21912106487064
4410,36.45361589313998,-11.630848218747358
4411,28.123675391164515,-12.108450904671075
4412,49.91411726607329,-12.467847396947418
4413,64.00193922246675,-7.716136146116792
4414,113.88984761693352,-4.273084780056335
4415,37.404728624088214,-16.994476506370038
4416,53.87949226461317,-7.716136146116792
4417,19.23218746081694,-12.425725271379495
4418,82.12298247507235,-7.851429759454787
4419,57.714439047307486,-9.633171126540752
4420,5.553820075952687,-16.119531480514247
4421,61.30431771988005,-4.157839197806911
4422,25.130830023267258,-15.123828049980482
4423,16.850187150763052,-9.784112603625639
4424,27.67168721225337,-14.3023473305276
4425,6.483266897577211,-13.123734606489169
4426,57.21405929068422,-7.226027249164835
4427,50.07351147114478,-10.604046751897
4428,24.289707798818515,-14.937290195093468
4429,49.6241187936576,-10.535806474695486
4430,40.066781327733004,-13.23121569985034
4431,-24.083706601578804,-30.754743128380525
4432,10.063295449137044,-15.170579694524333
4433,36.08929510545498,-6.523375007299503
4434,34.65170380753442,-7.961080448946801
4435,81.0272940162553,-4.730379375965843
4436,21.755570454558736,-17.59771115778178
4437,43.105028481882535,-14.902392241680051
4438,1.474262951247196,-20.01453608647228
4439,29.726913945139977,-23.211472511247067
4440,52.29570467281501,-15.613040761611996
4441,38.592351606818994,-13.735490133426985
4442,-14.100658215885565,-27.752754307919847
4443,30.23829606724322,-15.913006071916724
4444,80.30034530153007,-8.506628600789012
4445,33.41855233782021,-10.327450189326836
4446,21.565331421058875,-20.364910820808813
4447,21.22647793130781,-15.650168865613633
4448,47.884212192942414,-6.304497596154645
4449,35.781686135097736,-7.716136146116803
4450,10.055761507450622,-22.56082123523503
4451,4.414059100704759,-14.939766349158123
4452,49.30935262047782,-9.196021305117895
4453,25.892100186365386,-12.446900877351197
4454,10.818878631553952,-17.197912524887826
4455,-16.38288490087797,-23.912645679964083
4456,40.996870000434086,-11.294667621976506
4457,54.506839872529646,-7.469834489091676
4458,14.505414904004187,-15.555689215186753
4459,57.03847250570286,-7.10173342399999
4460,29.266613341337244,-25.583324547007035
4461,36.845558934388876,-13.307009363493815
4462,68.71086634328651,-11.004816414459873
4463,70.18408851323473,-10.463218207356705
4464,29.134700883806897,-8.833126577769212
4465,76.73628327934003,-8.602461071991574
4466,-14.026944018980858,-25.458868776008337
4467,36.619765900472245,-12.95691011439094
4468,26.446243818402927,-16.335549811547544
4469,22.137139882791047,-13.108507261605185
4470,64.34102972173075,-8.205154063739029
4471,52.43604481718347,-13.527976824164334
4472,18.638763121741796,-12.580941267901135
4473,38.366570859419504,-11.518640988800078
4474,33.251969649467085,-10.241329166239598
4475,53.160364947562336,-11.019558982757793
4476,74.35573904591162,-8.350619800760061
4477,38.51807122899969,-13.795128616848451
4478,5.006361775601498,-13.285422852507489
4479,7.813589036056068,-23.93731399624588
4480,56.97594304745388,-8.395860110603648
4481,30.960175985012306,-14.913105036039088
4482,4.609373444815779,-12.604671257792056
4483,66.22727048530437,-6.01507960047718
4484,20.07506414821012,-11.584035737987652
4485,23.869820869937964,-16.315854018394983
4486,2.3090042224653384,-14.766030194234247
4487,39.29844102877627,-11.590363897033406
4488,34.878606893835375,-10.153595229450607
4489,39.18823825699367,-7.7161361461167814
4490,6.242221006132875,-19.12833963614313
4491,59.38896280335611,-7.716136146116792
4492,24.5256094269346,-15.058041707923875
4493,68.525560794643,-11.192416544504125
4494,31.717184749400328,-12.070778127109405
4495,14.73561782730557,-12.02718425853524
4496,19.90338406308347,-14.394080776624829
4497,28.982109838264147,-10.522278760638171
4498,14.786227587214595,-14.65427137218811
4499,15.164201669866696,-14.308655174571161
4500,30.732048726603267,-15.538416851076576
4501,-2.8140687944637643,-18.76723082254368
4502,26.305232657400435,-7.882904952329239
4503,12.617990955608471,-12.636741497985737
4504,9.484310036447297,-12.524311609572425
4505,72.026645961794,-7.728433728328499
4506,60.538101179716406,-6.466450332257989
4507,38.00285141627342,-12.120048976910368
4508,47.11555794846718,-15.555205846412544
4509,24.430870702081098,-13.948152768499
4510,66.97848755303579,-7.501392566653187
4511,33.73940334309613,-16.730047519858495
4512,30.046747933115814,-16.380503770308575
4513,48.69627841210209,-6.466450332257989
4514,34.110644655369306,-16.021338919410876
4515,59.195277162149004,-9.29108550271046
4516,41.04209335624165,-9.826251463282787
4517,32.30303174764937,-9.502843523574656
4518,7.939914046088337,-10.348374973963026
4519,-1.4657172642044802,-16.1553308393771
4520,14.123533395762845,-16.36812972416879
4521,30.67004215109086,-10.625720659048598
4522,2.6100394896577006,-15.663179575245877
4523,51.65330218409159,-11.770151332694223
4524,55.16039743617882,-11.017733373557093
4525,16.90187484498036,-8.403515648387373
4526,2.592188870937684,-16.834750380546083
4527,-3.8940773421993313,-19.08294056352371
4528,11.647911575049385,-11.500727662078681
4529,23.676783522484346,-15.59408635991999
4530,34.553644344868914,-10.241543066445368
4531,42.9608112283401,-10.786060949373312
4532,49.146707589207914,-12.891694921937946
4533,16.75449342099846,-18.331924759523787
4534,-16.727783498649085,-24.3428765758819
4535,63.896749398299434,-10.528711036394311
4536,39.76679665984566,-7.412565653283809
4537,92.35033925206051,-4.273084780056335
4538,53.96929974207936,-10.32044777787947
4539,32.38724260265706,-9.918585461594908
4540,50.27659074570361,-8.7823046818161
4541,31.78228597381805,-12.354068409321439
4542,28.5578346520011,-19.89200547226011
4543,76.97640699218664,-6.236872632445001
4544,20.09986650990776,-21.428683932744274
4545,0.57959023517975,-28.82882428211877
4546,-14.235179113601815,-24.7326823447939
4547,63.971501898171155,-7.716136146116792
4548,65.18474851639502,-8.317957861849024
4549,27.747853633095865,-11.751837041882784
4550,66.85948623829645,-5.182666608147035
4551,89.70406578978587,-7.716136146116792
4552,42.14237176066349,-10.463218207356695
4553,-6.610289348739029,-16.82375501176209
4554,31.51006283123332,-11.787572973226935
4555,-6.709501622799174,-15.271458380922564
4556,57.3317247073045,-7.716136146116803
4557,9.614926471414087,-9.756445207785013
4558,29.513672528338187,-12.647875353391857
4559,34.31946487609585,-15.686918582018173
4560,53.7824604556006,-6.466450332257989
4561,80.99608202251376,-8.79320780730225
4562,50.45611334116165,-12.031503076082217
4563,-3.5395209260002614,-19.74271945221696
4564,8.323398368671086,-15.747120008838333
4565,30.477820492183703,-11.058598728939618
4566,41.74619624840501,-10.292630923348778
4567,50.29338936491647,-8.711691947364042
4568,30.75083561928158,-16.36400532076603
4569,21.41957239499397,-15.049482228087285
4570,39.91026651735163,-9.151125773496982
4571,18.223234460335004,-14.006807547415212
4572,11.61302425058286,-13.561337284227138
4573,44.95353935506083,-12.932087121283642
4574,50.04675463485637,-9.878901174296495
4575,20.699950750288764,-16.35224586261632
4576,19.602814472050344,-10.327410879550559
4577,26.466523616558813,-12.845136699503644
4578,10.141095470683869,-21.609949122457394
4579,3.869955125781366,-13.68667546611051
4580,8.327960799130075,-15.132738222786946
4581,-4.172977539975664,-24.053082871004207
4582,55.34158858064615,-12.862337787408807
4583,44.49892200546009,-7.78095143765567
4584,56.27959439340498,-8.95283983162425
4585,41.40955876331569,-8.822119561250352
4586,71.29481916598036,-7.280933778967746
4587,65.63141174389185,-10.555308553022936
4588,69.5597278642081,-6.784248403514059
4589,39.88316196118218,-17.071743277814132
4590,22.09763304375578,-11.560300526644685
4591,4.456387141115492,-18.317449315488
4592,29.40962740495925,-14.882933857702884
4593,33.64452472404602,-8.4803061578957
4594,29.253455234941427,-12.870321981479737
4595,55.46244846971062,-11.169215790831588
4596,28.82679193220101,-12.815876626878664
4597,18.400081695255132,-19.553656546986254
4598,51.61389080178207,-12.882486841975371
4599,30.568204546756107,-14.845138856890138
4600,12.11949683497917,-14.544419470369185
4601,18.336195470300275,-17.339113531622495
4602,46.34937475743859,-11.84196304021854
4603,62.61728402009887,-4.373138192561898
4604,52.63575461888719,-9.725455139863648
4605,81.95830136517625,-6.466450332257989
4606,25.202808938027623,-14.157937355882632
4607,31.006194276489964,-8.05835028139603
4608,53.259388620622914,-8.345608400571491
4609,-12.216493813864071,-26.95382555559547
4610,-3.439312932770522,-16.739116361054162
4611,80.29395817027616,-12.679814123337707
4612,28.39263336963875,-16.106970174758693
4613,0.285821371353534,-16.71309944280933
4614,9.99341975821082,-10.534267508619132
4615,25.77416400454855,-10.979489844299618
4616,20.26691851334843,-16.941514344841156
4617,-8.682661543257353,-16.13891694588717
4618,8.942821663514744,-18.05835128385318
4619,9.574482632143134,-16.60928294706506
4620,33.02241966971988,-12.514750865520385
4621,45.31072430745946,-6.201721907678703
4622,24.74225448684202,-9.942192081903222
4623,27.12659990540709,-8.217458622869266
4624,-4.774881798986996,-27.529746886507144
4625,27.059894178069644,-16.564817605842386
4626,52.08413767925328,-7.9536237294627
4627,46.57895483294463,-8.352338039742646
4628,12.172579125016503,-11.530473109253203
4629,-14.124674041814,-25.950162673117305
4630,-6.232980752861373,-14.546373865250118
4631,35.0297906545576,-8.82618822229353
4632,44.138809220197885,-8.808825943683129
4633,8.711313589639413,-12.437745889733542
4634,19.955649321731862,-21.846786086531743
4635,41.28876022487107,-10.227635300203296
4636,0.8251024760532744,-20.17012512893286
4637,27.755357193088614,-7.672806770449836
4638,26.595616521585374,-21.281407959685616
4639,62.18268894984824,-8.141960111620516
4640,-16.918912236934315,-35.561904010924664
4641,46.4937942995173,-11.027837996925582
4642,91.93528976476537,-10.680312840224982
4643,48.53783862938712,-11.3913652923185
4644,89.3857737748728,-4.273084780056335
4645,52.00384880263904,-12.26683952675005
4646,25.997380557906837,-15.328077724656863
4647,7.53931637672054,-11.188818491325502
4648,20.940693901679563,-22.167217747306633
4649,18.216157029447857,-17.384982904620927
4650,5.823883007993369,-18.275119891101866
4651,43.53633929414897,-6.466450332257989
4652,5.968664176219218,-19.0209868762529
4653,20.398102144834773,-9.920257857245296
4654,-4.785714536583152,-29.494316953588694
4655,21.197731980567823,-11.671611743212651
4656,45.0800365081079,-10.410823631967169
4657,63.406757158687775,-5.312559433148434
4658,5.282311932209427,-13.400810448639177
4659,62.30960062909505,-7.392626272882163
4660,13.33840982664718,-11.584477917275438
4661,26.000461380877105,-12.875945494690477
4662,41.637107339506855,-10.638990680604232
4663,69.37339055633866,-10.125734417229971
4664,37.17643027441264,-7.716136146116792
4665,45.060958635465084,-14.396434579430295
4666,69.37158584105372,-6.466450332258001
4667,39.659220631814506,-8.879478974695665
4668,30.331825100046615,-11.079223580092812
4669,48.701470771769365,-9.098090904200218
4670,47.207680871480505,-12.91444796104394
4671,42.61936624629505,-14.766029006271598
4672,27.184041907456226,-18.855416522808465
4673,21.41397774136127,-20.83051907827057
4674,54.49610375459959,-6.373247278637628
4675,29.262328653613512,-14.41734762950989
4676,1.366038873044606,-18.34419383137098
4677,50.979290939528596,-11.065405712113819
4678,46.6008884486774,-10.925495780470506
4679,-10.706297465438919,-21.621004223358074
4680,83.61513073975082,-7.728433728328509
4681,11.23061822760052,-15.406309917120787
4682,21.76959626469339,-12.876855484678618
4683,44.59788946726879,-10.10068204134299
4684,23.226087480286807,-10.556801715636865
4685,13.097600616423733,-20.635547793448904
4686,44.36828157785469,-12.50107693518554
4687,22.663218696536447,-13.338055645674062
4688,26.093294200635707,-20.784708027458965
4689,52.08328417633123,-7.716136146116792
4690,38.79894550250811,-9.310593052871418
4691,35.012979491999175,-16.965085631481358
4692,4.506097905480733,-17.387497112629436
4693,14.474833978132295,-12.065632688472904
4694,10.04862797435273,-17.232685007393478
4695,18.38303447027554,-14.836734199108626
4696,53.12671056860263,-7.418561638417531
4697,-1.5812157494320966,-20.394718372070585
4698,38.715565939499406,-7.366793956973461
4699,44.11096485450581,-12.494538930066101
4700,-5.180472132983427,-18.674912445168303
4701,-14.462784075728097,-18.93168388084151
4702,9.375177420653547,-15.349915887747889
4703,10.480694388585565,-15.226123647750834
4704,31.766364254425426,-12.894451777580784
4705,12.621515023224482,-21.889577912947534
4706,-3.7767310178629443,-19.525651495720087
4707,21.53204989444417,-13.040030094580601
4708,13.22466029248428,-15.519394830238465
4709,35.98109988663995,-14.069343257790557
4710,-2.6695397167705637,-11.582260839488413
4711,66.60766166468655,-7.716136146116792
4712,77.70380183517311,-7.716136146116792
4713,28.5416270132407,-10.556801715636876
4714,21.030555167211062,-8.555033008611368
4715,28.340526001917297,-11.005608463555683
4716,64.09443917108145,-10.139755254142502
4717,58.71220560057344,-7.716136146116803
4718,37.1736214714385,-9.024979773847264
4719,2.7326184662314734,-19.78109328406743
4720,43.70183996626871,-12.760575499237259
4721,38.587678551955975,-9.314176801129125
4722,15.199432263387646,-13.122447881615685
4723,59.136295085313506,-5.0898920999386865
4724,44.12780900755282,-11.188818491325492
4725,53.79210617035493,-9.173747136500875
4726,70.08274686967886,-10.32044777787946
4727,49.05843156528018,-5.9975218278746745
4728,39.16431889972609,-7.8438891843359615
4729,72.02278760192382,-6.09291968444674
4730,16.98341661996714,-12.231235993936496
4731,9.229380199285897,-13.586404948407814
4732,11.555907859872395,-10.02184314138198
4733,-12.486161024563492,-21.659913694826606
4734,17.625529463539525,-25.034501166297986
4735,10.354927014539662,-16.897274409717376
4736,13.149460703675464,-14.754361560682018
4737,30.336602571090697,-12.697961145097658
4738,79.7949968260604,-4.934163178158524
4739,43.84023174431633,-8.809901393628783
4740,36.90994235726659,-6.615876374571005
4741,32.86369527514403,-7.106276445523885
4742,17.955883894613045,-22.995175071182473
4743,81.72387802438496,-4.120443904152015
4744,-6.987321821181891,-15.615271587923862
4745,42.040305291525534,-10.926556129410415
4746,20.848522352818154,-10.568164542149173
4747,21.4109251035981,-13.634966607681854
4748,25.617829946403848,-10.98113504674646
4749,45.65432899729116,-12.015901978476363
4750,61.64977861684788,-8.02333071044632
4751,62.46984463733079,-7.716136146116792
4752,48.00844015123813,-8.19559872864728
4753,-16.243843782007815,-43.15239801279185
4754,-7.239508390860339,-28.997400688050156
4755,-11.977638773144939,-20.66434047324868
4756,66.70043811372044,-6.499215288140214
4757,56.77729995969647,-6.900164746901217
4758,38.56773157589879,-10.480641581740802
4759,27.75874245979555,-11.751837041882796
4760,2.8991937598666917,-17.83590645934685
4761,36.513045887692684,-12.54433978474635
4762,73.37691168276143,-7.716136146116792
4763,29.776082133342328,-10.029535088176456
4764,-10.653956395847864,-17.066463488915062
4765,1.3339887941668405,-16.420016419279793
4766,28.73049753258725,-10.848276720057326
4767,42.72673402730207,-6.532951888265348
4768,13.20446886693587,-11.986154234757606
4769,33.49349283031064,-9.494697022206433
4770,61.81791901820448,-7.716136146116803
4771,65.19346540295501,-8.45935507010106
4772,1.323317963609938,-24.80857764151646
4773,9.28911546765141,-16.211737620012467
4774,3.22742033428145,-18.890794382117505
4775,-5.825634127904589,-17.980902265711606
4776,17.24791140951476,-15.643795127871785
4777,59.69600881244182,-8.31338939063835
4778,43.4441346559528,-15.27362660627951
4779,75.14358062726998,-4.373138192561898
4780,3.1866814703044533,-21.040526359003266
4781,40.39502939700659,-13.193943349779602
4782,1.4503946455672656,-25.051616647098317
4783,-0.10620388160715866,-20.9718786467184
4784,44.17239939705002,-9.282593178840548
4785,23.027464451710202,-11.542528153941156
4786,40.144743915512834,-9.229542647439871
4787,18.590436913663268,-23.053918649361314
4788,57.07235876245775,-13.487292403255902
4789,21.216990247743595,-12.941333756557983
4790,43.51161187783905,-7.381633376447949
4791,40.1373909823681,-15.32048285007177
4792,14.179453494173755,-12.009079277034363
4793,27.264732716350217,-15.82541165818273
4794,39.35422293139248,-10.040242174062719
4795,38.28625498716636,-18.64337855315823
4796,80.40848396142937,-6.4016874025734865
4797,29.063672615566418,-13.416556067999796
4798,37.014977749380364,-11.245878764013817
4799,36.62772005608621,-10.884668526434494
4800,-10.75334328472045,-26.228240458966432
4801,51.67708543533609,-12.8511174791341
4802,52.49323587635995,-10.552163413241422
4803,26.928659669622192,-10.249903544156025
4804,11.408295618838649,-17.786497149171854
4805,6.492986048534033,-11.659503886904975
4806,-11.320687861154566,-24.41058341585116
4807,57.22743126056984,-10.560511599154598
4808,0.4936965147450678,-12.65040996132748
4809,69.98786736414644,-8.804729246786158
4810,6.782194460464952,-18.22079743927125
4811,47.456769562777666,-8.459355070101038
4812,56.01416870442615,-6.466450332257989
4813,36.95631728991249,-7.20207266953593
4814,32.142872711602145,-23.40744000232029
4815,30.112786904141743,-12.698483859483556
4816,19.49122810086139,-12.502382444914195
4817,60.22043550316507,-7.684463585473933
4818,34.42988223408086,-12.005596077297053
4819,100.02146783966066,-6.466450332258001
4820,48.39766065395945,-11.564941931317174
4821,36.978428186155774,-11.358080202497566
4822,46.03110632070737,-7.716136146116792
4823,60.218402161184656,-8.02463518214298
4824,46.22615988427654,-6.466450332257989
4825,-1.8725361071745827,-27.585219671866547
4826,7.226680683545794,-21.4079575373082
4827,30.004652537699883,-10.492381576093956
4828,33.15292207004459,-18.403332564839292
4829,60.30569203039815,-7.78095143765567
4830,10.980417835268753,-19.18405478702063
4831,19.576303396942983,-12.924884469316
4832,40.68268104162265,-14.134293813758381
4833,37.16390663568889,-9.139165897427503
4834,25.333187796899924,-19.421561220393702
4835,60.20185920295545,-4.373138192561898
4836,47.44110479644404,-7.716136146116792
4837,36.84598610175955,-18.882846299923372
4838,68.06184863211644,-9.744417910764103
4839,62.75471641019663,-12.77371455413202
4840,15.325160564851604,-14.396141313309052
4841,10.200592075089187,-12.049555880370043
4842,46.97771850305952,-9.799665115152523
4843,34.82639871438229,-7.716136146116803
4844,31.967396274967406,-12.646142573660057
4845,63.41282365389345,-6.466450332257989
4846,13.93284797940999,-8.206688726886547
4847,11.46669115329324,-11.98436657234987
4848,68.64427020140458,-6.466450332257989
4849,36.89362071095235,-8.602882544642853
4850,24.833757819234805,-20.307857379338756
4851,48.289557781094494,-7.716136146116792
4852,15.640985423305276,-19.256425453661763
4853,60.65240855585152,-9.238147092696469
4854,15.385954650946164,-18.63765986054543
4855,32.71224392086835,-10.34078074527276
4856,49.63800946868455,-8.585138251385827
4857,18.439372232881436,-10.189170799838731
4858,17.46561677264784,-12.150119717560425
4859,89.30031014988822,-10.128196694815061
4860,103.20574311749282,-3.7630439387617565
4861,4.892004625770374,-20.01575210566514
4862,33.876228458694136,-13.87626043905369
4863,34.150234128091505,-9.99617396411303
4864,23.015650088811658,-7.818693697823353
4865,39.10749025852329,-20.493528634970094
4866,24.456372858505105,-14.028131407476007
4867,33.51818397362509,-7.716136146116792
4868,18.47900045828097,-18.624706022535598
4869,79.00076505820199,-4.509762853135135
4870,14.232946913912503,-21.44733056042707
4871,74.88349245573858,-4.273084780056335
4872,6.44193769333381,-17.929259425295662
4873,43.54119446424871,-7.716136146116792
4874,51.87228348671689,-7.716136146116792
4875,21.368635352540743,-16.794066172399113
4876,11.410043305929474,-21.480743109801935
4877,42.6856234331676,-13.760472739994245
4878,34.85042637353706,-18.81936445626302
4879,66.03860893557174,-8.299335884143344
4880,47.772228855966304,-7.716136146116792
4881,28.763006410827142,-8.255924822213101
4882,46.37979158199861,-8.784564303997811
4883,29.13279316166575,-12.893145775837434
4884,28.261920518177153,-8.413793055136287
4885,17.98765486535361,-19.980698242170924
4886,0.9414554433853084,-10.343587702600288
4887,20.653327413721634,-14.88480085357523
4888,39.181843502308354,-11.74080450007603
4889,-19.904161147565112,-24.20569141643614
4890,32.93674030258052,-14.023189382638535
4891,41.432618912889296,-7.7161361461167814
4892,37.90542850513354,-9.574393534949344
4893,38.04522816445311,-16.203673031379928
4894,62.75010444155713,-7.716136146116792
4895,7.945625125280897,-12.697464875477916
4896,81.2051725557472,-7.7161361461167814
4897,7.319232776579709,-16.290457117213254
4898,28.04113296696724,-22.434145709474794
4899,31.64320513492216,-7.811680833519996
4900,39.256897067038295,-9.273094623270161
4901,62.58314305486687,-8.357736513020608
4902,-2.7677026028362084,-21.6975899588438
4903,-4.688270347630697,-16.944816639686266
4904,34.665812619436245,-13.908778521745246
4905,-11.016791802444958,-19.86605121250279
4906,-0.0008641819472132717,-26.19302766104391
4907,13.59113033330177,-14.516032487068852
4908,32.63290203174161,-9.209709124694832
4909,44.01980350256669,-13.228518703448632
4910,11.24375616028197,-11.408947359682609
4911,38.26687408301388,-13.278019170143573
4912,1.2527977975607119,-13.04070496480849
4913,15.348270357102912,-17.92237415269141
4914,20.857179212325327,-12.732426128173458
4915,0.8001338941497016,-19.405827400921382
4916,35.66208383962424,-10.532009232587392
4917,71.66478828389522,-8.824403165087292
4918,-14.58945732855421,-20.21698088036128
4919,-10.161006261690165,-16.40922702915174
4920,42.94462488312294,-12.684935831604571
4921,32.586349436658836,-13.489827261382793
4922,81.51794377940249,-9.421093406251702
4923,-2.885079283130043,-15.832351040911952
4924,85.6543791197446,-9.986158903738684
4925,38.353130793419375,-12.445241701743138
4926,88.73062803232266,-7.2552040377044875
4927,38.55250148002052,-8.110219020117459
4928,11.448201594783747,-10.146759919535365
4929,40.804038751283734,-9.986158903738673
4930,13.466086966477796,-17.547999207649077
4931,31.754913001279238,-10.241543066445358
4932,15.995911519491003,-11.595757946989838
4933,53.47771263034913,-9.08060470670824
4934,-5.141509327674532,-25.20781279395079
4935,36.44540692317033,-12.298909049237604
4936,4.2087414204538875,-16.370239330680402
4937,10.621592721971872,-21.656679420757598
4938,46.32645253794667,-11.255739655204533
4939,4.466122115411819,-24.607159629736298
4940,17.533390657819847,-11.518640988800078
4941,27.03648749054659,-14.749134336831727
4942,32.35356912291132,-12.204092245808141
4943,54.37577301608214,-10.830891506309559
4944,41.253836692708056,-13.477968536449847
4945,-5.8341762481433745,-17.884395277681353
4946,60.86739502460337,-6.496066959072888
4947,50.59867090394303,-9.69215900946706
4948,54.92001233381063,-14.485272671572647
4949,22.09819621742044,-17.23162323255466
4950,49.82919078439523,-9.775836514780023
4951,54.70044766736917,-6.966794146442979
4952,29.01333473273735,-11.775255832297004
4953,38.049940945763524,-8.184743453488675
4954,38.49536584194435,-10.213780720188526
4955,6.296866836750303,-13.29138719627766
4956,49.87762828764966,-7.181864211696121
4957,40.67424307901766,-10.310435620911107
4958,-17.30731859877568,-22.705513181452574
4959,56.21192767257761,-10.548661826459128
4960,39.525216484714946,-11.696458766141271
4961,6.404560852700603,-16.78369730994217
4962,35.11697830956797,-7.7837342694237925
4963,33.01655843149385,-11.26746471939909
4964,48.502682595386545,-6.466450332257989
4965,18.204945591199785,-11.518640988800078
4966,57.546415560634046,-11.646958365029093
4967,50.64775157410559,-10.794224999401925
4968,43.37490526193761,-9.533881061985095
4969,28.212556544348864,-10.11341794651609
4970,53.846012435897464,-14.898348174105358
4971,16.668003128518926,-12.19787178213032
4972,71.1559819452147,-4.273084780056335
4973,19.14555296591689,-12.348687002742276
4974,31.992248885775588,-11.487009007251148
4975,77.7086888281145,-10.390861444144427
4976,19.109850600976852,-20.385912911009253
4977,15.944616506200626,-13.56029811726096
4978,34.70351773515634,-14.974177971866865
4979,23.04404063673968,-17.516653668725578
4980,33.56312394831868,-14.75158787640336
4981,-3.4679955710488986,-18.46247370207402
4982,46.3451043771838,-7.684463585473933
4983,18.85144329543662,-12.290253115102667
4984,-16.86488332194437,-22.36504981186713
4985,34.127756389117046,-14.836884721979482
4986,11.1499293859048,-15.522755861925397
4987,21.155132093082063,-19.290205644866777
4988,17.489255908312206,-11.214449770989976
4989,20.029110363304103,-18.4679728746764
4990,31.280298972261566,-15.813153984237694
4991,46.684691852362235,-12.898594592244027
4992,70.09813293093163,-7.865767283557701
4993,5.459004562590919,-14.920375943619446
4994,60.82593883953773,-7.192598849738507
4995,51.96575330641255,-12.698344284443685
4996,31.124215197851136,-14.740405214009522
4997,48.5576718287261,-10.713146672182571
4998,30.52206287593919,-8.178403067160357
4999,74.86898227334085,-7.716136146116792
5000,50.565180653025024,-15.263077793713698
5001,45.6612353987401,-13.389085927446253
5002,31.908441179429946,-15.890402616290544
5003,11.441809165716531,-10.360367821118732
5004,57.27214035460977,-9.580259050875517
5005,52.48057349910802,-9.030808154492531
5006,15.080802850761742,-10.522278760638192
5007,34.55066665186137,-7.716136146116792
5008,6.136520332518947,-13.683666522505245
5009,31.872775303745883,-10.405402681960819
5010,64.68191380634984,-7.2670152747286725
5011,13.046407377071901,-13.389076202861839
5012,45.68761723493719,-16.985599102902814
5013,39.39604770850635,-8.752617143753017
5014,59.06888579542677,-10.602941857784243
5015,27.101059587547603,-8.487899857616089
5016,5.342760703088412,-13.562468940946381
5017,29.46457624774115,-14.145778357986261
5018,31.113300232314735,-12.341531932577588
5019,63.642613487471024,-6.466450332257989
5020,57.197674219987825,-6.373247278637639
5021,41.81071306959356,-7.716136146116792
5022,7.841239613720541,-16.084394327160446
5023,46.77625639296286,-13.07824673249225
5024,10.434176671507188,-18.838440212437447
5025,23.43434825307371,-19.720189976463352
5026,40.68634755065599,-17.064864393946323
5027,5.247647977875314,-16.699447946551558
5028,2.9140104275351186,-12.082224881879167
5029,19.647833277094897,-17.984120300950735
5030,21.34284219767819,-10.737164554292445
5031,44.527521191144935,-12.842400728580582
5032,-1.297910485437792,-18.821167535470916
5033,14.177506957613794,-13.969668066045616
5034,26.55192639208046,-12.322971576661867
5035,31.748055365830652,-12.335355379649936
5036,33.13631886744359,-16.836984957520894
5037,-2.3200044092165806,-12.743446710837848
5038,15.304772116658881,-14.820844532552202
5039,1.9217315537250368,-12.393096997751185
5040,52.29517740874363,-12.892874590217197
5041,36.26506879517484,-7.035923349702244
5042,28.999972543679988,-9.529084828682688
5043,68.89948546884574,-14.399385871834047
5044,59.29779094942567,-6.179268134815164
5045,19.20686374909646,-9.863796783880318
5046,67.6352236187592,-9.51996710019637
5047,32.259352184943694,-8.566135568718348
5048,70.71685228835956,-7.716136146116803
5049,64.14776069127126,-10.32044777787946
5050,13.878183957559663,-15.766253662661533
5051,61.51517673325777,-6.466450332257989
5052,19.280980880387965,-11.30718208318241
5053,51.19495459576457,-7.97161901963478
5054,67.29745389322719,-6.614492885878464
5055,75.86654823420807,-8.459355070101038
5056,-29.53311119374633,-32.48454063743225
5057,64.33878670674468,-10.453829062592401
5058,22.256969329657018,-10.42771004520764
5059,15.007634231524559,-14.831612698194485
5060,60.377889798656305,-6.891811706867612
5061,-16.296434699298768,-22.265579980594907
5062,15.66205067591262,-12.984912368096403
5063,10.439417849111997,-17.30273510630511
5064,10.558312926313596,-12.220799222885613
5065,44.3563289203118,-11.539993221808542
5066,28.324121070620123,-12.241357647673645
5067,23.93541515240809,-10.329499566206014
5068,61.67767245799587,-6.466450332257978
5069,0.5454455442856831,-19.045472087131976
5070,0.6722410020945757,-23.829907622137537
5071,65.15146952293192,-6.6697750908131015
5072,37.18881970236485,-12.548085249186446
5073,20.66264804199116,-10.683493060533655
5074,22.064046407273263,-16.115338599512118
5075,16.01602135636371,-18.669796032115226
5076,38.926936345090745,-8.56043764366403
5077,22.464423338541394,-11.347137545551277
5078,12.223910940653226,-14.39724046578127
5079,46.367722811275726,-8.869055992090392
5080,10.959652981217127,-21.140957878884514
5081,38.79653029138703,-10.32044777787947
5082,86.78260940386477,-4.47964619151292
5083,28.58998650576283,-12.543503164611113
5084,44.57437570632188,-7.716136146116792
5085,82.69212277271893,-5.497738241226724
5086,6.018035056245097,-15.57543369953539
5087,33.41445658365634,-15.495926869625388
5088,20.298874278859014,-13.403905040283215
5089,21.125380169904794,-9.777313542741872
5090,10.12370471610582,-13.664024332289237
5091,30.744723794967776,-9.944772836370152
5092,-2.310101775330553,-25.443630669751627
5093,68.44836819688436,-7.716136146116792
5094,27.01985892027501,-22.118438633644054
5095,45.68308509004411,-10.007245282809652
5096,27.945798964583357,-10.371114476210664
5097,43.82348697314376,-14.37768584460597
5098,31.364964206854463,-13.844177103748223
5099,49.171967133085005,-7.716136146116803
5100,14.533188192515967,-19.76626951357683
5101,23.02661551836764,-7.88426506710147
5102,53.33577300152661,-6.75946113914031
5103,44.01913383177853,-6.466450332257989
5104,11.254687076236891,-15.10776188889692
5105,20.11533974870776,-13.573550124501887
5106,0.13227997098252953,-19.36846448166143
5107,28.61354725331495,-13.870295889348604
5108,25.33648771783803,-19.006146306009754
5109,50.56264929279932,-7.716136146116792
5110,13.622208169658666,-15.234773008223868
5111,30.90642330579918,-11.189766294866777
5112,7.949229660934853,-19.452515501318945
5113,35.16382581333768,-12.133067706380318
5114,76.508408723722,-9.972797525677212
5115,18.767061931619477,-13.848985275369884
5116,0.4264823727891276,-15.719395988713414
5117,84.93264086301038,-7.737013679468885
5118,-7.324926979616908,-18.829164337019154
5119,90.9236532456743,-6.466450332257989
5120,17.222514576726855,-10.782564074483524
5121,32.99295310632904,-9.831531057684373
5122,10.18281234596885,-20.70855377513663
5123,50.5369129060566,-10.556801715636855
5124,2.4245504186251043,-13.419183924949163
5125,18.453911585584425,-14.093518891562473
5126,31.893332344243852,-16.756007406312623
5127,34.51439727585823,-8.505207042004582
5128,50.554854789637595,-8.929989026244678
5129,77.4782700535057,-5.88166225810427
5130,62.77002955066755,-7.875330661004032
5131,24.677529396525077,-12.257067754148842
5132,32.42645968120106,-10.01466104387333
5133,45.23848085117417,-12.090068967854384
5134,29.330347449197202,-10.526376865636578
5135,13.734610388492552,-11.888601065855598
5136,12.458889376401272,-17.157592383173093
5137,33.073321786693334,-14.68769734786991
5138,13.487206535336572,-11.813817871152743
5139,-9.876545628412071,-18.713491342208222
5140,1.2239973983875219,-13.66899761534629
5141,15.892351359312906,-16.99216894389377
5142,43.03964734114176,-10.620646498633912
5143,42.650106085953055,-18.238280183271016
5144,51.137870621273684,-8.533942798459758
5145,45.27267396065917,-11.769266300321945
5146,4.001366252744876,-19.606768023675603
5147,44.27365416397231,-10.48264744266053
5148,21.717237331584037,-10.952137345116208
5149,44.29401212224402,-14.868015905112507
5150,15.75125776243247,-13.372232612565904
5151,43.68417744701658,-9.360072658482677
5152,76.36664999928257,-9.3078149902305
5153,19.934086710093535,-8.66379097247072
5154,37.27065413562853,-12.991770724348362
5155,32.61076440825508,-15.984688352643662
5156,-11.33983731706627,-25.485274894062325
5157,7.563928837735823,-15.868649125404378
5158,33.418316053849125,-15.441426117897784
5159,46.061526294762814,-6.466450332257989
5160,22.755695986488455,-12.401980807775493
5161,68.79213927016568,-6.618009280581272
5162,52.46775986855321,-10.499846457907324
5163,70.04291347733688,-7.716136146116792
5164,32.76763559733582,-13.376323680387426
5165,39.902787799467944,-12.232030038498642
5166,58.411084132833494,-5.407397238338141
5167,-10.287110267610544,-21.901971146915578
5168,72.64830549494414,-9.55772724633892
5169,40.571473486054984,-8.673840770368024
5170,33.84358473139984,-12.960408553379931
5171,21.97030384713856,-18.353042896955774
5172,2.5647083934406956,-17.755478111462075
5173,29.437590201697606,-9.702846828609035
5174,61.7172784980214,-7.728433728328509
5175,23.502291915713247,-19.534957693054423
5176,69.14828328842069,-13.309585728476414
5177,-2.9149513919999426,-15.551809720039
5178,78.327638944233,-11.43468743205699
5179,49.750322592909235,-11.506132972301653
5180,43.98218755425709,-7.981055996846909
5181,42.667975062135575,-10.342114932134706
5182,75.16102357760266,-10.31072995015454
5183,8.14682455536413,-16.313864706645287
5184,0.524174275433209,-30.23176207058712
5185,27.55294618522224,-12.389187519278199
5186,87.19331960576314,-7.716136146116792
5187,25.362875179799026,-12.595832181039302
5188,-9.989554995995963,-20.958715957369623
5189,52.41662038599875,-8.255983719317717
5190,-16.55980425644121,-19.501515310908747
5191,16.522683070464428,-11.32999200695174
5192,5.220376080012912,-22.110998668850957
5193,41.011645070976456,-13.670019838267699
5194,40.153665828326154,-9.702223585024605
5195,28.55176239218462,-14.582845204436456
5196,11.307168469230632,-16.836879510328174
5197,27.317307742282292,-12.712080146734461
5198,32.84072169451198,-12.011190778034464
5199,13.7727198961076,-13.619135571901586
5200,7.7854993974394215,-20.774602349917515
5201,28.122349323008056,-8.704100248927471
5202,73.00689794457635,-10.51049074771223
5203,35.16674516131666,-10.32044777787946
5204,44.43214393136614,-10.01960854459435
5205,34.19931273197749,-10.522278760638171
5206,5.440590329117878,-15.91396530382202
5207,40.9290050611423,-7.814276498921025
5208,31.20963565381596,-13.13530160753158
5209,8.85283283175955,-11.688750434946527
5210,45.96786559970623,-16.42364830880535
5211,63.82861303901357,-9.452651061228835
5212,-7.382317376041914,-25.079174836929376
5213,7.32636413988641,-11.73309895370982
5214,55.064252794841416,-10.193082095131068
5215,72.57686349285581,-5.274685604704244
5216,18.997184732613405,-14.50165232950683
5217,30.25728628121196,-10.21912106487064
5218,36.75285556709768,-11.004816414459873
5219,29.411407704666015,-12.686543532755202
5220,59.697694002196556,-6.466450332257989
5221,-1.0677215626105796,-14.950014236745812
5222,82.68167524953573,-5.001856799337235
5223,-27.00489395575444,-37.18281338306427
5224,10.984220451295212,-16.876577251861626
5225,47.27762639622646,-12.137945246159221
5226,6.436633656649704,-13.954924869489481
5227,36.03586845478453,-18.05710175130566
5228,30.78475657316382,-15.009574088951283
5229,65.14980449347445,-3.7630439387617454
5230,48.34582284096878,-11.751837041882784
5231,82.11031602620258,-8.45639501150497
5232,16.567866811662114,-14.796841538701933
5233,23.178545213613468,-19.729737056384277
5234,17.831288799663092,-10.152147262323485
5235,44.85441439956554,-15.668483547546208
5236,26.835742219437876,-13.676316661496413
5237,62.80229928500949,-6.466450332258001
5238,29.880839387221148,-8.485078384246025
5239,54.361603834623054,-9.96140840834352
5240,13.403662045061559,-13.087953377253125
5241,17.744859403164746,-14.292901958513449
5242,63.74910865251338,-7.716136146116792
5243,22.717612010580357,-12.636472099382623
5244,56.29263464449294,-7.41042826326127
5245,56.90659292381592,-7.446344220192347
5246,29.38229676044606,-13.612514863269809
5247,37.29599255934859,-8.526612930665278
5248,-0.9808161331283594,-15.938629719615594
5249,36.557709473266065,-8.243855935669686
5250,65.17159172549498,-5.609388818665407
5251,41.842942120863526,-11.767306601154537
5252,60.99475376818943,-7.94331852718938
5253,2.572281781009478,-17.75909922282557
5254,25.13481265484465,-13.798835963289669
5255,56.066824034292594,-8.359164453076506
5256,-15.979741861473384,-27.263724773902474
5257,30.695631866318163,-12.786672091907647
5258,2.2301134611882656,-17.87868295769939
5259,-0.7726781618487832,-12.369349899790016
5260,72.03542687803235,-8.526953462801512
5261,37.13099683437109,-9.978163025720477
5262,12.341198021609001,-16.55483524858078
5263,69.225838683141,-9.685070505118809
5264,43.874779722854875,-10.092727645506095
5265,49.25080674492577,-6.466450332258001
5266,23.2758624121278,-8.56404844601938
5267,20.624605073321,-8.980082256518518
5268,15.923042714986192,-14.89597501830302
5269,13.326744091976273,-14.385029760917734
5270,37.380571044664926,-7.676094420674695
5271,63.729551802964025,-7.716136146116792
5272,19.151316101632254,-9.440357063131444
5273,6.024896025088866,-26.598788402354078
5274,38.67781323695514,-10.556801715636865
5275,24.975551750910284,-15.017611492470074
5276,39.078717412596255,-13.528439897811372
5277,24.598318610841787,-13.608413094611304
5278,20.428918890416004,-10.115921568424369
5279,66.83347655053116,-6.466450332257989
5280,-6.305796586260226,-24.818879492158352
5281,27.368061459219195,-17.495400599917687
5282,57.33684553225969,-13.840993990341143
5283,33.722642431690474,-17.16544605369763
5284,24.295850477123505,-12.162730022919577
5285,34.96119629789361,-11.497345238784318
5286,-15.467857288822074,-25.39917549657703
5287,43.28477666946631,-7.981749055661669
5288,57.81262682741715,-7.195647121589166
5289,9.855969623027217,-22.185784325791403
5290,23.096014040801972,-15.055519887615931
5291,38.03982263724457,-16.346323550809018
5292,9.80539043275086,-14.483132247253094
5293,42.18594166220993,-10.522278760638182
5294,28.778310864653168,-11.18301718228195
5295,50.98499957235543,-7.716136146116792
5296,20.653815335058965,-17.005160886440052
5297,31.395325258984876,-10.705092157870212
5298,52.48870394616076,-13.109030903527842
5299,51.84850229628031,-9.543977281006866
5300,39.17879071066261,-12.088749784847552
5301,28.69211483065781,-13.88064114233588
5302,40.35509185974453,-7.716136146116792
5303,25.048864810034743,-19.13781980896575
5304,21.35840677736529,-8.863963493434712
5305,69.53448230415118,-7.716136146116792
5306,56.953015079714355,-6.466450332257989
5307,77.46040525000643,-10.99601401781779
5308,76.64459235634243,-4.731208422495303
5309,-5.313632174574279,-23.866933455403526
5310,52.86424715097107,-8.459355070101049
5311,38.329314861684026,-17.371998191328576
5312,0.6631387006957201,-24.19811485038722
5313,36.280559734510895,-12.02815855694479
5314,77.53570353842487,-5.007271462401008
5315,-13.191990989122704,-19.630765848127297
5316,4.4334287610820144,-21.309503927162375
5317,-19.99052694094138,-27.89343093636525
5318,31.410299717897637,-12.193762068868985
5319,-12.899505523158282,-27.13611908517676
5320,36.23247595520971,-13.210980448905662
5321,48.712120333637564,-8.454019144348536
5322,16.20494608086256,-9.927746527501725
5323,28.963359267563437,-10.155561334673624
5324,63.6606304321863,-7.415289695150573
5325,45.226533842690465,-10.974029923928653
5326,59.215921466560914,-10.81548364132815
5327,42.04590039623086,-11.774669323537147
5328,53.0673000348749,-7.716136146116792
5329,37.05735957428615,-12.087581018899984
5330,18.004194432237707,-11.762265377049985
5331,93.55463113146068,-6.297786455116006
5332,37.78486693089664,-9.11140782437192
5333,42.36410194130755,-10.439596707707565
5334,23.79790632382377,-15.144409197191289
5335,2.457923721637889,-31.67987013776442
5336,2.514018851101829,-16.394170861915157
5337,15.215462766801547,-17.795633262643594
5338,54.75397472215431,-8.305556908920941
5339,34.622027737903,-13.121520563878864
5340,54.25793135943371,-8.596639352631497
5341,23.82643637903683,-11.518640988800065
5342,31.576207929182253,-18.400186969127365
5343,13.899084840728925,-15.861833549384475
5344,27.65863078137638,-13.433116909230625
5345,53.79748951803818,-8.31338939063835
5346,24.557385691968612,-14.490470785216436
5347,15.223924587867721,-21.096597389956706
5348,46.66006108955732,-9.824868780464424
5349,51.130875534888595,-12.88134264909967
5350,23.72893523442179,-5.353833798875374
5351,36.48529300035656,-12.515781533865045
5352,88.58716591935121,-3.7630439387617565
5353,14.577429847655532,-10.373618051774757
5354,33.60654472963518,-17.59229910095106
5355,64.77770267994036,-12.756725304881522
5356,9.982208153226768,-15.242992307706704
5357,5.919669110094472,-14.353657719844392
5358,41.63100982450709,-10.809226710222708
5359,40.64064151140503,-7.492660908449977
5360,32.88030993022544,-17.943862199526215
5361,30.321531931692935,-10.013153255816187
5362,14.258644646909469,-20.928199039552286
5363,48.68602004769009,-8.217458622869279
5364,5.562265373182496,-19.52023356138608
5365,5.5400154364589005,-20.203599248945025
5366,-14.016432080158857,-35.19741539693041
5367,71.71924957475272,-3.7560239823366426
5368,71.89842491664764,-6.466450332257989
5369,-25.900406762828844,-30.631577884143724
5370,32.578327759670955,-8.02085765540479
5371,50.18726379386087,-11.642227778203651
5372,70.48516527557065,-11.659503886904998
5373,-0.9067526528480196,-11.575185342969785
5374,63.89154959390133,-7.716136146116792
5375,29.405565991949057,-13.71437702858903
5376,-14.848451438499332,-24.188591925882807
5377,-1.1336479199912097,-22.09333393067846
5378,76.20896091032365,-2.712267144250635
5379,8.595583653816519,-13.535727837543742
5380,13.279957243278284,-19.623042638526833
5381,23.231458980130526,-13.03324155406722
5382,37.24202332385131,-11.02161666075876
5383,35.23283723417501,-11.506130124087699
5384,64.7484186182035,-13.919391446923912
5385,41.82764411143427,-6.8979681951836564
5386,10.477728983614254,-10.356439001194651
5387,68.40825322617454,-11.541575875299381
5388,62.51770239471921,-7.927475213072688
5389,13.096348109854116,-17.82102399307004
5390,24.23594168448624,-18.380420005769572
5391,50.556295655357374,-14.581995016455608
5392,78.81745949717482,-4.373138192561887
5393,-4.159897639341647,-21.792526182195836
5394,65.93688231711346,-7.716136146116792
5395,31.252612987501504,-9.986158903738673
5396,29.592094546740544,-13.014990527625736
5397,49.013548682003915,-8.77771498213239
5398,22.554216711320475,-14.135844302363532
5399,8.358607706239262,-12.023575790209184
5400,25.387268249798332,-8.36357702473719
5401,32.492505041836694,-10.587662018286414
5402,55.81158538408384,-4.373138192561898
5403,45.47049752370922,-9.011487016142272
5404,72.0756691189461,-6.800848083992294
5405,30.349067122170737,-9.03617758639731
5406,84.02538934609973,-8.555894735419734
5407,8.390461387696678,-20.01249959501987
5408,49.94932122711686,-12.40520175423051
5409,32.46129072927213,-6.931611644982971
5410,-0.7108438464596079,-15.223276597588631
5411,42.53180506300542,-11.020187674304548
5412,104.9263192185292,-7.716136146116803
5413,66.62798535389018,-7.97161901963478
5414,41.021902460010715,-10.019563646968777
5415,6.993774007138676,-14.509139303865826
5416,38.31795516170806,-7.777637706353335
5417,61.43139821441497,-10.472420867174915
5418,36.20667061440401,-7.320249320099858
5419,22.309405545559336,-13.322517742371664
5420,41.973096574200454,-8.985919222902162
5421,64.20868880810775,-7.280933778967757
5422,10.654063243378808,-21.98847684244274
5423,12.559907641134306,-13.452766974889652
5424,42.985452895385514,-7.885126000778609
5425,12.878331470915994,-14.493147767702153
5426,25.406061612098284,-11.125511276937738
5427,35.652282856497465,-14.692555910568739
5428,50.37520228590826,-9.757743983692247
5429,90.60784117885925,-4.2730847800563465
5430,49.77904691076689,-8.905068755210255
5431,10.2206926507858,-14.025904775231457
5432,17.038602511321322,-9.684701932246508
5433,19.63695988788654,-14.070691623423281
5434,40.30008638376164,-11.188818491325492
5435,57.01235951681567,-13.04739919313601
5436,56.683745341615044,-14.177884891515525
5437,15.888346476426918,-15.830868757949368
5438,10.415066921680038,-12.477338851134734
5439,48.78380204572714,-7.110899713365503
5440,25.197696662717274,-8.127000348598623
5441,-8.72320020365983,-25.104656420864803
5442,58.309299382697574,-7.716136146116792
5443,24.648099389000144,-10.693848522891415
5444,22.60483082301443,-12.981068830158582
5445,51.89300165006059,-11.004816414459873
5446,43.169683302950126,-9.34234290055942
5447,28.40022518418359,-7.934444926646433
5448,60.032705337934075,-4.3731381925619095
5449,45.184120409700746,-8.459355070101038
5450,27.23936475128643,-15.408965539853636
5451,64.53660577965404,-6.466450332257989
5452,63.99205541718651,-9.227173356217799
5453,38.289093117948944,-8.675072475237222
5454,32.26277783928631,-14.229876824577591
5455,-30.285991987974736,-38.931353781537325
5456,47.98795825210627,-10.834236054337222
5457,2.378322634181429,-26.24559623111493
5458,52.587549509614064,-11.129528979656023
5459,45.76218292772762,-12.844498172013585
5460,46.45589754116581,-15.506838917799337
5461,-20.158182230821943,-40.56164509408801
5462,28.153264399078747,-15.548956153450245
5463,26.444491952246384,-7.193355735425422
5464,23.049026179157963,-12.750817898702326
5465,30.942562872932445,-8.18276372005996
5466,19.4300064626729,-18.793283217590893
5467,44.0832467573232,-9.16083467740365
5468,38.58112932271944,-20.81112363231128
5469,36.32730440195786,-11.353126461894636
5470,37.70643268859186,-7.592917772627272
5471,72.55467368976136,-10.30176148067834
5472,52.756578582587224,-7.971619019634768
5473,-8.015726918656885,-22.064801389036038
5474,28.478154758442308,-10.858482228974564
5475,26.638738585089495,-11.836159621213671
5476,23.366967902210046,-11.428936712874416
5477,29.964263141001734,-13.927180231233605
5478,27.880507772640307,-11.488273478251498
5479,-28.57057611721907,-35.504441761641694
5480,23.88178185264309,-11.64526579345112
5481,25.512720419895118,-13.040901020011276
5482,68.13823106795152,-11.02018767430456
5483,32.081746818757864,-9.886360325736398
5484,39.86907620702442,-13.579686669113622
5485,-2.8782052085450927,-18.902592611695102
5486,30.196801269970553,-8.31338939063835
5487,14.996173455195283,-18.469728239340743
5488,-2.548717601531325,-17.011479586637858
5489,52.165740600706755,-16.97053787381808
5490,31.82430347875107,-10.787965795445897
5491,33.46729156232011,-7.620788579574134
5492,-0.6738300862221713,-28.960979348776096
5493,20.748336707868997,-12.588144347262675
5494,53.657497935281654,-6.613238234302344
5495,48.09427227397871,-17.495134727003382
5496,42.51122462307022,-10.041703795511747
5497,38.805276922601365,-14.672884612504921
5498,13.319641290828876,-13.633144277918385
5499,80.68220944094504,-6.466450332257989
5500,25.26826145086154,-8.536483913048176
5501,6.8213780144083636,-12.375246050636745
5502,84.99802670397531,-4.373138192561898
5503,26.20359233265752,-14.863039668556087
5504,5.0844743913419865,-14.035396101553344
5505,37.435615474127125,-10.906743420417254
5506,33.23460971532517,-13.947881362258862
5507,16.073115541864436,-12.383568567756653
5508,30.02159499211818,-10.15286309867337
5509,60.68536841220546,-7.430489583395539
5510,84.95209728054898,-6.466450332257989
5511,33.152959594988694,-9.986158903738662
5512,37.386659748382826,-9.265432479911318
5513,19.226417083105662,-11.839115329147598
5514,11.429642575015864,-15.398668065668575
5515,17.611170809903708,-10.988512179205468
5516,-14.12375531217781,-24.697742883223583
5517,92.97393842505464,-6.466450332257989
5518,47.31802318308374,-5.811971236790637
5519,43.332631991135415,-7.780951437655659
5520,23.72572329927869,-14.309907819298374
5521,26.202805279144425,-15.726921055613108
5522,13.007433313287153,-17.257136237951855
5523,47.10878407012804,-9.999457078500063
5524,14.323236392910799,-10.291289662408676
5525,44.366486542548934,-9.006759117683394
5526,52.89868907018216,-4.938451549919087
5527,54.03008214322447,-7.7161361461167814
5528,34.60993816944069,-8.87410908901577
5529,42.2333859953415,-5.671732300955668
5530,73.78972767539558,-5.833562876735754
5531,43.40140290870775,-10.20605170471237
5532,58.69560684532094,-7.716136146116792
5533,66.73586243309155,-11.374312529746222
5534,10.796846811929829,-19.427481624076105
5535,0.8213711741296814,-15.6113854216961
5536,29.50570276757698,-8.972252193820351
5537,35.13902271949003,-12.046790758999748
5538,58.67437436386249,-12.990266389254712
5539,42.460516623214616,-16.64489604522207
5540,37.357525603816775,-10.794210115382208
5541,97.22772367361532,-3.563656885401101
5542,41.230492549552665,-10.146759919535365
5543,55.022366071587484,-10.625005581012736
5544,45.504859654201255,-10.195413714660573
5545,33.906152584987325,-13.030788826588724
5546,34.22129221887032,-14.435263161990786
5547,32.4964357668903,-11.777828853366968
5548,112.87764328014723,-4.120443904152027
5549,34.66569739976369,-11.40005101215127
5550,33.43523015507719,-16.027688353405
5551,37.01014303841519,-10.833730925167107
5552,33.60671643476492,-15.622213862762068
5553,25.836674555332117,-15.132738222786934
5554,28.477685450344836,-9.62490197686886
5555,10.621362989705174,-11.290523324013456
5556,41.533208883346376,-15.298119130350408
5557,32.0028804138365,-17.27365131406311
5558,18.184576452196886,-20.37691388667644
5559,21.93306139228568,-12.89437070776368
5560,54.08557355395829,-7.776055798865422
5561,52.04488313328428,-12.02126045691223
5562,-18.24516246494181,-31.522685085515256
5563,54.91769726557867,-7.716136146116792
5564,27.029220473323925,-10.447996879535083
5565,73.40430752493212,-6.804993464541608
5566,66.31545911083809,-5.821315639142721
5567,33.89598789331978,-9.539919960520226
5568,32.98879556551428,-14.836884721979482
5569,40.161177554597735,-10.40305786341773
5570,10.168868981501689,-9.022834010643422
5571,47.897399205861646,-13.525167502078695
5572,-1.0386840249914875,-26.25966459384331
5573,21.3925317026626,-9.941551667074721
5574,44.45135746542157,-9.307616991155998
5575,23.923348614227248,-17.138664763181932
5576,90.57461001520338,-6.46365177681213
5577,74.71716384609776,-11.388197991070271
5578,35.204738868921105,-14.418486877518689
5579,7.51883444527619,-19.09727924807307
5580,21.211144412840845,-20.064814178306158
5581,45.37568419413065,-7.6659144224351605
5582,34.41703787202777,-13.134714113962076
5583,62.589650206652614,-6.466450332257989
5584,55.65388271602847,-7.716136146116792
5585,36.62472825396943,-19.22656629543942
5586,20.499268475667698,-15.953342099837354
5587,-17.669066209435158,-26.916453739296774
5588,18.38593142719973,-19.976685896701873
5589,61.52770151060314,-10.32044777787947
5590,27.8870556614911,-16.325161630172758
5591,61.24571076653667,-12.96609074997458
5592,52.01325183403822,-8.071107228631401
5593,23.681271125962876,-10.828617216918657
5594,33.232980064764696,-9.188258962330998
5595,28.520826748954264,-13.517383498484904
5596,-12.538094872900107,-33.34399314973362
5597,13.55049297047779,-25.992220081004845
5598,62.59313489141054,-6.466450332257989
5599,26.659505738076206,-15.239312130815163
5600,7.460451854589345,-18.793656850111915
5601,22.3988527137041,-19.52315676612597
5602,10.530371255969406,-11.795921976085655
5603,28.635048164535792,-16.062754172427006
5604,21.66492069299981,-13.548674154454865
5605,23.325948391317077,-13.194635258085807
5606,56.38125155334317,-5.065318588754475
5607,31.159936865050852,-7.441875765013506
5608,49.70397415982799,-7.716136146116792
5609,68.28076967673913,-7.728433728328499
5610,5.08537483038205,-18.010923062341988
5611,2.3512050701824716,-16.05858467795346
5612,36.403588696597254,-12.811099533330195
5613,67.56736725944512,-12.2461391622383
5614,21.141558280487736,-14.750755306156538
5615,29.83132558572603,-15.044453017789838
5616,5.405207257257283,-12.26967346358232
5617,48.59891658198763,-10.813228123715458
5618,82.69476449442585,-8.036726863120036
5619,70.17374870226445,-7.716136146116792
5620,62.12627543220148,-14.03920032078907
5621,15.82868352823712,-13.502791977969597
5622,42.977765593411,-8.10129632148059
5623,46.975418362935685,-8.31338939063835
5624,29.18374087696678,-23.72618395373991
5625,37.19440844753781,-12.248885844179636
5626,34.54248483260478,-10.651654659549925
5627,76.44680327586319,-6.869454449771517
5628,46.093810904886,-21.155533693497276
5629,40.47596722821958,-12.024464513197552
5630,26.961345636078036,-16.822904131266203
5631,27.81846645710282,-14.836884721979482
5632,30.717761793203422,-14.811840072186177
5633,34.21739990601331,-12.936145645640451
5634,40.7053099145136,-12.02015216926502
5635,45.22906885667477,-11.518640988800065
5636,10.032995012763202,-14.54607369043549
5637,34.252144282158035,-11.423626434187117
5638,14.15944475294415,-15.658125190829153
5639,22.87963085431477,-12.17495624729128
5640,39.13548561586695,-10.443815694360726
5641,40.11469963927632,-14.224389407422045
5642,27.93164197559075,-17.302190104116388
5643,54.53252523134937,-7.7161361461167814
5644,50.01860302638992,-11.6821416884204
5645,4.686496018306863,-17.713703862487996
5646,38.903600956141474,-10.457518835629266
5647,29.072430298433048,-14.231406513917044
5648,2.341817061374174,-18.018678299366876
5649,60.7017296652205,-8.782156474005753
5650,-9.938501500435104,-29.444420140987017
5651,29.037195796123072,-11.407223510403973
5652,70.29381460673739,-6.466450332257989
5653,23.50226928310317,-12.707344109671448
5654,21.269162997764646,-9.986158903738662
5655,37.44462996133284,-12.748003983364365
5656,19.30287379188764,-15.937548584047267
5657,29.34986015120693,-11.691650196578651
5658,-23.08932085239328,-26.01232548966931
5659,30.796738282988436,-13.078317654743742
5660,41.96004599229877,-13.026525267462397
5661,12.013546906511818,-9.538343117606097
5662,41.36861373532419,-9.677418939439908
5663,25.97752579846768,-10.463218207356695
5664,28.610448476406482,-10.556801715636887
5665,31.84750030887644,-17.38623185918945
5666,31.447788986917004,-13.088694808241808
5667,50.30439504137387,-9.288679204458838
5668,67.57768535357025,-16.642562796955563
5669,55.46664256033891,-9.310593052871429
5670,49.339771221028485,-10.359949542558978
5671,25.72768362868272,-16.164507119153914
5672,34.71491199496486,-11.178861336816626
5673,89.97299516339785,-7.716136146116792
5674,17.012593822637445,-13.423896955455161
5675,13.635911260064958,-21.912208093799368
5676,14.449816907914027,-15.892252566810683
5677,14.032720260636511,-10.431494276003772
5678,12.416799149469027,-14.940566603638105
5679,32.49345710615816,-10.32044777787947
5680,25.01490441535552,-13.986265045801172
5681,64.0306603612878,-4.3731381925619095
5682,50.43068366856054,-8.483677120842747
5683,41.37904940524351,-8.786657020546274
5684,38.46275915231416,-10.146759919535352
5685,12.226379902416639,-9.238328720518219
5686,48.28496110819689,-6.466450332257989
5687,22.888742908328787,-12.200962904215572
5688,51.443028419263115,-12.091284748415386
5689,48.82345584287799,-9.868638838191767
5690,25.54344830263804,-12.95206528122479
5691,76.47217231169425,-11.314031254837198
5692,84.43587247584803,-8.623710848548317
5693,12.842320487993696,-23.174051993142086
5694,-18.259823500650008,-24.540790198201577
5695,68.3436885248432,-4.4267880196708465
5696,20.006303213505007,-10.705958908254566
5697,38.52038446592518,-8.001329165890848
5698,37.75266954078504,-9.4786191925747
5699,46.10922182874384,-7.18392276339741
5700,26.966603835595528,-13.831976629320941
5701,3.9534230414464133,-21.268078587483817
5702,-0.9961770971990025,-24.94624741653826
5703,53.05412275774617,-13.229634600754226
5704,33.88596159021202,-11.182457787942324
5705,106.2045731824465,-4.2730847800563465
5706,39.20681156770747,-7.716136146116803
5707,26.998239841961123,-16.946927180158255
5708,39.13189263455863,-8.918680081462337
5709,51.72340467470195,-13.308134427265506
5710,-2.3687493974202,-19.168637622950225
5711,29.87443473816851,-14.37896455343617
5712,11.962093837387089,-12.443736217157742
5713,52.28421395733272,-7.093562369089678
5714,40.80860548533869,-10.426832949828135
5715,8.030354343080305,-17.69745565342199
5716,24.32584743203783,-11.515930129463658
5717,20.551597632509665,-16.672532096154804
5718,44.576519719287646,-11.761499934227649
5719,66.74325880400905,-6.466450332257989
5720,44.373482204349756,-8.99661274079272
5721,86.86117917871303,-7.728433728328499
5722,41.641991614313014,-16.02234665332396
5723,45.56270933738637,-9.859697277635593
5724,29.2749528028029,-10.27208478861571
5725,42.87245594171729,-10.788718642158324
5726,46.01145170805994,-11.659503886904998
5727,21.316346062185175,-11.801466006212525
5728,27.431324065659048,-12.866559028282765
5729,42.35127783703636,-18.917766971454263
5730,20.896541587867134,-15.553019149770398
5731,30.892580883512366,-10.255895413173254
5732,51.99320088110444,-10.986607422289696
5733,42.88887751005828,-10.32044777787947
5734,29.504186137303368,-9.129281849010674
5735,29.21000290674367,-14.635043475633946
5736,24.64451527803586,-13.695128732082651
5737,28.880582790217503,-11.714634552934111
5738,22.53893699064955,-12.980800806586279
5739,96.58278684354843,-9.003330068747484
5740,54.77613385099431,-9.265432479911329
5741,8.61296016647799,-16.678460065781643
5742,-7.730206352176783,-16.20467176038406
5743,25.60004644384439,-10.21912106487065
5744,13.197819424359668,-17.192247633487856
5745,27.753242339639495,-10.353850479353921
5746,59.48914459451127,-7.716136146116803
5747,48.75446812435389,-12.024464513197552
5748,53.23465295246332,-8.851750667570247
5749,39.33498129406778,-15.252054766055945
5750,92.14229385411834,-6.348565148405005
5751,27.137482139503888,-15.299524473894666
5752,12.10736129668215,-15.411512982947784
5753,7.038146090552577,-16.306850949136642
5754,16.006568261747756,-14.160864035463938
5755,41.09676039036951,-7.583211848021831
5756,3.1886247850673177,-9.799665115152544
5757,66.65195989849767,-13.92188864339059
5758,16.597352764468233,-11.360846196241914
5759,9.561995382856736,-20.135285677388715
5760,44.24429873910201,-12.827889874969511
5761,34.53810293148047,-11.751837041882773
5762,4.529119179471985,-9.32791147871117
5763,83.1190165156001,-7.918584713256882
5764,36.83494770432563,-17.921792713012607
5765,40.00108693896709,-16.201921565272936
5766,18.155131666122347,-12.6770559449911
5767,77.98945710688221,-9.439343450212622
5768,29.0633764690001,-11.038739071457504
5769,32.90826849235462,-11.424943636982244
5770,90.6707314670345,-8.829469437045267
5771,29.86666782657721,-7.716136146116792
5772,49.61681504094195,-11.004816414459873
5773,6.103401147910925,-18.701671677096186
5774,-0.7236555933805344,-21.55439075526495
5775,9.290718961927414,-24.734702530358565
5776,17.132129909142634,-23.172460124468376
5777,20.85756097965483,-8.933618391946197
5778,83.81207455697918,-10.727061381141912
5779,5.301132416746079,-11.074294884069836
5780,30.00778237794348,-6.466450332257989
5781,45.451076025562045,-15.818433368527728
5782,11.242367609771154,-16.187167061366516
5783,47.40548903416326,-7.089272547352643
5784,11.07796502319256,-16.23792757311754
5785,33.45670635055069,-22.775062448067686
5786,5.030481251776009,-22.094725850103416
5787,19.263884162755684,-15.71759292083863
5788,107.58758310354537,-4.373138192561898
5789,17.415364639250818,-16.148730982713467
5790,23.23699474361167,-9.72113407137819
5791,29.249940711647437,-13.324784977965043
5792,-6.324485803274593,-17.527058730524935
5793,44.33956840838951,-8.341456555880066
5794,9.235244409333365,-11.479890121709968
5795,11.496330417026336,-13.516430463555452
5796,38.994922359693305,-10.792637402245997
5797,47.79643189766423,-10.73944421731008
5798,6.1798611380415425,-10.37839788359779
5799,42.87210611056773,-9.517830710610397
5800,66.46579558147505,-9.214010428122265
5801,42.55778172904743,-8.073924479692817
5802,27.325190690226453,-9.049130048078457
5803,39.36289792350387,-13.41860353881602
5804,39.6491449570457,-17.611030299843613
5805,59.171972486371075,-10.549550790224792
5806,51.51733468937194,-9.08146957285787
5807,62.46355510031278,-14.767368775809864
5808,71.38262122833474,-8.20692590708515
5809,44.88946258655948,-9.216857530121814
5810,4.296971459626953,-14.499118172641023
5811,40.64798092031596,-11.262665804818617
5812,20.40897735940952,-11.526701431182595
5813,67.02377254072036,-16.735973524483725
5814,55.386944510863124,-7.684463585473933
5815,50.124916295988406,-10.10030990861731
5816,10.195209590580735,-19.081720659055712
5817,12.445020843502697,-19.676588854252543
5818,19.830479354326602,-15.711587203407728
5819,19.987274312729376,-10.10013740807495
5820,34.8784659171671,-10.463218207356705
5821,20.396178248512186,-20.69556046990051
5822,25.53471248640553,-15.585425377555385
5823,28.60267577112394,-16.652810464981684
5824,33.85960280970279,-15.03103681287934
5825,37.17454794344486,-8.023533874872136
5826,-9.643000282385172,-28.950337605370514
5827,24.496301990717306,-10.884412555513723
5828,50.07317780069349,-12.774611178568563
5829,16.364649620663307,-14.284233170795591
5830,33.23900724023261,-10.57990869577744
5831,25.207328711048007,-13.407246116077276
5832,9.712403438679695,-25.489972093220725
5833,73.55439881031938,-6.466450332257989
5834,26.623597702342728,-16.07713641801848
5835,1.0892033498193232,-18.86823893193975
5836,8.232765396403874,-21.89522359290903
5837,-10.995071045872983,-18.268406356963197
5838,95.70227961152324,-4.373138192561898
5839,49.480434616080494,-8.411740681276825
5840,12.819956573922763,-19.463579809056885
5841,52.56130714295273,-10.84405275852468
5842,43.424494656279755,-8.59196327865991
5843,12.128693118510125,-10.422028781707604
5844,24.843370648921614,-14.2195788006528
5845,20.410265325210176,-12.70430138025569
5846,30.30255578783074,-13.214104875210818
5847,31.973268587249827,-16.854255130437846
5848,49.789965518260274,-7.589918583709753
5849,27.395715527363063,-9.88804520112917
5850,-7.039699286554669,-23.839718533797015
5851,2.828643056575153,-21.063701963684167
5852,82.70230028113019,-7.716136146116792
5853,19.543859888375504,-10.590559866091564
5854,-18.116012958000162,-23.5294217353616
5855,13.064516424810947,-17.38909527907867
5856,20.980658346594595,-13.198288922084378
5857,50.522960273294395,-9.0548416293861
5858,14.13830729621699,-15.71285102497586
5859,33.51797274566359,-9.996173964113042
5860,30.69791864274507,-15.937481742145199
5861,-14.176209886922852,-26.845086924348017
5862,47.333586002476345,-12.159846052625245
5863,14.404094926369826,-8.359963079326427
5864,34.22248612687251,-13.324258750597451
5865,40.618194141538225,-13.683626366916734
5866,48.607904532602575,-13.524447187974154
5867,25.642978710215214,-15.963629217698527
5868,9.013238989140726,-11.591865876626494
5869,41.144861714177594,-17.619438225093763
5870,51.02641672140402,-15.190364094351661
5871,50.36315645837934,-12.94193103163156
5872,35.311348441632504,-10.012942714196472
5873,48.05873970285959,-8.440828747091611
5874,9.802405858328832,-17.65510655107988
5875,44.02504280404753,-14.809180277365996
5876,46.029257075332076,-8.652358054499764
5877,23.345706202289062,-18.53755912359043
5878,51.15452281068511,-10.931321531057803
5879,-9.16924123424896,-23.129712090829756
5880,6.673339494168151,-21.73673805180861
5881,1.3025084163965417,-19.16276149474
5882,95.17182610177377,-4.3731381925619095
5883,31.698289668231027,-7.780951437655659
5884,7.4258395837623725,-15.439037148290346
5885,41.576976697464005,-10.80642466805024
5886,20.20711151118593,-15.338188098871452
5887,22.32090473723709,-11.328450039609116
5888,27.58987743075041,-13.683626366916734
5889,57.19143589935365,-7.716136146116792
5890,62.362115520452186,-10.009115415714653
5891,61.27172573339899,-9.930796667185326
5892,33.25165584964169,-10.56956203762316
5893,-2.407718781306356,-13.96783998553125
5894,48.29764792890441,-9.03365855113737
5895,5.3546688592943426,-14.760327310684673
5896,26.015688518965074,-11.793444530072406
5897,17.480907574373326,-13.25069238816885
5898,28.23147817188467,-14.979847248841004
5899,15.116028198075737,-13.146875625604459
5900,82.97870908734109,-6.466450332257989
5901,26.28255101730037,-11.004816414459862
5902,11.240661635532279,-15.82162495833892
5903,-26.45661644998407,-38.82597269035306
5904,37.64802016642648,-12.144902287524317
5905,29.340234501007643,-15.744412942465324
5906,59.77813199455602,-6.466450332258001
5907,61.668527599726694,-7.764001766170314
5908,36.71649944897828,-8.715812864187633
5909,53.729010594762094,-13.123570695647835
5910,24.046739030624465,-18.115750694330657
5911,26.178631420439835,-8.83688551188464
5912,46.2811817212184,-12.542452347872201
5913,18.36372111710991,-10.522278760638182
5914,28.503296109629094,-14.513294959239664
5915,31.840038589681562,-14.968273145866295
5916,65.14644058353866,-12.5981649393485
5917,-12.700207054533552,-24.186585331115673
5918,37.29182500888937,-12.742678632780468
5919,36.466770295432596,-9.650608555323547
5920,50.671017959119084,-8.431203067620817
5921,1.5856000488644995,-17.5299710177544
5922,45.766008646467114,-9.223439127906508
5923,47.06891528982568,-7.167903061667524
5924,-6.371708251582642,-21.90567262216845
5925,25.382220080611262,-16.59975963839697
5926,15.526316281128082,-13.385316844717444
5927,1.6442768331944357,-22.373488629499473
5928,32.482813902512845,-18.705318641463386
5929,54.04471466760668,-7.716136146116792
5930,-1.6576571767342618,-20.818416161249342
5931,35.80616291467918,-10.004508550498292
5932,22.51849660934848,-20.70964291648646
5933,13.441000854056394,-12.998129396762826
5934,31.231100478216845,-13.211623346764734
5935,34.241046646095995,-10.556801715636865
5936,-0.7967297474520074,-22.9678883021325
5937,27.531301627674765,-13.814998515378374
5938,23.186126754069413,-21.550007261191084
5939,10.57568108514857,-13.999811242080574
5940,42.50175225039643,-8.730466817600924
5941,6.323126763246156,-25.6669291786085
5942,47.36633655004574,-6.7838856598370185
5943,59.9317938291877,-5.9605666849119725
5944,46.32733046389876,-8.994616460667837
5945,-17.002764072393962,-32.32664415080598
5946,28.86569132665311,-8.124445021543591
5947,41.026182057282526,-10.399147703437128
5948,27.2756813138755,-16.06951129970444
5949,10.258216645498997,-14.946156454349314
5950,9.300963545535312,-21.426592550436485
5951,50.87686863526473,-8.796573883981173
5952,13.166956855903011,-9.994819154000057
5953,42.279635176576825,-9.190924768489172
5954,52.10501094727373,-11.8064899118545
5955,14.744834122576279,-15.374110433357979
5956,60.374755954756765,-6.466450332257989
5957,38.622360936412335,-14.532729414965772
5958,51.780052715992596,-14.115398804601897
5959,46.339290921839705,-10.142961941819673
5960,42.83393441264993,-9.778639128176314
5961,55.00871548216399,-10.619857417087353
5962,43.30289465344237,-12.13112306449543
5963,60.880353890040475,-9.986158903738662
5964,37.00000479161363,-8.363577024737179
5965,21.259596111421807,-9.590357387745453
5966,28.34204789229029,-7.716136146116792
5967,11.934283104371769,-19.308320175825234
5968,32.50580150542017,-10.945354014060326
5969,38.872834304304234,-12.217372334589072
5970,54.14964521630898,-6.6893911051835175
5971,-2.4616834237357166,-23.199434364945372
5972,40.24345624762233,-19.217114036980597
5973,61.04634444788317,-7.974196150721702
5974,17.00057995915467,-14.269404419786824
5975,11.805608235252251,-12.125644212353247
5976,13.350982084755314,-15.952603768167883
5977,30.841724735258545,-13.495967611987513
5978,25.30257016676114,-9.573299745767693
5979,63.88095236602383,-10.36954029340218
5980,68.17133226478927,-5.941433350112413
5981,38.17272046107336,-14.067626214158102
5982,58.421767596688866,-12.658671589709837
5983,21.360306034455267,-16.13700498769619
5984,36.541984364018674,-12.572121036130268
5985,4.573852632638631,-19.53547728053916
5986,0.24763518936254947,-20.957990523266012
5987,-5.767139703596702,-16.491352423888962
5988,-11.97798833918673,-32.09318948013947
5989,30.3996484651738,-24.995507299277307
5990,14.589222485269016,-17.43818783549287
5991,28.96822483557986,-13.962040246897434
5992,50.36993625755255,-9.877667463976659
5993,39.0312307256687,-10.922909185214358
5994,49.22348218832897,-12.09705477628985
5995,28.87179426283182,-10.330997113346651
5996,86.05370472251515,-6.466450332257989
5997,47.99313229773148,-9.425369691927187
5998,48.49946744190279,-7.614182420919457
5999,69.31423181549108,-7.716136146116792
6000,33.912551721210946,-15.779390230139633
6001,12.011870130980306,-17.25189398427386
6002,22.374099451634443,-11.359134677517691
6003,65.42647135988022,-7.716136146116803
6004,32.4622165419959,-11.774779712229833
6005,9.243060785291757,-18.76545801535291
6006,-10.529039752973102,-23.753070407088217
6007,56.81230655956786,-11.138371249765688
6008,32.290809637749064,-11.71804771130689
6009,23.7917832155188,-14.473023231590787
6010,69.99438525631912,-9.084276986701978
6011,47.73786719310591,-15.879515737907003
6012,71.44377977280865,-4.3731381925619095
6013,6.944362642946644,-18.615925112908783
6014,54.43466897198592,-6.448930907195938
6015,9.271850624745891,-16.549421557011257
6016,11.461993016250993,-18.35505350199089
6017,83.21108820517273,-6.466450332258001
6018,37.15129718126244,-9.291322080699949
6019,16.38251160718127,-14.280296620247611
6020,18.83263815500409,-13.744250409820523
6021,78.8252131266105,-7.393991142080603
6022,-30.065613988325246,-33.9030097954767
6023,32.893036553016856,-8.74681668615941
6024,0.8527234970260089,-16.144410970516297
6025,-7.042681463050615,-17.168025076055613
6026,45.41712563062268,-8.756346240338297
6027,11.235067097274154,-23.80680818321239
6028,21.709632438281922,-10.817106958419398
6029,-15.190261456855314,-24.980328648812932
6030,65.9470440017495,-9.181444075303647
6031,28.54466703278773,-10.383444565443511
6032,50.92600169024446,-7.875330661004021
6033,60.971917476888684,-9.263698388339748
6034,61.26603013626606,-7.684463585473944
6035,45.15649719923645,-7.716136146116803
6036,28.652360828561086,-12.093660391465521
6037,44.22831298177654,-7.0905777561093615
6038,9.196520549728104,-17.42722493641565
6039,38.747956944117945,-8.68799949898904
6040,50.384854679403105,-9.50275399272369
6041,-0.36032053615066006,-18.176274127651894
6042,29.862529136700555,-10.233416077287893
6043,28.307181808907433,-18.323535168995953
6044,36.52039030586498,-9.684508477243037
6045,69.16000450596667,-10.284405903240634
6046,5.528626720271901,-11.996021059145257
6047,15.392496822656687,-18.63568718505534
6048,29.71780930028789,-9.343729776116106
6049,40.754805455912056,-10.25310196184942
6050,14.844207996819891,-11.322407545668788
6051,49.48817494433182,-8.203144222874903
6052,30.607381567235148,-11.297570248038891
6053,-12.540821813025381,-23.877431201217803
6054,23.345687754297373,-15.6406495195064
6055,3.8130447266380596,-28.28880445232933
6056,-5.283141187054152,-26.980253232679775
6057,45.555783305436194,-8.31338939063835
6058,33.96273920310353,-11.188818491325481
6059,17.9573441054923,-10.41971186972469
6060,-9.129798307030423,-37.13391455070184
6061,3.357798516050048,-12.759446746889003
6062,8.905326045867557,-18.672386438062063
6063,59.00515898492553,-6.11459031703383
6064,21.145323086954694,-11.12613323780538
6065,35.64892478004666,-16.15234478675518
6066,7.1430248021761455,-9.33958557681499
6067,24.735283276679887,-12.123647704776797
6068,9.021497966933234,-12.57357819114876
6069,14.176258825866373,-17.044123013059874
6070,20.558966139455247,-16.646132918699642
6071,20.333510229200225,-13.015199407047263
6072,21.631238337356827,-20.9677516507092
6073,31.25709965391621,-13.141289923023102
6074,14.945488941656837,-13.077180598179872
6075,6.612452278734859,-12.11550839861979
6076,41.51916239838383,-7.716136146116792
6077,46.85391169260764,-7.716136146116792
6078,0.11647615423595603,-19.441149228812073
6079,-8.004611946375917,-24.620767524277166
6080,73.98980378582965,-10.522278760638182
6081,21.649597206327577,-12.634618416436483
6082,67.46947720969443,-7.79150220263034
6083,83.47292883109685,-7.7161361461167814
6084,11.618035580961884,-16.03270789791359
6085,-15.102234563060579,-21.95159081380845
6086,25.108307674996077,-11.544279326817453
6087,21.444665816209472,-11.772352610261605
6088,24.523484911016325,-15.860310477990247
6089,29.063921718399733,-15.029513964875685
6090,-6.5546857215460275,-19.689694818627913
6091,-3.945817890863146,-28.081314271565294
6092,89.54687163635818,-5.876107940843522
6093,16.347296280404834,-20.265875841504467
6094,52.720050531897414,-9.752415131614923
6095,47.638024353559636,-10.557658959941229
6096,57.252720351751265,-13.18773243882595
6097,20.30902534561754,-14.233156275554359
6098,8.480946304334225,-12.559934444613607
6099,73.25915866555337,-6.466450332258001
6100,61.85260412279625,-14.791491669994128
6101,12.211062870518163,-12.208196282207961
6102,65.5749304668926,-6.466450332257989
6103,29.809776851509607,-10.676632532045804
6104,56.46878443010641,-6.965007231140474
6105,-0.8781935532897744,-19.66030259230356
6106,-12.043528042478801,-23.502430730287482
6107,15.059330289048933,-16.212640061622064
6108,4.560204617317254,-16.53746577574735
6109,35.51706588133439,-5.549297087554317
6110,40.9778494216821,-9.986158903738673
6111,7.4051017645546,-15.638964058399573
6112,28.690483834508896,-8.036726863120036
6113,16.138985795031104,-13.474713114379211
6114,82.15834390639564,-4.3080004157202705
6115,96.31033912076359,-5.594538878402789
6116,76.67860278397139,-7.716136146116792
6117,51.30786701557024,-7.7161361461167814
6118,37.63142633037235,-15.732451704568884
6119,42.94425760279979,-9.901453904137881
6120,59.19999625739783,-6.258631186212115
6121,20.286491797757144,-9.018434199178827
6122,2.683370839442767,-15.699159127213624
6123,48.67393547696284,-8.296891487923874
6124,18.958440298541323,-14.089165033580397
6125,59.34853643096518,-8.844514870632647
6126,26.02988749158659,-16.495103087482775
6127,36.00346674500719,-15.316268260005227
6128,26.043967176397743,-10.846579658006695
6129,13.438380325511613,-10.506460367069415
6130,-15.455177534126241,-30.354731317577098
6131,34.198713733512356,-9.090828821795572
6132,60.88729281241554,-15.136124865897804
6133,70.37312847006677,-5.185814287347079
6134,17.11887656231972,-16.778048723226735
6135,39.68270171757913,-9.656724653837179
6136,12.726427846180632,-19.35728699741811
6137,24.475963411359004,-13.98525624885777
6138,14.992450933092938,-16.52240143095125
6139,27.95785707324385,-15.632498116879546
6140,45.84512461209842,-16.919846503570035
6141,20.38931862291662,-12.937026358488247
6142,58.149828097475506,-9.144991997136287
6143,29.556382354583334,-9.115263823481467
6144,39.17375828506957,-10.522278760638182
6145,54.14189100724447,-9.743978150824173
6146,5.465693941112626,-13.29659573510693
6147,30.123572923129128,-10.932697183903306
6148,33.42310530331041,-6.218961683156266
6149,24.33154668801636,-9.804059118012109
6150,5.480870737522503,-15.61257310243328
6151,27.08961676064565,-12.216724445527694
6152,50.0899508686873,-13.55337914571162
6153,31.191619046594464,-18.809824062671364
6154,27.794307003894247,-13.52513139160061
6155,-14.261003641269133,-21.75563191550539
6156,-0.24103139988058686,-19.955140793208603
6157,3.7531967852372228,-18.53585775154558
6158,23.987478815183394,-16.091037475644843
6159,24.1267285897403,-14.78554269254182
6160,37.03468384935766,-9.310593052871429
6161,23.059476195025308,-11.659503886904998
6162,81.8025230821237,-6.466450332257989
6163,44.14318538727515,-17.86115906037984
6164,119.33299596070954,-4.273084780056335
6165,26.866047453115847,-21.88943659511683
6166,3.7373732118384684,-24.77634481817609
6167,10.067002387992897,-15.30017433863594
6168,20.700351991389287,-10.035968656472082
6169,35.731281412421524,-21.3109841562787
6170,93.24243102331609,-7.716136146116792
6171,42.82374237103925,-13.131759421484857
6172,37.72344164092316,-8.786389230167446
6173,31.231891292036828,-13.620526991010273
6174,20.91693380072419,-19.399371074628093
6175,53.221939239626145,-9.394443354381131
6176,-9.603734329937442,-29.06526041206576
6177,24.32530842059377,-12.40959661147889
6178,54.610236680337046,-8.840471399142446
6179,32.99992253082256,-10.522278760638192
6180,4.5488213150934875,-11.571773262435482
6181,27.27778185242602,-12.304902043507093
6182,68.4658977660442,-13.304437039882423
6183,33.56351653343663,-14.25338057832608
6184,54.35780652000475,-9.163313344418588
6185,18.391721947088733,-21.322132260638817
6186,29.365793475022638,-10.560047327243428
6187,24.83095567998854,-18.680607884067424
6188,20.066236206064048,-17.99706032454077
6189,70.8103751268002,-6.297786455115995
6190,56.64987873534173,-6.9790887502736325
6191,39.622223049557206,-7.98851557386131
6192,58.692812608080104,-12.41803437869866
6193,52.27424234758762,-11.518640988800065
6194,8.892623972596581,-29.391452679722974
6195,14.657171364996247,-15.881609642592432
6196,49.0913816538328,-7.739769552687803
6197,31.694287567395364,-10.021707894279198
6198,15.229926084538326,-17.539060453129608
6199,55.5774545043864,-6.5810468729020855
6200,38.94574879384789,-7.716136146116792
6201,-27.270306045879465,-31.650501632096905
6202,22.84807858093498,-14.918971067607867
6203,11.63677170316828,-10.925401016058423
6204,28.622930128200164,-16.067631178806142
6205,32.81267200562033,-14.115436549045556
6206,70.91914770807992,-7.192598849738507
6207,13.463238578681258,-10.453881149385257
6208,17.444379134847377,-15.733267318513667
6209,17.57442947999648,-9.766411918288531
6210,24.69373122851628,-12.090369496706256
6211,54.16311766914224,-8.80812503603783
6212,7.621342282998467,-17.59409025040466
6213,41.54539780654049,-15.186889000279836
6214,43.07731666713075,-10.796887901489537
6215,20.77856901641617,-17.387448744402924
6216,71.17586050317415,-7.78095143765567
6217,15.303215698045713,-18.398326122921993
6218,26.583038765741108,-10.432055555584519
6219,18.762098685157834,-8.493571890013197
6220,25.59709708580438,-17.751900684110378
6221,91.1578933380691,-6.720953602193047
6222,15.361165385425934,-15.08390632622958
6223,51.322564092007106,-12.44404644172411
6224,-1.9856714939644582,-20.755463582662102
6225,35.61718148866979,-11.954945092589897
6226,15.566208463867493,-19.212463421378658
6227,-20.82924947099206,-32.29173713041792
6228,54.14946817734327,-14.409275425912515
6229,21.165431542157066,-24.423481384126944
6230,50.599849242934255,-9.258059529411867
6231,46.127823415753475,-13.683626366916734
6232,3.8705102954558424,-18.136461195271337
6233,16.772814022940132,-10.576580258686995
6234,49.20847812203151,-15.299524473894655
6235,59.838978280566145,-7.716136146116803
6236,3.4353857022262124,-13.297365924671888
6237,63.91878642509954,-6.303705661785508
6238,22.356894300428397,-15.045836672174984
6239,44.90830717125862,-11.375854954314569
6240,5.249269277190538,-19.569461393198452
6241,44.68745817320936,-7.113518727599932
6242,51.56061469938742,-16.353981880475487
6243,77.5460096229581,-7.7161361461167814
6244,40.17226594053482,-8.962576209222838
6245,48.680774291101535,-11.312022798277866
6246,60.78298255009857,-7.716136146116792
6247,-8.428990206541865,-20.28283001298955
6248,17.093430018235424,-10.430945585442242
6249,67.37998476190808,-7.280933778967757
6250,31.20799655018338,-11.016675753036365
6251,41.3448542634997,-6.7209536021930365
6252,30.889941831804492,-12.176525826015162
6253,23.37520070260235,-16.821728417866176
6254,43.194619804893094,-10.564220716324757
6255,30.872671296238565,-11.447781761237907
6256,24.101755623674936,-13.05185955365057
6257,46.21234189136061,-14.055534138048454
6258,30.92556878518764,-12.081104309840773
6259,34.01146036580751,-9.310593052871441
6260,22.60401221868151,-13.51295764861964
6261,-20.44434404483355,-26.774621254612928
6262,7.103642156401357,-15.056223476668762
6263,-12.865441975996617,-21.970537248159737
6264,26.90662960982433,-15.854682104707162
6265,38.09839073772183,-14.68867050565763
6266,-0.37723327508979443,-19.36791548555865
6267,61.033802251803905,-6.389811251898559
6268,31.453152057151577,-19.737249854222238
6269,13.844656582942449,-12.026134590011829
6270,21.37043692846843,-12.51386914849265
6271,19.82047541322478,-11.761161727470547
6272,13.51104802146521,-19.188364123232116
6273,44.88456328985924,-10.252290950553778
6274,43.52996360449089,-11.532517444063261
6275,18.54018794284944,-13.416949618332408
6276,40.03712684840763,-7.718979895618638
6277,42.296370881588594,-7.716136146116792
6278,25.033466385425072,-10.145862291749685
6279,75.1757323281787,-7.97161901963478
6280,14.976171680254957,-26.95797516426429
6281,39.34840627252114,-7.257078056178368
6282,37.82446605471574,-8.217458622869279
6283,49.02083745274961,-8.929989026244678
6284,25.365673111913868,-7.9318182188287345
6285,27.079956665627016,-10.962910670419879
6286,13.13521113719467,-19.87507672947305
6287,33.3828794654834,-18.00338992332444
6288,21.96962298313869,-20.32291401357518
6289,3.5646850297276877,-10.534034796941583
6290,50.79316898057844,-19.415358561440456
6291,79.54160095141718,-14.353744276165447
6292,63.836888151979984,-7.897882558286473
6293,48.85289811800919,-6.689852321041235
6294,34.5404132755069,-8.619863958715602
6295,37.72693409297252,-6.466450332257989
6296,44.31177494879564,-10.131446358304053
6297,35.492466255518764,-9.938359171303269
6298,16.730018580553452,-14.347036360051845
6299,50.54302317435357,-9.716648717974897
6300,45.13216107904911,-9.421954377203512
6301,9.989679194160384,-17.30336572724741
6302,81.9659663173362,-7.716136146116792
6303,21.830022079620925,-15.583860559060025
6304,17.901562754885127,-17.855818846480787
6305,81.40734187752155,-6.891811706867623
6306,-17.66235287465906,-37.216022525158856
6307,21.810804954020146,-18.401516523604112
6308,44.418021594414284,-22.66473601148219
6309,14.22777753846367,-15.773671011047409
6310,-2.438949213502828,-29.368875263978577
6311,87.46716276535362,-4.273084780056335
6312,58.650434047294155,-6.466450332258001
6313,72.51337296718849,-4.448571119375632
6314,9.668999377345822,-14.295022869230657
6315,51.93860497128473,-13.626951686010214
6316,98.64337552843863,-4.373138192561898
6317,32.18195432501689,-9.294234804229939
6318,19.094087888064347,-18.241726666913028
6319,45.310129605369156,-7.206087507024417
6320,15.182298740197918,-19.93097530965392
6321,53.10699844955913,-8.882815804988287
6322,46.703538220057325,-9.837876518465126
6323,45.68674379037603,-7.18392276339741
6324,38.53145108908118,-8.774373104472854
6325,9.230586908472226,-17.38675684109171
6326,57.54565354188364,-7.640725293820716
6327,34.297988685041794,-12.514750865520375
6328,26.309696673907055,-13.337069823125358
6329,4.686606683097971,-18.034864447738876
6330,35.809824670766524,-11.714017495661299
6331,-7.211016579560326,-22.803346669708112
6332,59.13357103415644,-8.159413846175633
6333,35.97761801861468,-12.169789504531492
6334,45.915316697407846,-7.716136146116792
6335,111.15380707778426,-4.273084780056324
6336,10.398882990103608,-24.205163950265963
6337,18.959012132294582,-9.859256948154139
6338,20.880654550781784,-16.384768283831306
6339,49.73919503355177,-11.101370891058949
6340,45.8211113610933,-8.424166734186988
6341,40.47828096259367,-11.518640988800065
6342,24.813052912405208,-10.21912106487065
6343,61.53036085873631,-13.594295768727848
6344,68.09568408266804,-4.373138192561898
6345,38.965113252660544,-10.435168397717586
6346,21.31785203499692,-12.155767042381315
6347,50.036248441765466,-11.62963334962408
6348,33.99651313275156,-10.522278760638192
6349,54.20556197784241,-8.348275733152255
6350,67.45617731757572,-8.056037345809186
6351,33.199651168001765,-8.721733714096269
6352,40.83342468053408,-13.889364726278119
6353,6.6715905422354504,-18.341843027883808
6354,63.79693593723206,-7.654278832521088
6355,23.31666493656117,-16.17285623352992
6356,16.143890869761957,-15.139726084599692
6357,62.41470904851478,-6.891811706867634
6358,25.592910652010858,-14.601611488960952
6359,32.36632898909792,-13.066663610014595
6360,24.765385751230063,-14.003266834946515
6361,17.009119859139798,-12.397523267390497
6362,27.93389420367891,-9.97112965143363
6363,44.684608561548586,-6.466450332258001
6364,68.09841212634025,-13.683626366916734
6365,26.467956387838942,-17.861861394114985
6366,50.50824454307224,-7.716136146116792
6367,52.84945953465056,-7.875330661004021
6368,40.80020292970856,-14.431441740629092
6369,4.794824590796276,-20.98041557679068
6370,94.40743006002657,-7.716136146116792
6371,9.426567986228518,-13.52439761348091
6372,58.124195591883534,-7.183922763397421
6373,17.03381096305141,-11.751837041882784
6374,6.469290628714353,-19.39465525207842
6375,37.299254552617114,-20.041953224848776
6376,54.51366877611792,-6.891811706867623
6377,7.438766452615941,-12.026828795495648
6378,7.862079013190804,-18.436760185459978
6379,15.754147822195442,-8.396787516178684
6380,2.6864389314633197,-22.313899795059775
6381,40.470999186504564,-10.42817335687064
6382,53.51066123325825,-11.018242737732177
6383,101.20015038289733,-5.562839265331487
6384,22.795771187174797,-19.784302044862635
6385,-30.847540530595396,-34.111857069622886
6386,-17.83653252413814,-22.017682121095927
6387,28.639531438589707,-20.378923912908974
6388,38.571941657777245,-11.659503886904988
6389,96.6746664315084,-4.273084780056335
6390,18.663966254197952,-19.357521783900623
6391,31.52058616502753,-15.771017951995637
6392,12.286299849757242,-11.499494131923438
6393,27.214061257955315,-11.555537752171785
6394,-7.518453292491634,-28.06811343322819
6395,84.42735147487946,-6.466450332257989
6396,-4.48644906178246,-17.148333983915045
6397,21.655613617366765,-16.35721968787317
6398,45.37580832848942,-10.329834832144236
6399,-25.62930961224833,-31.84231019866175
6400,16.661226451307254,-14.408054118636905
6401,38.972397316508946,-13.588098767881252
6402,-10.365567497192918,-22.9801641556043
6403,22.61959928554418,-8.36357702473719
6404,39.20271226009906,-14.65530204361114
6405,55.38628655905497,-12.19000995693451
6406,58.04188146052245,-10.146759919535365
6407,34.24050822089191,-9.190057163374943
6408,5.269863416332754,-26.420505606027
6409,49.347823173927054,-7.716136146116792
6410,16.97984341662686,-13.986670557148685
6411,53.590979701089324,-7.918104891218592
6412,5.421680582072086,-16.016272016983347
6413,10.68733267728983,-17.562570283049727
6414,57.50968437988553,-10.556801715636865
6415,53.32380787406401,-14.836884721979482
6416,-7.463256627381442,-20.53842209798946
6417,36.35024726924436,-11.410355454072207
6418,14.338809707073242,-16.759218961871913
6419,26.505714510531565,-8.723180316735956
6420,24.063137583710635,-12.313090316083953
6421,-4.008317264499728,-26.752472250606584
6422,8.544232923601092,-15.601129868819797
6423,49.086980844429796,-8.39448295562537
6424,68.02526214222398,-6.466450332257989
6425,64.5781741624667,-9.265432479911329
6426,49.57810639221503,-7.716136146116792
6427,50.7917240520481,-14.166683866449215
6428,8.950629052145786,-22.638085067992385
6429,38.651730001464536,-16.09155945090498
6430,22.26771358392665,-13.097985111100652
6431,44.00086897529587,-12.5354341937432
6432,39.16006571824961,-8.666066158495534
6433,15.124127071059078,-11.021296517681446
6434,63.86974530130469,-8.456933889197549
6435,53.97209304762083,-8.459355070101049
6436,29.64295791278615,-18.17423096855024
6437,33.169764533394996,-13.348821096418828
6438,35.03458481182879,-11.659503886904988
6439,100.16136052203488,-4.273084780056335
6440,54.13526647817031,-10.301761480678328
6441,63.71306866441997,-6.962047131451021
6442,14.376237890732835,-15.720009957935188
6443,23.768554295409096,-19.760161219910376
6444,9.979385360130944,-13.728378380382189
6445,19.405427885766247,-7.716136146116792
6446,33.09431873093367,-11.412128840164225
6447,25.039993817176807,-15.550370682806314
6448,62.54994591545806,-6.373247278637628
6449,40.26284559280609,-6.968603034863707
6450,25.970342925455213,-12.82670331621848
6451,30.883041739802653,-8.378137209031223
6452,1.2697934503254293,-19.129794822564673
6453,3.6897347445090656,-23.814744658166966
6454,34.345340562903324,-7.716136146116792
6455,53.50315152043852,-10.19498958797912
6456,67.29793938336715,-6.763310802969058
6457,43.48366871066531,-8.939015662522532
6458,41.3303660603761,-8.363577024737168
6459,39.07391041567276,-12.061646420956196
6460,25.967453847965217,-16.03856233858888
6461,27.816377367363554,-11.731986483177037
6462,26.558971748353443,-9.82931495211542
6463,5.452744612183613,-13.412636233367635
6464,13.497415267236823,-20.721019400466
6465,21.394432227710848,-15.487062434638322
6466,37.91960396060405,-11.21241010513928
6467,-26.304041820853307,-31.91530968111853
6468,-0.867332713456137,-20.09328486368692
6469,17.66748948178858,-19.547714602059585
6470,40.375055283413054,-6.466450332257989
6471,91.73261770549882,-7.880285059845848
6472,6.281280985205329,-26.822708390559125
6473,59.72634897452846,-5.571358004083216
6474,2.424051126969151,-22.99036693840065
6475,54.049506081155705,-8.641256518688433
6476,32.229642718216155,-12.485240041085587
6477,23.157479331492592,-18.75972555134625
6478,9.16983912086744,-10.954961859513668
6479,12.292123396227005,-11.669899517619854
6480,47.50095651784272,-11.928544867127766
6481,11.213424193232079,-18.410964862087564
6482,30.27878136762554,-9.417154506549242
6483,23.426651435303935,-11.03526480338961
6484,89.35518467528114,-7.716136146116792
6485,38.219186268595486,-8.036726863120048
6486,48.216969247533,-12.514750865520375
6487,92.01185891293724,-6.466450332257989
6488,71.64832676011991,-7.716136146116792
6489,16.339686926061738,-15.387574820769856
6490,59.1881025071922,-8.610271201303387
6491,15.764095309592374,-14.320957763984365
6492,23.6600651326488,-11.428546469031675
6493,12.666980191647315,-21.594606299902185
6494,19.37394511620587,-16.607229410396364
6495,41.75174069426435,-9.063375406505125
6496,67.29682440831095,-9.17311092940154
6497,65.67301473975841,-9.299079198100802
6498,10.07845325967185,-23.06332130721852
6499,18.736261786362142,-19.89446845052899
6500,41.03078879059823,-8.809696291194014
6501,36.482020318611966,-16.345282576679608
6502,16.846981764195345,-14.525987950337472
6503,42.50173419652354,-15.594873513393392
6504,82.0214382797506,-5.1983393679199015
6505,56.35696183455197,-7.7161361461167814
6506,53.67772438957166,-11.038626474189906
6507,46.50224455012935,-8.020803819909105
6508,40.51383443711016,-15.135777157912578
6509,13.200674504094877,-8.216427012150307
6510,42.459283677172046,-7.716136146116792
6511,51.582317502001416,-14.443702758472309
6512,-3.0385925514362255,-32.40307629971667
6513,43.26116750078097,-6.466450332257989
6514,11.722830099092452,-15.860865686757986
6515,8.357522931042594,-13.760362492945111
6516,7.309209820716767,-9.37630601447893
6517,20.17815636787543,-9.857864669827944
6518,2.324380661775227,-18.446854996117203
6519,53.97699572284207,-10.433274474730226
6520,32.41052053340259,-9.843118183579547
6521,19.265926640844476,-14.624104194162403
6522,53.53459838712358,-10.396310504056384
6523,4.234227140983227,-19.69999052052076
6524,60.94079950459672,-10.0093676732252
6525,1.1882994436980265,-23.963033144088442
6526,-7.298190603496046,-27.47344306445225
6527,37.43500053522948,-8.565511824803007
6528,-15.429149223824856,-28.022046087649098
6529,52.8680048963671,-7.068003276417112
6530,75.61721604417693,-11.613322397315628
6531,-17.471784989522064,-23.136825235508983
6532,-7.368959421537435,-14.84867975214711
6533,11.781534604022514,-10.8507152598179
6534,41.78821271698045,-8.263259215312546
6535,28.790876184974113,-10.513462596794543
6536,50.76489233155446,-7.423264181806665
6537,44.68760353470027,-9.979142339016533
6538,50.90778297750145,-9.95497566137905
6539,47.53111142435744,-9.45900859428651
6540,31.195403996515036,-9.600509792748579
6541,51.22451633384233,-7.7161361461167814
6542,7.10467898549163,-13.383363560421069
6543,18.578866729952125,-19.390829552614353
6544,66.3896384937031,-4.892947699692396
6545,3.9236179154510387,-16.92906158033467
6546,-0.624102523174852,-16.500993656590047
6547,21.388682508016068,-18.61297397464773
6548,15.67717156954551,-18.54174884334734
6549,50.73754876306862,-6.661050128369272
6550,66.12859267533801,-7.716136146116792
6551,-14.996235371928668,-26.395513111960234
6552,14.795342274161104,-18.21678202866228
6553,33.67589953468926,-11.837440177021241
6554,62.779026108638035,-8.04857881080725
6555,34.953815027444634,-17.246109773332364
6556,34.392503180358425,-7.716136146116792
6557,18.39875794494221,-11.255359078300653
6558,-26.16216672475099,-33.18084577682527
6559,67.5628696337879,-6.995238132487347
6560,69.37196735927165,-6.953716108646201
6561,18.87753765160529,-24.25922106031335
6562,2.7405981816068126,-16.511495679399257
6563,15.506298969433296,-13.68737972970333
6564,39.93220761384031,-9.839893628169571
6565,21.568139725080073,-10.464375002234538
6566,29.707919036060872,-18.615909690441946
6567,11.034477554377675,-13.526156044221693
6568,71.0346571975598,-6.466450332257978
6569,-3.5444107216406673,-23.92523145582158
6570,57.73744367599707,-11.375861932791098
6571,48.380995693952485,-8.987159482697738
6572,54.30399404472877,-10.9005631519008
6573,13.273232758162568,-9.926330159077978
6574,-1.9277715302535747,-25.758700972304784
6575,27.278634263506476,-10.511594227557165
6576,43.37152644831577,-10.472761503812844
6577,67.77742328002377,-4.373138192561898
6578,45.59773294601634,-11.516200602875127
6579,-11.885285361849274,-25.89885474940835
6580,-4.857022838760027,-22.7386456374978
6581,44.01126367803923,-10.288512598332545
6582,18.5829202966328,-13.587820788987592
6583,25.12786989746616,-18.246796319500604
6584,45.69938061672856,-10.146759919535352
6585,0.9668584441697714,-18.04740614606477
6586,28.21110061981724,-7.665914422435138
6587,54.688489850143604,-11.376482260966236
6588,17.48479397642546,-23.432847725061613
6589,58.31586527803814,-16.19643597123439
6590,87.54668073270915,-4.373138192561898
6591,77.55138194118578,-4.373138192561898
6592,45.57534469727671,-11.801739039458536
6593,36.664082614980956,-14.758576774939247
6594,22.040597087615943,-11.76930544605861
6595,16.508557460907113,-10.268814831641759
6596,57.880850218999555,-6.466450332258001
6597,-11.660204231110882,-15.55287685051836
6598,44.119305049535875,-12.098544607100258
6599,46.236937277887776,-8.310060065197488
6600,31.72119071969608,-12.674320698217645
6601,41.70158496959484,-8.500298392932383
6602,49.56449373577292,-6.466450332257989
6603,27.479883704681242,-8.724393908260186
6604,59.21576769380306,-6.794393556832556
6605,20.87948565030162,-24.580156520772068
6606,20.60014708747504,-20.799311976862267
6607,16.398285736540473,-17.803811490700404
6608,42.55240342735118,-5.7301060762988465
6609,105.88789903137203,-4.120443904152015
6610,22.646517849220317,-13.24851039348034
6611,-4.163510855113861,-18.432260673246105
6612,27.282730286940705,-8.797026220742055
6613,27.358134735473485,-13.518284044412853
6614,-3.0608026960859624,-21.187335376592475
6615,24.292450873706194,-13.57557078919478
6616,11.920242720788131,-18.083470403188574
6617,8.599561225370644,-19.853498840301143
6618,42.082233111939395,-9.986158903738662
6619,26.365224412028287,-9.55193709140053
6620,53.26778390614799,-9.269918866875116
6621,46.20449574901298,-11.097005904225444
6622,4.929599666246309,-17.324770265250134
6623,47.77535345207389,-12.513401589297157
6624,35.19443413594989,-11.754026899742554
6625,42.96019053852742,-7.500533017765953
6626,-14.145336115063179,-19.45000027524869
6627,57.3357021695013,-7.2536895908438925
6628,30.74963568436335,-11.327358048853853
6629,51.36577167757168,-6.720953602193058
6630,37.9006298515824,-8.981799726839713
6631,30.43645481957844,-9.603901882432176
6632,17.303222417344188,-17.437046871735916
6633,56.896006180898205,-9.966034913863364
6634,-14.946870896025487,-33.59139037148704
6635,49.473711293537484,-10.20986806984807
6636,16.51057156610318,-20.96445172390542
6637,41.56875593051059,-13.77686221391664
6638,2.4946080569725027,-21.49543931324033
6639,-0.8746506830669687,-16.284589335173262
6640,49.838359407617496,-13.040634964144804
6641,49.51392574893154,-10.981528979728006
6642,30.021657564367498,-11.743602896867822
6643,17.552102497436394,-22.17481318632524
6644,22.13733782439522,-14.247393289833422
6645,32.066079015054136,-11.485820381975941
6646,79.60503865156868,-10.491569290598813
6647,96.2107217292246,-7.875330661004032
6648,38.862799088937194,-13.15220414274635
6649,-3.2935096475380066,-15.811145660320069
6650,20.133791857917704,-14.783391761070842
6651,21.24140236567269,-13.764489256379985
6652,8.469803046221314,-26.53442432095312
6653,30.125866301759174,-11.770854677079567
6654,39.344692673941076,-10.035017984066164
6655,0.5640007091738175,-21.45050259662613
6656,47.14140930321449,-8.833115760423272
6657,49.86066708464128,-5.2746856047042545
6658,1.1132094775361256,-25.739069944314473
6659,36.11470145777369,-12.639977792278668
6660,36.38607919861438,-9.241522040998905
6661,23.04313717373605,-14.936014720189672
6662,11.445957145994413,-12.071518993957408
6663,61.00035978865226,-7.716136146116803
6664,1.9094523944120922,-18.729312176698308
6665,58.11992844491864,-15.95381109994445
6666,11.315531898235843,-21.13854547928402
6667,53.581400658354326,-7.827122989924984
6668,44.55238970150934,-9.10083386523769
6669,52.357608412146874,-7.716136146116792
6670,16.20800373202096,-14.038686998605709
6671,26.57116262613657,-11.006247222364197
6672,39.624273457265915,-7.716136146116792
6673,31.055978979866584,-17.43497816534296
6674,32.59700125898952,-12.801084008450625
6675,67.29153168667041,-7.7161361461167814
6676,-5.6399312374971755,-18.423642085124502
6677,88.48525721981675,-4.373138192561898
6678,2.352745329765593,-18.497475104061966
6679,33.509721505787304,-13.304194938977476
6680,47.56171173384573,-9.265432479911306
6681,-2.7105239519359836,-28.137731982212756
6682,34.6689449827507,-13.150701234881911
6683,19.627317090795415,-19.548300495534466
6684,31.747824780598233,-15.122255888067581
6685,25.94138782535054,-11.715149980037632
6686,39.932905012517054,-7.828224992311251
6687,68.51833724008792,-4.3731381925619095
6688,26.78466401564583,-18.81231720590044
6689,-13.629592709295046,-19.59070938308041
6690,51.98853551665881,-4.373138192561887
6691,39.175905255684974,-10.267492362071206
6692,45.11211955893239,-8.637929713915005
6693,38.125926365795124,-12.520960307221785
6694,51.350797604988216,-10.718924685690489
6695,1.032560850479669,-14.415140357401036
6696,17.054713796880883,-15.724949803399024
6697,52.8611343562909,-7.745594373136077
6698,76.88009122909259,-15.522755861925408
6699,41.137420344037444,-8.144196991288688
6700,62.08670603055544,-14.686135864347328
6701,3.5129821041179676,-16.754730947947305
6702,11.989250933769235,-12.414148736799657
6703,14.48388656324553,-20.12425693228932
6704,17.488476478774338,-11.984311814209903
6705,38.508309176161525,-13.474558133543324
6706,51.18950015730197,-12.045852441079774
6707,10.219948104039101,-23.073711477999826
6708,46.76970585720566,-14.863750438655776
6709,69.52140909897074,-7.716136146116792
6710,5.530692699890527,-15.942492611901448
6711,-1.7417748467331795,-11.721549566085955
6712,27.608027903901,-15.887980781925792
6713,47.79022624404248,-7.716136146116792
6714,26.133318829540485,-14.069023615473286
6715,71.50286782935713,-6.466450332257989
6716,48.00008511339189,-10.719942774585045
6717,35.258389383351265,-8.229435573084166
6718,39.09075331304781,-6.2977864551159835
6719,69.10374310047693,-5.457030448817712
6720,1.120413641319451,-24.824837042945237
6721,52.85693654246153,-4.531917626240056
6722,28.898779218642744,-16.735249951032173
6723,82.99751493872111,-5.041987530404512
6724,60.20462798631032,-7.716136146116792
6725,59.15223445537681,-6.115470430135794
6726,44.96807213386682,-9.996518579378
6727,52.05835817523674,-5.351853543715823
6728,17.277761064453067,-14.484971623564281
6729,63.37744703933452,-6.466450332257989
6730,74.89986560682749,-7.716136146116792
6731,1.343773091724354,-17.15940629109205
6732,35.530995071956696,-10.194734304568975
6733,17.65132061474901,-13.786509317705264
6734,69.23458840707588,-8.55906472405622
6735,40.485147737353365,-9.91729907854828
6736,24.23795763463479,-11.347137545551266
6737,64.91207969621146,-7.716136146116792
6738,43.89590109573349,-9.44224701132914
6739,17.2539019635783,-10.9991259819598
6740,15.781134174774557,-13.89241902445172
6741,32.32233252633652,-12.58335239026065
6742,13.896638201787459,-23.606599856231224
6743,20.376744794200707,-13.683626366916734
6744,80.18787224098567,-6.466450332257989
6745,53.68073210759585,-14.853426819291593
6746,13.276905210185497,-13.040820894879602
6747,71.51946983951511,-7.716136146116792
6748,27.59565756441116,-7.716136146116792
6749,31.860277146117923,-11.322044122372288
6750,35.90114616899507,-14.460161160828111
6751,36.24231616954698,-13.229784893665176
6752,55.3378299719582,-10.813989558664527
6753,-2.3114534248600327,-14.81993442810391
6754,50.85328572689514,-13.34829670590808
6755,52.0507616099575,-13.376850098050442
6756,31.41080631732407,-16.73780137688179
6757,9.520696079216751,-17.888932807439485
6758,14.96320630119008,-15.158964653665997
6759,7.495300856967613,-15.822464385243917
6760,49.768928305333745,-10.27887199829759
6761,3.001113225342289,-14.655019233126055
6762,66.7577973705506,-10.522278760638171
6763,42.41370413151859,-7.716136146116792
6764,-8.524457490390802,-21.217705862761083
6765,29.38142923340761,-14.967372971198623
6766,44.07071930838795,-6.910394898230921
6767,29.276860998456122,-14.411664991694472
6768,30.729134534359147,-10.301761480678318
6769,47.60559834151816,-11.39784201934636
6770,-2.8595538902825957,-17.132538570860522
6771,34.89064728293103,-12.162600880865782
6772,28.36655336197722,-16.234777666543255
6773,13.118787124807518,-14.887621109486215
6774,45.319860089018185,-10.021884837795557
6775,51.21227133477155,-21.468786594587797
6776,31.196854438626964,-7.97161901963478
6777,52.521021413173344,-9.016070671472242
6778,73.05011307899842,-12.570416213273772
6779,44.599511126314376,-10.335283615516232
6780,27.68326944631079,-8.889431537192571
6781,77.07541417966495,-4.373138192561898
6782,38.63067850239696,-9.66342025885998
6783,14.589388729135466,-13.932730873030208
6784,-1.8141554530858528,-17.68683098083297
6785,63.6249254604806,-14.176299401981328
6786,53.949860740469106,-11.216995247782712
6787,73.22846004075913,-9.375737431215825
6788,55.97620600114881,-12.266209711078012
6789,61.26011261463156,-7.716136146116792
6790,11.546243917912147,-10.69900122389489
6791,49.55825734462065,-16.87042904838568
6792,-5.223431042000659,-16.39398292383447
6793,59.615605689009186,-7.716136146116792
6794,58.20880006237896,-7.7917525184089005
6795,12.068186559014116,-22.169272289122766
6796,44.53899079030925,-11.453735050125236
6797,29.924251517509013,-11.21594076413982
6798,-14.394216432230934,-27.34504207647952
6799,21.247123182608398,-11.004816414459873
6800,65.14977059108638,-9.084531072294666
6801,33.524694828966936,-9.93225033847831
6802,75.25700580946703,-4.373138192561898
6803,-14.419467715657309,-25.877145756300436
6804,57.5723659932448,-6.677850055723267
6805,3.573959904643087,-14.407133059645705
6806,61.19099774705088,-11.43708589862149
6807,52.8096798250008,-9.986158903738662
6808,17.793337782438744,-18.266618396091538
6809,71.03556847753066,-6.373247278637628
6810,16.416651510174685,-19.094447906851354
6811,33.116298384895785,-8.846097220039706
6812,21.83775687518914,-26.77420634742178
6813,51.38725580519468,-8.929989026244678
6814,-8.199718498140275,-18.121085069300193
6815,31.103705275730185,-12.160747250590187
6816,8.233294314560414,-13.565589268003786
6817,45.8695215992025,-8.025708478311833
6818,34.82907360112932,-12.029852228460246
6819,29.94755286920845,-8.322101558516803
6820,8.981516341489337,-16.94825858191672
6821,36.79168222899219,-8.254276800131844
6822,42.30154267250423,-6.635620561434807
6823,34.13311055276023,-8.929989026244678
6824,18.251627703540496,-11.023610062112121
6825,5.446476309502657,-15.633608321364356
6826,8.18059586844193,-23.29557238036931
6827,-7.641327010927268,-16.437172358418838
6828,86.45576163424475,-5.9785580376294885
6829,44.34863170973917,-15.679179672136524
6830,40.32325407818402,-15.808095960906376
6831,42.15048905753691,-8.28169988775339
6832,70.88799094124796,-7.716136146116803
6833,32.705048897578635,-6.645773021281087
6834,22.94409635253882,-11.518640988800065
6835,46.94729810459612,-6.798108031307748
6836,53.48399484269039,-7.187026745813507
6837,84.6806284442477,-11.20940502470501
6838,60.50052320567252,-9.33197301704044
6839,69.08525708295117,-8.929989026244678
6840,13.846567638017548,-21.0724071414606
6841,5.572781619369982,-23.836881855565405
6842,54.820699013267095,-13.237807932119017
6843,26.65428722940961,-6.036681148013656
6844,57.82715895062722,-7.035923349702255
6845,47.22138118885295,-10.009937454889961
6846,4.18389725558348,-19.934477083082392
6847,9.608619275860697,-20.38334056718798
6848,20.699167101565408,-12.081744081461887
6849,72.81904361988715,-5.074592780082332
6850,11.892062867476483,-15.650676990427293
6851,7.373510292988539,-15.405216588417348
6852,35.28046873163686,-7.850134864836866
6853,-4.850377844485232,-25.755112586385597
6854,25.90622651386576,-10.328898267397957
6855,13.246756567992858,-9.810173860921322
6856,-16.793171516548167,-26.457687683808107
6857,13.870313419580139,-12.182533585862743
6858,25.051649526122468,-12.134541721680158
6859,57.1300710174361,-6.196760809292545
6860,-0.9556353940709417,-13.683626366916734
6861,2.5881838691853787,-19.209340588576275
6862,14.468931136436591,-21.611904141205617
6863,30.56334708739947,-11.751837041882784
6864,35.28808226365183,-8.202445422119242
6865,-3.1249584120171203,-23.05993718389758
6866,46.90759407658547,-10.4941364850497
6867,66.97818521116858,-7.716136146116792
6868,21.005660923888602,-12.092209984466551
6869,49.6963745427439,-13.688226852804164
6870,51.712464122744926,-11.169146529455409
6871,52.16153687102059,-7.7161361461167814
6872,66.04298894020732,-10.905332535058598
6873,38.923802573725006,-14.836884721979493
6874,-7.631258387573469,-26.69902253984112
6875,28.652009837038527,-15.700515900257283
6876,69.09627859556961,-9.249294699629973
6877,34.794745620769206,-9.723390176332448
6878,69.87410490169627,-10.663689155621746
6879,60.35432415050985,-7.716136146116792
6880,11.042113255665843,-18.910882143272723
6881,35.965411929547656,-8.396617344615231
6882,50.142488770662275,-14.435263161990786
6883,14.25405223595979,-11.52833600416907
6884,8.328753777765051,-11.143351499939392
6885,28.78715180119147,-12.424512500664175
6886,57.32436956955329,-13.983486244435127
6887,23.495227462062562,-11.135277665559173
6888,15.29114798025699,-11.24341135441661
6889,22.56830510759236,-13.996245092556803
6890,19.75808745480223,-14.374338328754455
6891,41.75906890717316,-10.649326002641047
6892,26.246306128336382,-16.016121871291354
6893,35.58795778535342,-13.536428922866373
6894,37.882077579042786,-10.492179042815586
6895,7.322591179919202,-20.13758865754892
6896,83.62446173506959,-7.231687476061732
6897,19.22766494856416,-12.992613438349043
6898,-14.256454191114454,-23.01089648779897
6899,38.442987544064124,-11.284035269477089
6900,41.740247764474184,-8.824200030759854
6901,27.033146171293176,-11.255976233413435
6902,62.361497393553854,-6.466450332258001
6903,45.414888424639614,-10.52114011548877
6904,85.8344909496636,-3.7630439387617565
6905,37.675010975862435,-11.927964557772054
6906,42.23670887909867,-17.562390823343176
6907,22.143368859633195,-12.259008407188732
6908,5.59253669474431,-21.765578868379887
6909,3.98305990278347,-14.908422967433399
6910,2.968979574223707,-19.462990454985942
6911,23.32987538855267,-17.79078459922434
6912,-7.8106217435340515,-14.421585808289816
6913,21.467334749926415,-13.946137054855079
6914,46.80741401123441,-7.716136146116792
6915,55.20298447275862,-9.901219297215846
6916,26.28316460293498,-8.066979237300432
6917,31.382805202775145,-10.613171317794624
6918,2.525329219372008,-25.15619204409303
6919,41.45863440317381,-8.182222892506196
6920,4.375024288610985,-10.128819773255792
6921,25.511320942182802,-10.42400296097792
6922,29.221372676213917,-14.133821905917932
6923,62.151910952963554,-6.892713001745476
6924,70.82438611919252,-8.850363507402214
6925,52.65575263229589,-9.643259806531946
6926,5.52878531002563,-19.244391000205287
6927,-10.2707832755231,-25.83774850126246
6928,90.66330513478995,-7.309543162511201
6929,22.169681241104723,-9.91306840275703
6930,33.939510606373545,-22.402240675960762
6931,44.473057193592844,-14.860003305364389
6932,23.22384226711842,-9.763425535793646
6933,3.9587119548032623,-19.023792360621794
6934,18.18864982726536,-12.389464701054266
6935,93.4592736527671,-4.373138192561898
6936,21.033355675533507,-10.511538163424383
6937,40.62755568546592,-9.299302326415637
6938,21.597528703482883,-8.178072111411549
6939,4.310226616779533,-23.537763796261824
6940,22.709032662054753,-9.731065627604686
6941,16.983014844113175,-10.67168401300157
6942,37.162099142756034,-12.267129411319754
6943,54.338693097953204,-6.466450332258001
6944,55.33296303049431,-13.174683337833159
6945,7.941719496315036,-14.809757653626843
6946,18.25577956039637,-15.886605526518082
6947,-4.199022375836026,-15.051294935005044
6948,-3.9519899548945636,-14.626744033835081
6949,43.904040812364165,-8.586785913118222
6950,52.18802515964845,-10.73333086026389
6951,-21.712269739301426,-25.353828723289197
6952,-11.943808235804864,-23.678524252277423
6953,0.5018923932066821,-13.663965046938698
6954,10.14184093084678,-12.908738936209307
6955,17.10391277424952,-15.794475136437969
6956,20.407578348692446,-12.796965717915077
6957,23.77518287903788,-9.713761657769615
6958,48.97570026304472,-8.843123836602796
6959,40.46233421594039,-9.799665115152534
6960,15.400547206302395,-28.12193462452178
6961,81.45717916329127,-8.89642612793271
6962,6.923811133192537,-16.782349258313555
6963,23.42163766311931,-10.485545089011438
6964,-13.840319973674465,-17.38509822626061
6965,32.94671536222835,-15.204413306927156
6966,80.83399574201917,-4.2730847800563465
6967,36.409456979202346,-21.270190451765846
6968,37.683945461214364,-14.260313647287393
6969,87.76790103706564,-12.583819828282428
6970,31.39489139162752,-15.960083886042364
6971,39.552275750750084,-10.927093672184673
6972,50.429245799780034,-7.716136146116792
6973,35.612628327740595,-9.986158903738684
6974,47.29723332286686,-9.53856702878958
6975,37.45544815099029,-11.966395490773685
6976,5.147951522172489,-13.39619385302081
6977,42.206028302767784,-6.466450332257989
6978,59.54738039600831,-12.326847955217168
6979,79.16853020384926,-6.963533964030988
6980,56.63930213035331,-6.466450332257989
6981,4.02603716265133,-15.630565924902251
6982,10.323531934018582,-10.680662035294453
6983,-8.421084139485247,-16.16416008023046
6984,32.03766549618159,-13.796983592880508
6985,9.57438984889305,-16.804678535478324
6986,28.100638591972803,-9.43770038338041
6987,25.038380253184013,-9.09594332550383
6988,58.377955381697056,-9.681462720615341
6989,18.734056558743116,-13.49415091079278
6990,42.126818563996025,-7.716136146116803
6991,30.8559964685452,-6.997018556109991
6992,-16.578629583164272,-23.140662460736316
6993,22.468248780817547,-11.744331239012794
6994,29.138852210763112,-12.72345380185762
6995,51.42763946788964,-10.879381665506415
6996,60.429790402702245,-6.661050791558121
6997,22.15574138114269,-13.577707284613838
6998,15.892495074138147,-17.565336107804708
6999,63.654700402784826,-7.716136146116792
7000,24.543071964089847,-12.598559058342062
7001,23.284570228638657,-17.410819002077915
7002,47.933960242373686,-10.950914210946861
7003,10.654883034520113,-13.90406558701357
7004,55.349967671146636,-5.688298426172345
7005,39.331659339927796,-7.780951437655659
7006,38.835474598895246,-17.458360668699523
7007,7.474038902838864,-14.096768920130787
7008,54.42042056612757,-5.99262288727207
7009,15.609909759948515,-16.240038682714662
7010,58.9770563706262,-10.555131595969524
7011,-18.27524029234604,-25.088515449121505
7012,64.94106574978804,-9.310593052871418
7013,56.156462022778065,-6.466450332257989
7014,52.89082946695815,-14.941278585275054
7015,50.785124905831694,-14.269413008326904
7016,65.79167471234098,-4.67739899316435
7017,52.37064030081731,-6.9538494411561675
7018,32.66218553628679,-8.459355070101038
7019,95.81007660219055,-6.287512587075672
7020,29.263655351549755,-11.566233425647054
7021,46.89962592324805,-14.251218058483527
7022,52.55068270128673,-10.125734417229992
7023,51.17276698877722,-6.466450332257989
7024,12.652798442578206,-9.320082435371058
7025,43.1624446880075,-9.614516857186429
7026,12.963651899993645,-15.71305434546878
7027,20.713436527756322,-15.1670738568777
7028,81.08484350998137,-7.716136146116792
7029,21.768681649767572,-12.887670544740581
7030,21.248074987023656,-15.809014269467836
7031,40.06646135330012,-8.262220542951692
7032,30.555427331589158,-11.134325017627756
7033,42.07399859127514,-10.169358740595014
7034,25.5184681450245,-11.511881159074433
7035,49.38167608896138,-6.466450332257989
7036,66.37841104073223,-8.930022414606388
7037,69.93010693324686,-3.7630439387617676
7038,-11.164686957826353,-28.81680457970244
7039,39.753432341287805,-12.23333437614702
7040,48.16008955097433,-11.518640988800078
7041,65.60068067636998,-8.217458622869266
7042,45.375960540896365,-12.772598397604117
7043,17.569690821254547,-12.108298790707316
7044,-15.239689583578741,-23.06403434459485
7045,9.81326741711699,-22.81514524587085
7046,3.197932592898778,-12.930190380958983
7047,-11.528848202610043,-25.920438579815077
7048,53.62894825491862,-9.098990633823034
7049,45.22389011683732,-19.671599561379296
7050,24.762256022682937,-13.685246681671327
7051,62.435347526879134,-6.188939833273888
7052,31.75217377491759,-13.855776647437757
7053,32.48535030896289,-9.136021550725603
7054,22.236215183276563,-12.346913774397994
7055,28.945449861008242,-14.57743746843515
7056,54.08414097046212,-9.15504890998654
7057,37.39264863257452,-10.840500035484247
7058,32.43289233114537,-14.19682628489638
7059,48.783025432064456,-9.75592488326994
7060,12.049328599429533,-12.08824862052561
7061,28.85202331633565,-14.772813911525262
7062,10.415506759842952,-16.046779177591585
7063,44.35635601145693,-9.349540167692227
7064,19.96033511176112,-15.098164959527061
7065,36.51556097180961,-8.891531182044643
7066,78.82193217609253,-6.645773021281098
7067,44.371790875580565,-20.428533179887488
7068,-3.2750444811527557,-16.990325011125307
7069,23.39780995206553,-8.347643219785095
7070,65.53887475645568,-6.466450332257989
7071,52.557079354693045,-6.466450332257989
7072,17.7620386906862,-13.513866522615814
7073,18.513280246878615,-9.624377611872925
7074,28.445804890749258,-12.834239411393023
7075,67.20860982104628,-7.035923349702255
7076,13.492443751238682,-32.5812442014572
7077,53.25220952272585,-9.48446294637425
7078,22.473221629185748,-15.277331109234204
7079,78.04817515327194,-4.373138192561898
7080,48.346892767732164,-8.459355070101049
7081,32.325463979195135,-10.357209425044722
7082,8.93541867919312,-18.7291393121223
7083,26.828735691413197,-23.410524510299812
7084,37.64026667039706,-11.436297984425781
7085,39.560657526336485,-10.866455979090661
7086,14.839112993114822,-14.180783171989297
7087,11.009216389004074,-20.015469459502132
7088,50.18760636572877,-16.732069334278854
7089,49.37169885011596,-6.720953602193047
7090,63.154714761097395,-10.795658364159099
7091,33.19194802067806,-12.835120212910889
7092,13.299565044595575,-15.132632035621308
7093,31.88377149221966,-13.960328440510105
7094,11.35571709816916,-19.864371336393695
7095,34.17774191733993,-10.093069342639005
7096,2.566409568033712,-16.595427695708654
7097,19.83769464504206,-20.984744645541685
7098,44.127551510679844,-11.033633466165881
7099,108.48344908383001,-6.466450332257989
7100,19.729602879916296,-10.868535524164347
7101,44.491547121349704,-10.02323098865987
7102,32.6681932037848,-15.649076263909013
7103,84.41145831014384,-7.716136146116792
7104,32.91118387705243,-11.659503886904975
7105,19.30945438867562,-19.467309747355344
7106,-2.0774588736251043,-19.72208659916547
7107,5.639277217761318,-29.5272005303583
7108,36.05099566817673,-10.95343456429233
7109,30.78660396526276,-11.735129590587778
7110,39.861305426857975,-10.241543066445358
7111,7.7941230349139135,-23.386378497933592
7112,29.30687410478574,-13.829227218566565
7113,3.3797366283866204,-19.077936467374524
7114,28.73831516177614,-7.716136146116792
7115,7.6117899952328205,-13.550359357785313
7116,29.936284983745477,-10.04486321830952
7117,21.278868334586253,-13.983486244435127
7118,39.0208048818194,-11.381875005225284
7119,68.8386465100326,-8.598091146833553
7120,62.70715415218226,-4.9799923350498325
7121,10.6872054270166,-12.97311744035693
7122,24.470148242673062,-19.189561543507306
7123,58.96790107112216,-6.645773021281087
7124,57.90487218702371,-12.734148013982649
7125,30.88117956975762,-9.980711459085933
7126,5.728041007100737,-21.853142493921183
7127,8.92639756248419,-11.287341350914959
7128,8.499545204336801,-16.843848732936728
7129,66.64498525507199,-4.373138192561898
7130,50.98771671801943,-8.300650368578989
7131,2.2079166021428565,-13.936608637770087
7132,11.20735417234313,-15.095295162566213
7133,29.521190989828618,-13.718579628057448
7134,40.21823575117496,-7.716136146116792
7135,55.67097328001842,-7.716136146116792
7136,44.86835313416972,-7.716136146116792
7137,13.97303378519501,-13.812049685290084
7138,25.80419381612351,-10.074688481831329
7139,15.753960540927592,-12.025967850532082
7140,33.96326993911132,-10.807018788428802
7141,56.27546388014948,-9.656104970636726
7142,11.134633447751142,-20.0095904247223
7143,12.569793566828146,-18.559440321661093
7144,38.84994370826942,-8.774587109544218
7145,25.49565680714716,-11.149479587392452
7146,12.579147681105528,-19.043689476356807
7147,61.06529452776726,-11.00579302314677
7148,36.0203446494707,-8.459355070101038
7149,33.16659682219063,-11.497345238784307
7150,-17.23347395038659,-24.638660726091267
7151,37.8919090594741,-15.32497254628109
7152,35.2394070744827,-11.778030351051994
7153,16.014515060360534,-23.5111210495642
7154,70.224666968551,-7.537262306653725
7155,69.3685989078833,-7.716136146116792
7156,18.575925324747477,-19.598805160395237
7157,75.31793060538273,-9.853293361697425
7158,37.60640937647835,-7.7161361461167814
7159,46.35365633258386,-6.573322743962939
7160,54.11048020758111,-11.506964949972264
7161,20.160843559030962,-10.717080646343668
7162,-7.763664248950974,-25.082138459072812
7163,9.149744344247402,-22.092954958258936
7164,53.89868038546128,-14.677885682507096
7165,41.75186516866456,-9.172048956482614
7166,75.58468699951129,-7.875330661004032
7167,26.198098475083764,-15.549437034358316
7168,48.28219600447099,-9.986158903738673
7169,36.89674560286258,-9.94912539346502
7170,7.067189885470038,-14.143507052510673
7171,45.6466954368367,-7.537262306653725
7172,14.559193220602618,-8.555033008611368
7173,31.873025194158423,-16.428140253952407
7174,105.88038338520805,-8.757070069415217
7175,46.376015243603355,-7.554923524322932
7176,54.851080982498715,-12.475516164742784
7177,18.521420881435844,-15.097615200114745
7178,29.46391376846538,-15.661147929307917
7179,45.859089160737135,-8.756282369161305
7180,-2.772117270805574,-18.850306946154472
7181,31.461909622475925,-14.096294174668278
7182,17.018117210523,-25.13792949931194
7183,54.049508984967986,-11.65525002411789
7184,-24.019126882200382,-34.56139823630473
7185,12.159999135315381,-16.714592995530285
7186,10.24178745190576,-18.810744656775537
7187,37.50313536017873,-11.538943461478912
7188,32.80721191118761,-7.875330661004032
7189,53.22766357847162,-8.830593608726623
7190,96.06872199165704,-5.556757185331584
7191,26.357216981778887,-22.90258473680291
7192,61.78479883946155,-6.181891272198936
7193,23.338391591673613,-11.214943573386982
7194,54.72706892818275,-11.659503886904975
7195,31.336088645700787,-17.88873409700852
7196,-1.5868004483574283,-22.40859739069131
7197,52.94304311611499,-10.387060823528405
7198,54.618883514170726,-11.83000925851817
7199,61.4177397195703,-8.036726863120036
7200,23.809739263516793,-19.159568787878655
7201,14.905042448106443,-16.483049782070925
7202,-5.844327140066719,-21.812011107598515
7203,39.12742941529756,-12.826802675136861
7204,30.186025598907797,-12.790919771505816
7205,0.729499844975745,-12.728581955211137
7206,36.93883519675036,-11.24887600165162
7207,47.58460378242704,-9.09380119874097
7208,40.67006879830202,-8.677183026978874
7209,68.65592118992343,-14.683666722863098
7210,35.02099297665284,-13.191639396860067
7211,33.76029047328206,-10.568325499221631
7212,66.8797881804846,-4.373138192561887
7213,-16.282275112386767,-30.245268233135203
7214,97.92620337991025,-4.273084780056335
7215,25.697336836833486,-18.331204503837505
7216,-16.80862960381163,-32.15108552253633
7217,73.98596054969325,-5.2746856047042545
7218,32.49637720713714,-9.66472686046952
7219,51.03934750992127,-7.867894383134066
7220,67.4285273616206,-8.477427022477169
7221,32.91263421708035,-16.719593997342308
7222,58.29498721576807,-7.725625082922538
7223,19.718542937950367,-11.255489711141042
7224,53.91215439098438,-8.875880319750939
7225,5.252960363958525,-19.868964312168448
7226,22.162158516601504,-18.557091783410694
7227,-18.60393656382353,-25.29829881620378
7228,24.846117108854738,-8.862162396465756
7229,22.904932862812743,-11.712852773593196
7230,13.036328870706605,-20.817932808501048
7231,-11.817496623907974,-20.42061017330451
7232,18.899382956718803,-10.04652612043062
7233,18.96491546584571,-16.559036922048275
7234,-0.2549047425903228,-19.178759611042672
7235,32.42075533163398,-14.880768911817876
7236,12.861232359517949,-13.756583278002887
7237,15.59034258619636,-13.985142238276183
7238,3.9174124347378214,-17.41362211859875
7239,25.998246091545575,-10.331250960105375
7240,40.2887100069943,-7.798260923833689
7241,56.69213675626503,-4.273084780056335
7242,16.0765727749949,-11.850912176078332
7243,12.153341922677363,-12.483350872283584
7244,37.21946891048227,-16.69881210022278
7245,19.686397441887603,-14.187503596809293
7246,39.434640829459866,-9.18509561881523
7247,67.34944827811691,-7.194601742751483
7248,38.0888154530457,-8.969309386861369
7249,9.996625435580796,-20.25947543822697
7250,106.51566987945844,-3.563656885401101
7251,25.95410943107297,-13.125290711160954
7252,53.051051319561424,-7.716136146116792
7253,-17.39724216415076,-26.877157641211557
7254,-8.743312769296773,-23.6116447087377
7255,25.214927641744733,-17.97349138654518
7256,33.80965235237585,-7.716136146116792
7257,18.637905811721488,-19.4361359004236
7258,49.64290860105751,-7.716136146116792
7259,45.691836610630546,-18.177486409273357
7260,29.160846595193092,-15.273067731302381
7261,20.319923551842358,-14.19180945429157
7262,25.844773829496013,-14.671339903883817
7263,59.7552239465812,-9.992285351667363
7264,-24.982775728874284,-27.453331572252495
7265,-7.131337530940074,-20.13148268918351
7266,28.522326113863205,-11.005987024535212
7267,86.99040090703778,-8.551121385746551
7268,3.3864570896615653,-9.808715649828592
7269,15.269733197200154,-15.588359107985816
7270,104.81147468764505,-4.273084780056335
7271,24.524442018879753,-15.444533529534944
7272,28.885854360593257,-16.91454913052951
7273,0.9608447153944377,-18.94395519369889
7274,1.8637152899125597,-14.652699148229198
7275,35.167591376195475,-12.128720423032458
7276,59.01587963322961,-14.552324736220301
7277,44.18698008212021,-7.712610529536201
7278,23.57624720826692,-11.659503886904975
7279,29.42450925844433,-14.17273834486663
7280,37.544095547937026,-12.148235658541607
7281,25.988957036043114,-9.984503195497362
7282,23.381794801867308,-14.916271561983363
7283,-6.7501991825268615,-36.25923469252258
7284,16.4051302845873,-12.682477741923337
7285,17.055465273430137,-15.518550307626944
7286,1.673555212614919,-20.413064374734546
7287,-19.323682662251695,-23.72765450623746
7288,42.3080308811886,-7.716136146116792
7289,18.251046140193573,-22.760530087188513
7290,56.21941540368487,-11.849522448237337
7291,32.997984057064066,-14.353744276165447
7292,10.175176904560512,-11.753611685096931
7293,55.57525741432583,-13.1041597700561
7294,86.56943909405194,-11.811548494316238
7295,19.103111720058408,-12.24537621090489
7296,1.938481920066648,-15.084178704322026
7297,43.042363538422634,-11.288746387658644
7298,-11.167446603610498,-21.358053378316654
7299,43.30191068315958,-9.416657822901609
7300,33.788401676541625,-16.4553882201766
7301,52.508536472611425,-11.004816414459883
7302,23.0032532845182,-14.41715103937794
7303,22.15008066533275,-15.039698806929035
7304,62.998099437256315,-10.32044777787946
7305,33.47475012207677,-9.379607003160729
7306,29.011577077197593,-10.54292395084293
7307,4.38955629536284,-19.775181969900924
7308,43.457219892148636,-9.836816410305326
7309,50.967166513114506,-17.685843563403903
7310,23.777222208651438,-13.167085403921597
7311,49.54224024926652,-6.466450332257989
7312,55.35416504570616,-7.875330661004032
7313,18.003344321542446,-9.657997270957564
7314,10.958478343541778,-12.371859473428227
7315,32.06363042149552,-13.3512725375598
7316,69.74278776239895,-9.70405728574587
7317,49.57100939886823,-7.716136146116803
7318,-7.719477635161387,-23.670625756861885
7319,5.362232121816524,-13.380590392494895
7320,13.694100066498516,-11.152361124659915
7321,13.6372715339099,-20.04901780848567
7322,33.80066931492705,-12.658088451977445
7323,21.477578388236452,-12.879137363704418
7324,77.0284413070433,-10.671436312651018
7325,28.07119851619082,-7.716136146116803
7326,87.12239498937289,-4.273084780056335
7327,57.60515695095847,-7.684463585473933
7328,36.76395724481423,-12.652526339043114
7329,38.34972240057832,-10.131649288068711
7330,50.67295005185255,-9.036014340777266
7331,59.20690481990678,-6.857230785352431
7332,13.407210034601903,-11.95955593346898
7333,9.425992190078114,-11.684327945496465
7334,25.946094244243277,-19.083196573239125
7335,65.25841263666115,-6.966794146442989
7336,38.58069071922103,-13.110099373091566
7337,20.02855224255262,-15.32873403570526
7338,37.66569254478329,-9.469723737584035
7339,34.13925442427934,-21.915699954616443
7340,51.1875697348306,-11.285803996575815
7341,37.905895751892025,-7.09931398077599
7342,19.36323501868731,-18.593066022846383
7343,42.916477640800466,-14.836884721979493
7344,10.709701675827631,-19.926442574827608
7345,26.876215261439352,-13.702718477916886
7346,62.942471639138795,-5.929215430478951
7347,31.712005404747657,-10.465729965701465
7348,45.685398600796965,-10.146759919535365
7349,52.69786326416881,-10.146759919535365
7350,22.529944135092993,-9.682960713857092
7351,48.32316961480969,-6.466450332257989
7352,11.757751680660355,-14.749903135495025
7353,44.301892582867765,-8.771549286385905
7354,42.43941654643659,-13.814818340240597
7355,40.590310261255766,-12.110478675084646
7356,45.35781551084246,-13.250782793516402
7357,-3.4565214915422415,-16.801755133189
7358,54.64246368548626,-6.851024304346421
7359,59.53989532143487,-12.053812149336684
7360,28.445716750850103,-13.685952146538904
7361,24.485050375623185,-12.000542878799047
7362,11.431831310606388,-19.716546523464817
7363,55.04084040081132,-6.466450332257989
7364,14.8451311656842,-10.670578034232802
7365,-6.801293322981772,-12.575511585299493
7366,61.22928316048502,-8.065846274826816
7367,66.58391273508575,-11.659503886904988
7368,20.37611129419954,-13.579550711082044
7369,67.35293846371427,-8.244587839622575
7370,74.18852368914881,-7.716136146116792
7371,14.544800802000136,-19.66998445933855
7372,1.0842300227861479,-21.71092306520719
7373,63.53086681174498,-10.045098761784976
7374,65.91445371105141,-8.926685501334253
7375,24.8875620462927,-12.979254772229043
7376,46.12431190970394,-10.285050229848947
7377,21.58760688316468,-20.327785528475182
7378,45.24370609448371,-9.829443348069066
7379,36.480011457317964,-11.298953111968634
7380,-7.290028178025998,-21.48449721077944
7381,80.92927686771792,-9.211714600611087
7382,60.5577435835003,-14.356368662285135
7383,38.53677376343474,-6.466450332257989
7384,28.048378100573057,-12.058409684037407
7385,15.940237109675603,-15.361106743868202
7386,10.06213940356524,-18.47441143477907
7387,23.945094358658324,-19.46049871148511
7388,30.138110944680395,-14.646253783807294
7389,8.953000749976226,-20.40564498012921
7390,26.183356992103903,-17.019683927284014
7391,33.07865676270416,-11.951020158338356
7392,27.2858897003881,-8.228426014289647
7393,26.121409166122532,-15.20410777216511
7394,56.79273210315232,-12.691187054071662
7395,42.34943839738492,-10.177772771160909
7396,46.020846756399834,-10.274229210648178
7397,24.06101607751159,-14.118371210736246
7398,29.41381100332203,-13.833579503797777
7399,44.70437187962555,-9.879370669233634
7400,49.76551849040058,-7.100833008647356
7401,10.354662589217023,-21.613270547022413
7402,1.1114164491198508,-22.869954525793055
7403,34.291716575170405,-13.011575610570802
7404,25.353187873950557,-20.800990945581244
7405,33.60300657568685,-10.540466074696386
7406,16.395989344079332,-23.349739028024572
7407,26.706375876043055,-14.704144434523803
7408,19.29547598700303,-11.927320620093518
7409,44.87258051125102,-9.10311954060793
7410,40.025600702972895,-14.457095884858795
7411,42.14166043145,-10.267851371857518
7412,41.06439246195266,-8.243343389994207
7413,-6.256884863574852,-23.986686365055288
7414,47.12239243105814,-7.182163301597444
7415,19.733468666613586,-11.498018132568365
7416,39.21475868233162,-13.83252664756711
7417,53.480028590288285,-9.486767637244387
7418,37.08021049460548,-6.782601952130585
7419,48.692854618742466,-6.966794146442979
7420,47.41407624066074,-11.638474936367594
7421,34.242088336248536,-9.351093126150744
7422,65.01155863285845,-5.044063834823809
7423,19.996360058790398,-17.033772474655418
7424,29.419222029691895,-14.964518877610233
7425,26.60900118699139,-9.461240941673953
7426,42.54833815736547,-11.249028556526575
7427,66.32146676905096,-6.466450332258001
7428,37.43526159090138,-16.468555371970815
7429,72.9465259720673,-5.350970357883444
7430,25.16795219353476,-11.342427309815939
7431,16.934312557328578,-12.020678291390109
7432,56.33340238225482,-7.716136146116792
7433,12.580258504753994,-15.161509160319596
7434,15.777234338665046,-16.834096474926554
7435,20.078234208451605,-10.309231905709137
7436,38.433244462506046,-9.457242136291677
7437,15.849055791155319,-13.68369369406961
7438,28.286170665303278,-7.716136146116792
7439,46.16822112092214,-7.716136146116792
7440,22.40110959364181,-10.842547680027748
7441,16.896351519356223,-17.133154771037063
7442,48.8204553243591,-7.016155932558998
7443,42.978741794371686,-7.97161901963478
7444,37.66663611312511,-9.432932450167764
7445,22.064346944694236,-10.265197557689854
7446,49.311100802071614,-8.631158890155977
7447,23.535273789576095,-14.154539081179385
7448,8.962297859193779,-19.52891300197458
7449,46.9559184465512,-13.71435870117541
7450,48.93626605824295,-13.399467530618715
7451,19.849965236409318,-8.63856894787849
7452,-1.337733796412588,-22.932667770105642
7453,19.12235838702181,-10.27721968473967
7454,34.32178591405663,-10.146759919535365
7455,34.74485500579387,-11.719436811227713
7456,16.076686797259775,-9.187959892394604
7457,51.461141158643976,-7.820516905446184
7458,2.751373086331621,-15.443798390383368
7459,43.715739265302965,-10.453898116422955
7460,23.97677754157219,-10.016719277383979
7461,59.55038590753501,-7.716136146116792
7462,32.7089645515781,-9.916554742571781
7463,34.63044163376425,-13.95577082445596
7464,19.87013430220772,-18.838402061769223
7465,42.55904360505121,-11.429813581829428
7466,53.107050300695605,-10.8241825203663
7467,24.285339341088918,-9.282473779273403
7468,-3.327204363367531,-18.082035381076032
7469,51.995050670870846,-7.728433728328509
7470,58.93560370352422,-7.716136146116803
7471,-15.067401691438697,-20.774614251093137
7472,37.282111855739466,-11.435384653983338
7473,61.83961700210738,-13.029974836111569
7474,12.054886570448842,-13.464593967654782
7475,55.026185098397896,-9.192722394170138
7476,37.84936547217892,-7.74079477810643
7477,18.48752624965502,-11.445363329326286
7478,39.55870952183695,-13.23177339685203
7479,31.138340243404116,-12.72201959101521
7480,48.51350982569578,-9.723491442216027
7481,60.229070237733055,-8.07110722863139
7482,45.176298969702366,-8.234689587624832
7483,39.85991657090191,-13.683626366916734
7484,43.30455721115547,-8.103452027676827
7485,36.38939682529945,-10.659765546745847
7486,26.45554590364021,-7.743538202127764
7487,25.31716856609707,-18.288161892103048
7488,40.56639920555227,-14.205582672026807
7489,9.056868616656622,-14.01305147404559
7490,-23.01617754354529,-37.68907301041578
7491,70.75967602133343,-7.716136146116792
7492,45.24138880132664,-11.966395490773706
7493,6.836830006710537,-18.160147646391856
7494,-3.337653319946876,-16.43501846290436
7495,13.749329933840325,-14.836884721979482
7496,56.20095608290339,-9.644928391974583
7497,-14.06166005490287,-30.88952863314345
7498,42.3958494582225,-7.716136146116792
7499,31.05450484584309,-7.716136146116792
7500,39.110410230705654,-5.70834770095251
7501,39.52875549601549,-17.201072180918363
7502,35.09473286996388,-11.374522752261583
7503,70.56725643645458,-7.716136146116792
7504,43.911565285608425,-8.047609723529137
7505,-0.41253479491105693,-18.577575283159298
7506,33.23937946361974,-18.157382485216488
7507,39.23896158951683,-8.461608731940872
7508,43.59695175178076,-13.683626366916734
7509,97.30362813867931,-4.120443904152015
7510,33.35153551600192,-11.560377912426977
7511,34.95431606036268,-13.81469482371852
7512,35.66353898467891,-7.481575947203778
7513,6.595368924957201,-17.836656835249965
7514,56.8315428479703,-7.384482880672993
7515,39.69274759951844,-6.695948297080145
7516,28.997248741801762,-6.5808714235012005
7517,29.661711441909123,-11.49828034498488
7518,48.879429694938835,-10.171393368521208
7519,17.539742524447387,-14.307664523777408
7520,60.99823771829509,-9.549638740053334
7521,19.24754020075994,-15.194146885388504
7522,37.48382362599614,-6.954474377912046
7523,-6.106526890918362,-20.915118370335286
7524,55.677031359720154,-9.989646222158054
7525,46.52327090041766,-10.078022952760278
7526,21.063074217869616,-14.141077935499947
7527,29.743676447410692,-10.559228598302283
7528,-6.5259648381796875,-18.212494563551495
7529,2.7308597216604724,-19.94142050317267
7530,2.677746413690696,-19.69156601694213
7531,-18.383924333999026,-28.09471811627805
7532,47.9765383577639,-10.06079840611822
7533,17.531994035054876,-14.938368876729358
7534,21.697189120509798,-9.724821847196807
7535,66.53540228664471,-6.825472923375164
7536,18.638703235662547,-18.464791009620974
7537,40.19402061746402,-8.02331446212916
7538,104.2793684173752,-7.716136146116803
7539,48.85814450814428,-7.752765042402077
7540,60.337001890656516,-7.716136146116792
7541,22.785702150390907,-11.552815891892386
7542,9.680081874959301,-16.368189279454683
7543,29.685091498202375,-9.341155489628816
7544,0.8638520654429716,-16.178313916687927
7545,32.7372936461706,-14.71275116590849
7546,43.081262778045314,-7.256328176482485
7547,31.37970251874782,-15.900723076324574
7548,54.204482165519494,-10.32044777787946
7549,-6.552006756251205,-14.618240611257239
7550,50.64408565640446,-7.995391760761672
7551,44.60457327794032,-7.716136146116803
7552,23.074013291162075,-14.544842494896425
7553,30.742177291330197,-17.506925760239977
7554,12.867399136150981,-12.726713920984189
7555,55.98184139197762,-9.828001280314592
7556,77.42214755888868,-6.905329753031497
7557,46.746969155861166,-10.585123166433164
7558,-0.8670957798848633,-16.68091419968788
7559,33.57405593150169,-10.737542009091072
7560,43.16357196131697,-7.716136146116792
7561,77.14010634418673,-6.0940020027179465
7562,59.87408807601178,-6.466450332258001
7563,34.82174862416625,-12.777468037355122
7564,2.7813009064661998,-19.03822750034456
7565,19.636125919986714,-21.28046218264338
7566,67.02399317517727,-7.716136146116792
7567,49.41646909714308,-10.605127279200477
7568,71.43564823426078,-10.146759919535365
7569,15.735296910023067,-14.378785408321615
7570,-11.239968444403514,-19.649700950296268
7571,32.68129318299498,-15.209182740115567
7572,10.880643840474447,-14.732398233383837
7573,42.95911867025015,-9.310593052871418
7574,27.532348751328172,-12.823891868645331
7575,34.12042926812753,-16.095024011389935
7576,21.635560466847203,-13.138415027528916
7577,29.2315099490178,-13.05447779548664
7578,40.913687505577954,-9.608387139345155
7579,51.22045887639497,-8.784696890231958
7580,52.075358683532215,-12.769001700802729
7581,50.482487375993166,-8.498716201507083
7582,65.15943641944905,-9.79078864718005
7583,4.756332760227755,-16.364003076469814
7584,76.84396172422687,-9.222830534155325
7585,11.556297162251195,-14.119306471391834
7586,8.983585321981934,-17.54876050520555
7587,21.10992282475714,-12.055203793415625
7588,91.37736447960134,-6.466450332258001
7589,5.2237991920064175,-17.60347862537712
7590,7.5686064468786896,-17.500207485739583
7591,20.59991684674054,-19.056427788652208
7592,29.82820648737292,-13.002994007014411
7593,3.3999697047295996,-13.257159631751147
7594,62.630424341663996,-11.30481797876357
7595,28.061257624359072,-16.524548332005484
7596,54.666652126595025,-5.198339367919891
7597,83.5365050884132,-6.466450332258001
7598,10.147948145611018,-14.153071254492877
7599,23.914012955268404,-12.800524129729606
7600,54.02802053695031,-9.737702164350825
7601,65.3175633259889,-7.97161901963478
7602,95.0555321410962,-7.716136146116803
7603,6.277928896654905,-11.16254521236203
7604,43.30863542682839,-5.328302178029776
7605,-0.7353966029445824,-19.87106470451556
7606,30.940819701483747,-7.716136146116792
7607,78.72210976707082,-7.728433728328509
7608,46.63272465327386,-14.983795571360881
7609,33.12639952563674,-10.124769188514316
7610,21.915062812369968,-12.753441741817218
7611,41.746067328334256,-10.581674583028821
7612,40.91893331268026,-10.140610043441523
7613,29.927323367265267,-12.193491674440471
7614,47.48816790229766,-9.428864552609607
7615,14.802890550935066,-10.79688790148955
7616,2.6540953255283384,-23.987495122245917
7617,28.40668636365311,-11.824901546454214
7618,50.7858455236746,-8.929989026244666
7619,1.9452512077278383,-23.800239713304528
7620,31.123157266948255,-12.115539266493103
7621,12.434928186712702,-17.126570716751676
7622,56.22536743064819,-7.750499942765565
7623,35.970648282654864,-13.581064652311003
7624,33.078957801525966,-11.320939707208733
7625,51.20325577933451,-7.831218230696068
7626,44.5749575874224,-14.36490777775492
7627,37.77544698031188,-13.540172695208074
7628,62.87844211783074,-9.453403326493026
7629,65.80273924003043,-4.120443904152005
7630,30.479323692289697,-12.180109112799597
7631,11.655679637011374,-17.71996316501947
7632,47.14294328540794,-15.937409162621453
7633,26.631485964586467,-9.69096845260946
7634,39.40993387081395,-10.969754722391379
7635,117.39918841376644,-4.120443904152027
7636,10.843575854612952,-11.963729325757788
7637,45.65266897795976,-8.929989026244678
7638,42.41366591597186,-18.22095016086728
7639,6.540620358863647,-12.057839766316858
7640,55.5390587372099,-6.466450332257989
7641,32.76646599745094,-13.683626366916734
7642,8.110756172916567,-13.909945919915023
7643,64.13934984751535,-8.537231714097537
7644,78.27263011402958,-6.122112840753369
7645,56.11876855730324,-12.35533643189991
7646,25.299818368804416,-15.443198605414432
7647,53.12043697497697,-8.52581500708146
7648,72.04278648854876,-6.466450332257989
7649,22.349884000924614,-12.614095978476547
7650,29.31361714383389,-11.751837041882784
7651,18.098146805834105,-14.927659004517436
7652,43.48476925797022,-17.827255307175694
7653,11.656480425179595,-13.69001328342405
7654,1.763570842568618,-22.104555331522846
7655,21.158272263128588,-17.502412280540703
7656,12.613598743843358,-13.46396782600755
7657,46.242136468542625,-12.156219003697933
7658,27.510859477359407,-12.491025660644473
7659,0.027789083545148863,-17.666022117252243
7660,26.188931470100396,-11.659503886904975
7661,50.193144284816206,-7.406951999514966
7662,20.129942135578794,-19.5014964528191
7663,13.393368291462359,-10.556801715636855
7664,52.47299150868996,-10.66029922430718
7665,-2.9992772957033176,-16.390808892914066
7666,67.49044007332172,-8.407833214857707
7667,58.82287015399268,-6.466450332258001
7668,17.929213207628347,-9.860697989405221
7669,35.665098686845376,-12.318240202612174
7670,38.77844140412054,-7.792247689979925
7671,1.7076317978341526,-24.82924047161561
7672,26.52163997223791,-11.188818491325492
7673,10.995416485553978,-16.926855625439263
7674,8.490180411708037,-23.307326034893126
7675,45.684460099198375,-7.716136146116792
7676,3.8961705353554033,-20.019268588462502
7677,68.62359703386063,-11.477314062131683
7678,3.224366813511792,-26.68681559669157
7679,58.71869720103253,-13.112028684426203
7680,36.15057510772384,-11.933982726571879
7681,58.15463770264928,-9.753067666957705
7682,-0.2037705302241566,-25.198285469571125
7683,25.235186764073568,-10.32044777787947
7684,26.68376480828787,-11.920762808523522
7685,60.580640343974366,-11.554751199203839
7686,41.162842327662204,-14.18675969001203
7687,26.86606157700606,-9.176942863819427
7688,22.724183865418457,-12.356993554222239
7689,54.19746855221486,-6.689391105183528
7690,13.38760194967723,-12.0152724187646
7691,18.570260882510237,-16.229183232535817
7692,77.26099495496483,-9.130906993287546
7693,37.24240124616611,-9.35886998749319
7694,19.1654149338518,-17.330689852938907
7695,10.823616547282121,-11.891707247302685
7696,32.16616786756532,-8.544584736947359
7697,49.89513589306418,-8.275904879858242
7698,9.257926803350514,-15.58474118060229
7699,48.53898491166091,-10.926499133760693
7700,11.123326217817286,-14.353744276165436
7701,24.34993228469009,-8.459355070101038
7702,44.52225475515712,-10.173135217265571
7703,31.269749116825764,-11.04449743852548
7704,22.95224063698842,-11.374915741901926
7705,20.10608872377744,-13.822152589569658
7706,19.36108662892433,-12.504133313216759
7707,15.854253110436822,-28.006100894833498
7708,16.617322903089637,-17.50820948058376
7709,31.375014949654357,-12.411467897864458
7710,10.60760906297855,-18.46758396217394
7711,23.014443150793994,-15.973630888045786
7712,6.827261830617237,-18.200511513688657
7713,46.997541222683935,-8.742154096315403
7714,47.04007875016556,-7.716136146116792
7715,15.64744610057669,-13.671994074401027
7716,19.431753187562517,-10.53346289556022
7717,48.76102092526911,-9.986158903738673
7718,16.61108816716521,-17.047973859764298
7719,2.7999396380699704,-19.6739312839918
7720,20.160644494504297,-14.290644362702986
7721,64.90330212252451,-6.466450332258001
7722,73.48164353682488,-5.880184359572671
7723,36.26828643481066,-12.628885622728948
7724,45.999099598903,-15.89567122603308
7725,59.918984214584235,-11.751837041882784
7726,21.07560583534682,-13.851192813926072
7727,27.079924304322446,-10.183858098226818
7728,43.10332898040217,-7.716136146116792
7729,54.04518825151929,-6.466450332257989
7730,48.89173618342022,-6.466450332257989
7731,72.72423987421237,-9.1401299279379
7732,-6.935939827778914,-20.39581297719306
7733,68.94661431259877,-9.007882425063386
7734,3.318430423622698,-22.274720635394342
7735,6.420158553591748,-20.94611816162808
7736,68.15219148104119,-6.496066959072888
7737,43.78815756146031,-7.3005269385643885
7738,36.00590376911348,-7.674995837493825
7739,66.51630142626475,-10.372082172912878
7740,67.58944523315525,-5.627171196356906
7741,9.858723925333734,-15.270594998935616
7742,40.04406624791825,-7.183922763397421
7743,32.03246829645483,-10.486128083497725
7744,-25.409627842172576,-37.739702928481854
7745,25.08225143461791,-11.678398007002432
7746,24.47788303988596,-17.045193946161874
7747,13.432049147536818,-20.210580334180595
7748,58.35849412449381,-6.466450332257989
7749,28.085689388690295,-7.7161361461167814
7750,12.977038660260742,-19.755497319449944
7751,51.09089375075406,-6.466450332257989
7752,49.3316754559995,-10.98145705574357
7753,19.37084656859578,-12.353009294803808
7754,53.51937509513267,-9.222830534155325
7755,49.925522577685165,-9.575720061174685
7756,10.45588467713554,-17.842090851888393
7757,22.0822906958116,-9.986158903738662
7758,23.602964052114483,-12.601156684457749
7759,-1.2702574566568758,-13.848964912613503
7760,18.824421451448558,-20.128668380471794
7761,67.95734148316576,-7.9896419841450905
7762,43.35576235174865,-12.41793548596638
7763,74.14241776496917,-5.160207475098122
7764,33.67323200855752,-9.859427362078266
7765,45.50436387910708,-11.195619680754387
7766,13.679222250335975,-8.950912688848545
7767,67.41113770585405,-6.179268134815164
7768,15.0152434649651,-20.750664799434738
7769,52.71477568177405,-7.220739805208676
7770,6.020179562208416,-26.533618440102302
7771,52.43285346575222,-4.373138192561898
7772,4.99156179158371,-14.98723987667675
7773,28.547079446741485,-15.695449493675461
7774,-7.2677025485920925,-22.41955920268278
7775,10.847042720407352,-11.852407876719784
7776,2.2793573885284912,-13.364229142257567
7777,33.700693796163115,-10.877390179419832
7778,11.365761017777132,-15.429990996012888
7779,26.43041685221781,-11.429716423521175
7780,51.63598030833229,-14.454499570120749
7781,58.57285999429924,-11.698699525346989
7782,24.654297400616,-14.838189075097096
7783,26.21559727640246,-17.944661905132588
7784,7.088413157621631,-18.1357338341676
7785,28.85993986131212,-13.03598663380906
7786,55.017063525764584,-8.16329976613831
7787,38.67811133498562,-7.542915419162711
7788,-2.7166815401239885,-22.630827797401608
7789,12.901200020738134,-14.713527517936209
7790,31.762954099548946,-18.153715709216378
7791,39.62803808246002,-7.870894578800314
7792,56.623309475015304,-4.826802625542226
7793,34.840089936938654,-8.217458622869279
7794,-16.495981748638634,-34.891958780766466
7795,22.45182150531033,-12.434934767584094
7796,59.38581695449214,-4.654825471147673
7797,37.4448201981904,-11.612893467889652
7798,39.17797305871646,-9.877622243996932
7799,-2.081806368355732,-15.999294776579543
7800,1.0966974603572988,-19.338283182236403
7801,44.92049116100214,-10.49313404309775
7802,36.05043246277522,-13.952818549214763
7803,27.553724548838467,-13.35179674724567
7804,122.54865761509093,-4.9519536536791975
7805,25.177630770648783,-10.08104929235093
7806,33.509335522374116,-10.427698215745785
7807,35.82842310075263,-13.903046938126407
7808,4.550372607426478,-18.713182737948863
7809,45.83354539438429,-10.10510402504069
7810,35.50631593723501,-10.123578082825823
7811,29.10374497812549,-11.168847523180602
7812,38.643138580602574,-9.104573623582013
7813,18.138909463494123,-10.392019621572878
7814,50.0964892255245,-11.135115852523237
7815,36.36483063330979,-11.72329889868655
7816,16.285151802009445,-9.986158903738662
7817,62.71571801763678,-14.2965469676553
7818,36.10918453084289,-8.01955005767181
7819,-2.9505165545243517,-16.89096077861928
7820,-2.0440858209132773,-25.21871002263847
7821,61.02083953346664,-7.716136146116792
7822,20.805428526086757,-14.7319554856442
7823,33.4401386356346,-12.993073955136547
7824,61.537366607914294,-6.466450332257989
7825,47.634441625757475,-11.227847290212711
7826,49.42509688170724,-8.899306232221916
7827,51.36384143304211,-11.117870030067834
7828,49.404829597353014,-8.969498359075011
7829,40.354011339568906,-8.88097240193395
7830,50.29625951031984,-14.48734059157115
7831,28.206255545987837,-22.502241141349632
7832,36.33781560075104,-8.555033008611346
7833,38.85884508643742,-9.435647571052053
7834,-17.25704184287301,-27.3297796174765
7835,72.04215025229036,-7.313394198871103
7836,40.46004020539748,-8.495460567103141
7837,60.68933657506626,-9.95375664978787
7838,-1.7528036163170002,-17.02537112214366
7839,23.162832323787196,-7.875330661004032
7840,0.6801820630266908,-12.712311314298919
7841,62.023804643955316,-7.901218088514783
7842,43.99449562890601,-6.55911810733627
7843,63.2266821993273,-7.716136146116792
7844,19.832846202396226,-14.186195192861517
7845,38.80726725063322,-14.154272844721284
7846,-15.323363892279085,-24.831156465587057
7847,54.04858623810076,-6.466450332257978
7848,78.87709752929972,-6.689391105183528
7849,71.37116022334817,-6.466450332257989
7850,15.175712097771466,-25.5907775854325
7851,20.597433463561753,-9.986158903738673
7852,7.649939059173749,-18.874352634038914
7853,11.589303488747404,-15.739041950984067
7854,34.7637163582714,-9.72154667006848
7855,4.079032299576668,-24.586726653048675
7856,12.651441944068775,-9.312949517756353
7857,30.752192195690363,-12.809771746764376
7858,38.471223045502214,-14.213954399038709
7859,6.445191866774103,-15.427190007654856
7860,23.502988932028003,-9.047663135957063
7861,44.923281625487135,-11.500237673594471
7862,36.37416812045902,-9.922774106783583
7863,62.40405819131203,-11.659503886904988
7864,21.933824803218638,-10.77489576628976
7865,52.78887394498262,-13.786226553069325
7866,58.83663407462583,-5.676151262272056
7867,26.21943434171634,-14.046045663386785
7868,3.2845859407519384,-14.593329432786096
7869,71.67439026973771,-7.716136146116792
7870,-11.978133533430357,-24.782126192238596
7871,17.471358277722928,-8.217562368869002
7872,16.489457341405167,-13.016607106299938
7873,14.918752713379169,-13.594120035484458
7874,45.24454682449133,-12.133710483211335
7875,43.469817603733716,-8.90862354831662
7876,20.439941076717517,-16.419493704440203
7877,15.639761391384187,-16.02475700907545
7878,29.528134338142298,-20.32259008384746
7879,47.36308821018975,-10.450692072612922
7880,10.895088671468333,-21.818998723454865
7881,10.085144253373501,-25.36791967381046
7882,75.49643890471735,-7.716136146116792
7883,18.990262441106864,-12.821123278665258
7884,24.49999959115763,-17.390630647863993
7885,-10.830112327744745,-33.66540206138995
7886,4.1232171978432985,-13.430074946409952
7887,17.897691979686137,-13.127885923980575
7888,49.1230684390632,-18.032570731580368
7889,28.049591664791063,-13.985854152108224
7890,3.3274976968673764,-13.73830066021422
7891,19.523975541291083,-12.519342478492979
7892,30.698500899879377,-10.32044777787945
7893,45.38306001653829,-7.66379536840901
7894,57.90848831006077,-7.716136146116792
7895,41.36658211310076,-17.203860439566977
7896,34.68647740889341,-9.10982794490376
7897,36.259936830264984,-12.010685944326138
7898,73.72080834391734,-11.188818491325502
7899,14.486132300783527,-23.7592043296035
7900,48.43391074500272,-16.579361309181017
7901,32.687911531435134,-11.364767766695227
7902,61.371830990102374,-10.463218207356705
7903,65.56396771616579,-8.408468975951633
7904,11.449328981970574,-17.98478810896198
7905,57.38823336340244,-8.036726863120036
7906,44.90634954124473,-8.028826170623383
7907,10.855054260282593,-11.812167348886504
7908,30.546428666064095,-9.94604787821033
7909,75.27901141611615,-7.716136146116792
7910,33.78630746975158,-8.560710401095672
7911,11.470361262162342,-21.212053974405876
7912,13.867547894069565,-12.661161897637896
7913,22.897917932082844,-27.170455171160345
7914,20.990943407070105,-12.317426605419257
7915,36.66054110578707,-11.188818491325492
7916,18.689453180628867,-16.53617721045776
7917,38.185285355497214,-12.78883280772165
7918,44.10204672625502,-11.908796237926367
7919,42.095652184376966,-11.922206370401323
7920,40.87749819349889,-6.466450332257978
7921,10.689967626662057,-10.662975922458529
7922,50.11433156555005,-8.555033008611368
7923,61.902686836423435,-11.915980525538705
7924,45.4353942036704,-13.439324747995462
7925,61.451466617834186,-5.8801843595726595
7926,5.760951262830227,-16.004264137675296
7927,25.444981867564522,-16.6262084083998
7928,49.88961219007657,-10.27331204730716
7929,39.73135797657661,-10.295000779201924
7930,-2.1318198976555847,-11.412675768490988
7931,17.395169643277097,-12.131351168814897
7932,45.1297766631602,-14.455819995865394
7933,62.25456957873978,-9.50721420209646
7934,53.12841793732517,-9.28174308306281
7935,34.55456462982218,-11.004816414459873
7936,40.39892125528108,-12.80220525346759
7937,-2.9958837797068982,-16.922005587222166
7938,2.2744563678086305,-18.240399077717974
7939,71.15223547741468,-7.716136146116792
7940,55.289291015085155,-7.716136146116792
7941,10.05516526139365,-18.68277298210126
7942,34.62793413243068,-14.848233406005063
7943,2.356181149503489,-21.54449297105868
7944,65.2397489826912,-5.74304624372628
7945,13.840973654327883,-20.183824281389118
7946,-16.595770339425908,-33.09485886964896
7947,36.386021728278806,-11.232481282335439
7948,61.08932879986657,-13.849112273113938
7949,39.01253006619441,-12.82172961503325
7950,56.095255747739856,-6.518567742928704
7951,7.318126994893515,-18.221717003772188
7952,36.6264772448927,-19.433261826019034
7953,58.75682318705866,-8.213039015164437
7954,14.135170811312747,-13.683626366916723
7955,0.9320302497780375,-25.75699492049055
7956,5.405473422412843,-18.19500988246734
7957,24.65786352613504,-20.621886578992708
7958,10.609465981764888,-21.627444539404507
7959,53.8774082203461,-6.047347809727411
7960,18.88916128574496,-9.87768900054986
7961,18.533319397691585,-11.949976240206773
7962,94.36112584126401,-4.273084780056335
7963,34.883948952767895,-16.185713117429046
7964,99.12871520475592,-3.7630439387617454
7965,56.378134748952434,-7.13802298975732
7966,5.3822902887602275,-27.123325534209364
7967,20.654468583347718,-13.944064242616216
7968,16.262428379811134,-15.316544255367914
7969,12.379428023552608,-16.759645759120634
7970,35.813581874334474,-14.352309193484015
7971,75.63214526692875,-4.3731381925619095
7972,-8.381320623287658,-19.246906456812486
7973,23.606627717568117,-14.854290752980937
7974,31.47968741588918,-13.28787471237649
7975,13.558246750084702,-10.441657225434586
7976,7.172666028531149,-17.56669048142071
7977,72.69816074463327,-12.17337779917137
7978,15.125746280455932,-13.215973002598403
7979,43.030815468723425,-8.31338939063836
7980,69.73300624257826,-7.939297244746301
7981,28.581512747487857,-7.971619019634768
7982,61.27524997530544,-7.233966350121246
7983,69.54937736297542,-6.4756665248386085
7984,22.626817553632804,-11.630030236681987
7985,53.356042754059295,-7.717763317203374
7986,21.349933497738682,-11.548554771761687
7987,45.70324786527584,-6.709237781435096
7988,72.62291819164668,-4.805054310643264
7989,47.08737650769126,-8.273020127774055
7990,90.20545552154442,-4.120443904152015
7991,31.338813066762448,-7.935729600606701
7992,44.272884271250625,-11.87702377626987
7993,21.911156994527794,-16.040891798118405
7994,12.88139611928516,-11.053390299196575
7995,-9.776834905287945,-19.388727099734414
7996,36.10506328507994,-16.809551409556377
7997,4.978176567176451,-12.993778403212186
7998,34.31624088696756,-8.152948225745316
7999,23.967106043993546,-17.777650810417533
8000,30.420948567768736,-10.880710668858452
8001,58.11520498740694,-6.869454449771517
8002,14.940495020273303,-17.06942903228219
8003,25.14430693199494,-14.77348217205
8004,31.80068119713941,-13.960700710967
8005,41.86823006321128,-9.104588614469321
8006,20.36687441974614,-15.067326075550923
8007,6.314105464740916,-24.231805923929894
8008,59.42731150400837,-6.263008968984662
8009,30.97741652747832,-13.828121562173912
8010,81.20421505540436,-6.185190400225382
8011,59.607401761796154,-9.731279448291819
8012,64.60367024280418,-8.937116115827203
8013,61.96774657000779,-10.125734417229982
8014,66.81198493685186,-10.322517540876996
8015,29.607038115647953,-13.038420671953165
8016,0.4241644185172255,-15.631606224519823
8017,56.603133726165076,-8.403428941821877
8018,54.3460832262201,-11.751837041882773
8019,31.76541613446613,-12.565959921357294
8020,12.832727134820843,-14.544639422355443
8021,-3.736854925983002,-13.201093355343529
8022,12.005268738913522,-12.462683419000363
8023,60.622679359882305,-7.84829803057786
8024,27.56704778013699,-15.95420627048032
8025,82.12362490045726,-6.72223973937871
8026,46.360156274555344,-11.588222370543233
8027,89.41400055967318,-6.466450332257989
8028,6.063760381449224,-21.00432783859778
8029,27.569236001112696,-10.190564638232779
8030,46.34500810022997,-9.981491009222488
8031,57.2073833651431,-8.936918485138767
8032,32.383471441546874,-11.188818491325481
8033,-0.4349121653393184,-12.326419417427559
8034,59.10689943676179,-6.388447407333031
8035,-15.091002579696145,-17.526258547201547
8036,20.492928243521426,-10.20484825517981
8037,80.52885131184553,-7.716136146116803
8038,44.094018093839374,-9.699688839315012
8039,28.870389876059257,-5.525267418989744
8040,-16.119043955483903,-24.651471620939137
8041,17.181766999473357,-14.90032001665802
8042,51.52406879056697,-7.8114605539656985
8043,-14.128430761717459,-25.14087138391038
8044,59.71850246274717,-6.466450332257989
8045,42.40896483801424,-6.533847627373612
8046,-17.551199730832778,-20.025950787305035
8047,49.343336829221116,-7.875330661004032
8048,22.705426174502218,-13.418603538815999
8049,24.383667117568606,-20.317417198824394
8050,18.09992712922508,-8.92490859544386
8051,17.564621806555024,-17.05639359652902
8052,42.3089768260831,-8.036726863120036
8053,17.800032759154206,-13.711970580292654
8054,16.188102350946455,-11.60219520875726
8055,48.98989668736478,-19.343011950603906
8056,65.31449057198095,-9.695607092559055
8057,3.858106973847475,-21.960555988300623
8058,17.57048470710314,-16.651424819450213
8059,43.28646776859291,-9.310593052871418
8060,33.72625967036331,-13.995276267346524
8061,17.67182797213236,-11.278162275195747
8062,61.41790920314869,-9.725455139863637
8063,15.490332686727172,-13.670667171006324
8064,49.66918114714682,-9.856862781729635
8065,12.750269259007485,-16.02434730653154
8066,33.826752797820944,-8.29010467490473
8067,46.2387920778295,-7.716136146116792
8068,17.96954578333896,-17.371148805968662
8069,22.929715041016372,-15.289141191446276
8070,16.147805452997453,-14.91738302210539
8071,46.639807199174044,-7.7161361461167814
8072,26.510995054047413,-8.080414383895562
8073,62.31034687118313,-12.235880062268267
8074,46.79524976473503,-7.7161361461167814
8075,-2.1574272643982373,-25.428116023749848
8076,46.25592297878729,-10.459835053370881
8077,50.75081802483889,-8.363577024737179
8078,40.45840195672288,-8.217458622869266
8079,-19.872919383819166,-24.48826055059371
8080,23.04777455379181,-12.95108940100269
8081,62.173024760209515,-9.375737431215814
8082,0.12383713738965962,-18.643009135081222
8083,23.90360519256973,-20.655490417206302
8084,52.1134582432639,-14.010722663846852
8085,6.093405838721844,-32.26404092003362
8086,47.83762122124,-7.875330661004032
8087,46.73982778406041,-8.884989219973416
8088,23.307292024288184,-9.535871741989322
8089,16.951232430043326,-17.940532323848156
8090,32.92321896960644,-14.146207720964721
8091,-19.98273883931294,-33.26742867736044
8092,22.3115289806872,-13.70960911767506
8093,32.05497700257411,-17.86490959582636
8094,29.53733599268251,-12.840485329676865
8095,107.23795822115952,-7.716136146116792
8096,37.134872632246015,-6.733632907187603
8097,49.96711880870161,-9.289976828913204
8098,-19.008463770947937,-28.299764271287444
8099,3.9435379482328337,-12.578002963433798
8100,89.08766082991816,-8.720216118179557
8101,16.691062216155462,-10.812920684908356
8102,44.11018849863338,-12.335168683119324
8103,48.24372828752583,-10.921730036868215
8104,50.763793886711795,-7.97161901963478
8105,62.13941043622015,-7.564744504156973
8106,28.510176125406762,-18.93278917217307
8107,45.11675611640919,-13.40785462389884
8108,-15.659286286897112,-26.329677436617217
8109,22.710877527568087,-17.798084740032095
8110,17.79943442481975,-11.38519318390091
8111,78.9894854007063,-5.670566045442582
8112,-12.349836914783985,-25.456343566405227
8113,47.54761553424063,-9.310593052871429
8114,24.899183466860286,-12.442508044149637
8115,68.45584914039915,-12.030654058828604
8116,-7.130674465655684,-21.917200319189277
8117,10.603086476089917,-15.043005669475951
8118,6.821321573025596,-16.25553861040553
8119,44.683968267207376,-15.957075061263149
8120,16.059089996022035,-15.802315768586784
8121,58.1709775181968,-12.021456979374134
8122,44.20298748590066,-7.716136146116792
8123,30.818026213547213,-12.83662216530993
8124,19.663922712947457,-20.161061261414805
8125,75.74767623040695,-10.165536085487915
8126,20.13798950970802,-10.855291922470055
8127,53.45522188587319,-10.355513581115993
8128,-17.661545578572813,-28.444189979106305
8129,56.12314783745551,-7.716136146116792
8130,25.418124962134247,-19.542700385789125
8131,18.712973198470362,-16.60172070952407
8132,8.059436271437658,-19.791700467756513
8133,45.04263089278477,-11.402733994133296
8134,37.79818457050952,-12.134594753480776
8135,26.13021379476561,-10.257320548390425
8136,49.518639235486916,-10.35033134545007
8137,17.36734205380297,-12.43384489130187
8138,59.81043667808568,-7.7161361461167814
8139,72.96397193959872,-7.716136146116803
8140,21.86115049998849,-14.855157093359761
8141,32.33897565944568,-9.791222619821749
8142,75.85844200969633,-5.350970357883433
8143,37.56258006057607,-13.684919898958881
8144,1.1767852962104808,-16.161468803590886
8145,71.06590200092428,-4.345570319280734
8146,18.10828486050873,-7.728433728328509
8147,26.71328680403935,-7.716136146116803
8148,19.416612883543948,-13.769276301995426
8149,87.48564832423715,-7.435644778560524
8150,21.845217653024186,-11.837069396266397
8151,24.35779750162603,-16.53773866539183
8152,13.90093721287695,-18.24922945594417
8153,9.311047379676518,-11.077539612096931
8154,41.994711600486625,-7.332124324173083
8155,27.975055365422953,-17.347425961187803
8156,36.53039569079628,-9.823841922402355
8157,41.615269829637654,-10.54063843042542
8158,3.5329812985029907,-20.721384715293254
8159,17.97188834075305,-13.153823464586145
8160,5.183056040494138,-19.734013113640213
8161,22.290309832092614,-16.780851176226165
8162,16.504577864859172,-12.277373304294548
8163,15.27088381046764,-10.054557236395844
8164,-13.953335833939951,-19.932013169411643
8165,61.41329277913585,-10.268501130978969
8166,13.550645070426913,-11.57022780023118
8167,19.282571001873183,-13.584870625826062
8168,-3.6663611985208955,-30.341393645049898
8169,25.40616713390762,-10.441344014872877
8170,1.840213770391963,-11.877693070045392
8171,40.020097795808866,-16.25159581530169
8172,55.23717833298567,-9.440441420647138
8173,48.51235393923417,-7.899151281079564
8174,51.435163513834596,-8.641460805796818
8175,18.651560815209265,-15.475553625530392
8176,27.2110131137826,-14.54958094576153
8177,24.539557271424407,-13.932172128060195
8178,29.517982547136178,-10.973754548798809
8179,29.79659766279079,-11.004816414459873
8180,70.3484108205284,-4.373138192561898
8181,36.900497570658075,-16.695670952211195
8182,50.78222094635147,-5.43864860623483
8183,45.706002458916004,-11.640932174492136
8184,29.993330833123366,-13.01318773549941
8185,65.94902434085425,-8.091612097660528
8186,71.45391035122144,-8.647200311038084
8187,-16.884028387233997,-22.808025345760196
8188,6.831811964286283,-18.834937286146314
8189,45.54193776219984,-10.73825021856145
8190,47.02160074142194,-7.7161361461167814
8191,20.64159278926563,-13.485921341769869
8192,72.32983094507436,-14.297247282059033
8193,52.05851131502737,-8.06114565856596
8194,27.145318373336824,-12.757129887790919
8195,29.53042652595268,-9.705621542213095
8196,-18.11744119159352,-28.327558333062598
8197,19.21632606412482,-12.618707375865734
8198,18.400522101990724,-12.698505266521087
8199,70.76065299556167,-8.157309892820773
8200,24.254553563178803,-13.216622037339043
8201,12.00402116469288,-14.133036007077227
8202,43.303980480844054,-11.518640988800065
8203,42.29870138432952,-8.053248805395462
8204,3.4273745547305667,-11.283234747047777
8205,49.053527635919636,-11.004816414459883
8206,18.3271904583751,-9.584725004032101
8207,30.369493851004048,-9.738103718301128
8208,56.440285430334725,-10.32044777787945
8209,57.52363042470441,-4.120443904152027
8210,47.578606545089386,-7.684463585473922
8211,0.9236747030130887,-20.60369560048153
8212,-4.920335092465411,-18.402434180959858
8213,24.157667560157535,-10.463218207356695
8214,23.976862309934653,-10.302998805835628
8215,51.37522846188136,-9.870769776425782
8216,-23.7251021542631,-30.062653756440106
8217,33.15637613387254,-9.150125193480918
8218,27.122808955163215,-8.519567755940704
8219,2.524752235649119,-17.34888266020558
8220,66.7251975588284,-9.843106384575417
8221,27.809882057928714,-12.532631524549354
8222,8.608880913110095,-16.15014024806506
8223,28.549746706556654,-7.716136146116792
8224,31.08011493639353,-16.586719257662818
8225,47.27967759943459,-8.908866125799097
8226,-9.507048732652045,-27.716999414160746
8227,36.85254248503076,-10.612947962689635
8228,30.596479662454424,-14.066597080872356
8229,61.01901879465641,-5.378706276408318
8230,51.78729159353858,-11.836310328858278
8231,50.92656073596764,-9.159948575211718
8232,25.437131807470735,-13.85331328595585
8233,8.955904775536872,-14.350775181454134
8234,51.9695215961983,-10.20043144823667
8235,49.377494638312605,-11.332442426127553
8236,67.85595147572607,-11.035264803389621
8237,60.09817335090484,-13.304395947228754
8238,32.82702557366888,-10.143956350857097
8239,39.73034893619158,-12.441462545894277
8240,58.983259837274794,-12.052634659134842
8241,62.413809713231274,-8.253773684246024
8242,39.82880161397158,-10.891389235044613
8243,30.046785874766613,-8.487405052177966
8244,74.33042262127036,-7.716136146116792
8245,18.247327394039182,-11.591093905293148
8246,13.971975855877417,-23.345326932001665
8247,92.15880956170098,-10.32044777787946
8248,43.52338440182053,-9.26772833964945
8249,93.58537928962394,-4.373138192561898
8250,42.206711081221,-10.522278760638182
8251,-11.895265893082241,-21.278870624716262
8252,18.74263054862,-13.592254381886814
8253,25.193959877456006,-17.2720322149288
8254,39.46849473838849,-12.002724912496099
8255,18.221590229784134,-8.245563074310757
8256,31.285575663767638,-13.960712282253585
8257,41.80536203916523,-12.458338781757893
8258,13.177204196995106,-12.90100502346685
8259,32.35942585436222,-9.47150559333002
8260,60.160172025203565,-8.076155294281563
8261,16.782651195828848,-15.628049876847804
8262,38.38897943811157,-11.902843575110133
8263,36.06220906226558,-13.546714491715184
8264,87.77101740116538,-4.346889208396099
8265,11.294412147286437,-14.525781072876931
8266,42.82947871316431,-7.728433728328499
8267,18.253216294121934,-12.987171683387022
8268,37.254503434267306,-8.662915557592221
8269,17.750239738084737,-17.693246737238375
8270,48.17875046158555,-10.875005103957204
8271,59.096336038304486,-7.716136146116803
8272,34.4266806539697,-9.57091039601422
8273,27.041329711689578,-7.966398062567248
8274,29.569807612896515,-11.518640988800078
8275,21.82859738545968,-13.770297764079952
8276,21.136169184069864,-18.265022893935225
8277,23.715839078738487,-7.716136146116792
8278,19.468565737590616,-14.893209248307237
8279,24.69435327960168,-11.516892905912313
8280,27.96497135351195,-14.932811239030707
8281,10.753733474440242,-20.30252865816433
8282,16.340054393484582,-13.986265045801172
8283,-2.9710157126862646,-24.333083258046805
8284,6.0197415878219696,-14.1014431569364
8285,4.752539002319955,-18.27536647699889
8286,29.817358990774533,-12.006695764271658
8287,42.50245102397487,-13.00934609471872
8288,52.013096043712316,-6.6457730212811095
8289,36.64957998814964,-17.115870142128877
8290,30.657372564542662,-13.683626366916734
8291,55.504881352820966,-7.716136146116803
8292,-6.84029320310684,-20.739070711859252
8293,41.907437399699646,-8.126780150244828
8294,-9.314020998232863,-29.94508279217778
8295,25.861160403792383,-12.376068645225647
8296,37.16206903304025,-7.099695655288962
8297,28.182752348107275,-11.574503401541602
8298,62.28529879474589,-5.274685604704244
8299,-15.114467186519597,-23.68714442590345
8300,66.63506196524192,-8.091868180474492
8301,40.26679341972152,-13.474989290809736
8302,83.73540157460506,-9.688583566072884
8303,24.46585476456786,-12.532582967091832
8304,70.23013323688846,-11.934525885121527
8305,10.615190208914726,-17.721177429309755
8306,24.659390648486344,-17.477492160387698
8307,16.772423189418227,-14.836884721979482
8308,50.44983898297757,-11.8868476688751
8309,6.644227722686646,-15.149899249244914
8310,22.46973250809814,-14.735633591892183
8311,29.883636141320146,-9.939544043648196
8312,30.843375667747264,-9.9182763729744
8313,21.020780157509922,-16.04116128141123
8314,78.7113552302657,-8.541901747161418
8315,20.571867703551728,-12.786308532589919
8316,21.604500422044183,-16.364530693062452
8317,64.65471958420859,-5.467687311033798
8318,57.29765314315354,-12.051574903667783
8319,-8.245440547611938,-17.10787458948588
8320,1.9212892613528876,-23.426120083882175
8321,64.91483457831396,-12.407360161367187
8322,34.68873813322677,-17.252247455654548
8323,41.373519694358784,-12.360826562797001
8324,65.06718856940547,-7.862629954347566
8325,36.28880965290158,-8.912613681207171
8326,27.816292879896753,-11.081059619145162
8327,62.91949998050879,-9.797788339004587
8328,33.35307038521638,-7.716136146116792
8329,43.736881964302235,-7.716136146116792
8330,20.86576170559733,-13.51589118476566
8331,35.17134606093488,-7.716136146116792
8332,-1.7610082129746796,-13.846740002457302
8333,36.708292899296424,-16.264785271930638
8334,34.17676275296115,-11.296305862088197
8335,19.669236340767537,-16.156131833605947
8336,-17.005265747674624,-28.6754420842407
8337,76.01314708422497,-11.833650189070156
8338,19.11374046511696,-15.503634849505321
8339,56.73656570426577,-10.726631252232144
8340,59.496284425955515,-15.368487917154672
8341,27.80535115726601,-12.943249271544044
8342,57.45602585199552,-7.780951437655659
8343,36.75170342107672,-16.60567439754683
8344,7.023977523014446,-20.20332422593568
8345,-6.459755089006325,-19.480142012217517
8346,45.40782934312904,-10.463218207356718
8347,25.943043622961603,-11.518640988800065
8348,51.47196484718097,-7.7161361461167814
8349,11.986674741316161,-17.103451132386116
8350,84.48324144473831,-5.178559979260711
8351,15.419387415551157,-15.037428234090399
8352,-22.253831894831876,-37.28620908066588
8353,46.3028804387146,-7.716136146116792
8354,15.62884950201877,-20.32345827387394
8355,20.24788573134304,-15.100326448311495
8356,33.313293609912535,-10.111343689924334
8357,42.756848145323076,-10.870403529807648
8358,24.26702180506428,-11.198447055500893
8359,8.980693878615597,-17.676937900182153
8360,30.740711326503465,-18.791582008927964
8361,63.04770213431028,-7.590410985454565
8362,15.958045342097149,-20.337505840403523
8363,3.536651930455559,-11.681447184753491
8364,2.0255478762029933,-11.201268404745656
8365,21.325917365174885,-14.706034759944197
8366,50.51377296918809,-13.683626366916723
8367,17.589066647579045,-13.403276771292049
8368,24.550313243852596,-8.116073777451383
8369,38.399278533698514,-12.626399842579982
8370,39.87637770580375,-5.828712656318347
8371,-30.238158064120558,-34.119704626650716
8372,23.311689739974682,-14.240480369776154
8373,38.374910995307566,-16.29945692858481
8374,1.4578090222023832,-19.216351126041666
8375,34.11560732521861,-13.83252664756711
8376,31.74281834121524,-7.559821697028757
8377,-0.17384596376643913,-33.627634309658404
8378,22.41436306290858,-13.7934937157141
8379,10.935386399655943,-9.291231647836916
8380,12.397074164482236,-10.522278760638182
8381,26.44998858404226,-14.227194270127463
8382,4.199221567257316,-10.146759919535365
8383,29.27284160999486,-15.297409898162606
8384,42.48827952473597,-10.665196387814335
8385,31.05557841975266,-11.553536579121193
8386,97.7058906383145,-3.7630439387617565
8387,15.781555490135757,-11.751837041882773
8388,74.05553691991796,-7.7161361461167814
8389,15.943223447477738,-21.253806987690915
8390,16.323431100430398,-24.282156311149993
8391,38.60134957395201,-11.596826614135802
8392,80.36148508870271,-5.786428177646064
8393,13.647480431337012,-19.805327858941414
8394,17.058951509087116,-11.107536884732372
8395,24.062474253729206,-20.658383345815214
8396,52.002519666918445,-14.408701254992117
8397,50.96479602602433,-9.729451624781271
8398,-8.64593920217751,-15.246235694494015
8399,11.974717240676846,-17.688460872932378
8400,59.76729832686662,-6.466450332257989
8401,56.880121844085906,-9.37831562837923
8402,4.5907691883326995,-17.376654886655995
8403,52.139484763487374,-7.716136146116792
8404,-11.304264029618928,-27.912336640605474
8405,38.871943172484166,-13.048632096274604
8406,11.86646147667676,-8.501188530827509
8407,36.08711838124326,-10.756486278913414
8408,18.273385873467053,-20.40597358293894
8409,58.73648421209259,-11.751837041882784
8410,13.500753499795781,-14.836884721979482
8411,23.953697293958243,-9.986158903738673
8412,3.9443996636757905,-20.774490223990938
8413,36.871110571105234,-11.110329671208408
8414,56.00057034560242,-9.977983338202744
8415,35.07023756503334,-10.92567923989135
8416,47.653695700728015,-7.328648568133644
8417,14.099492874373066,-19.21642178771569
8418,10.752288729387715,-17.54953850396408
8419,118.76538077841401,-3.7630439387617565
8420,33.82616283237343,-8.615227225842936
8421,11.71686411169135,-17.602680905103483
8422,46.48827610613368,-14.836884721979482
8423,67.12975119667244,-12.322758755596851
8424,17.791902079581835,-15.522738528492596
8425,73.98757484979915,-10.716652504308277
8426,4.979228404651148,-10.329162801617532
8427,26.502925179671657,-23.345147375396913
8428,29.474413085169694,-11.751837041882784
8429,22.446546091361984,-11.578373419900533
8430,17.404649546168493,-14.339902916697355
8431,3.1079920232747638,-16.582744308880304
8432,24.755777517149923,-12.253927372511065
8433,-4.343108857553557,-16.89705008254626
8434,84.81360642991164,-7.280933778967746
8435,-2.2789127533034748,-19.7298532090327
8436,7.1672134334274995,-15.682759555213078
8437,20.772997767309565,-16.541380216573366
8438,80.67156416853693,-6.466450332257989
8439,7.447229818333967,-19.221167180521526
8440,28.031969912947407,-17.417343722592793
8441,75.41778604717435,-12.131881272475997
8442,19.84806743390619,-20.730702034101355
8443,16.650485072086198,-23.926948794063073
8444,59.94138290477433,-7.716136146116803
8445,34.484539223162415,-11.058226101735558
8446,53.690531598400646,-7.911121587699599
8447,27.413996474787417,-13.412021828084908
8448,94.3537934654848,-7.875330661004032
8449,67.82819338011011,-8.55726736869553
8450,-5.894699465015862,-28.222741006348752
8451,28.717719647239015,-7.799666814030837
8452,21.470789205823813,-21.099033809944967
8453,21.175650136110114,-9.252411130527749
8454,18.459897048189312,-12.987945803807222
8455,69.3503294172574,-6.466450332257989
8456,29.4052980755648,-11.263414357727108
8457,55.025818301060994,-9.852087626408313
8458,31.591741939671426,-17.126911830376233
8459,28.328182840851703,-13.108353539678873
8460,55.48295129790637,-9.910785355002261
8461,-15.111403737349216,-19.050549911313517
8462,37.247898385785035,-8.698478178226788
8463,25.734239315754003,-11.65367186767673
8464,38.33662720462887,-8.278761883720886
8465,26.456160875024338,-17.39162978274551
8466,21.694300085326713,-8.459355070101026
8467,94.8274458127924,-7.646810790527714
8468,20.890700117144224,-11.633904713184151
8469,6.522535629076964,-18.124902613173035
8470,-5.86284234533907,-23.602702064011282
8471,35.68551049380104,-10.03657765061523
8472,54.83447873159304,-10.594486788885293
8473,83.63458289166073,-7.716136146116792
8474,50.59918879659355,-9.49010322205207
8475,44.36749481057949,-11.904796764065894
8476,59.34523242460561,-9.06186591300414
8477,44.392453725700086,-6.689391105183528
8478,41.406374525236856,-10.32044777787945
8479,11.60048604956383,-16.214269215910537
8480,8.984682383112851,-19.63332815625678
8481,60.899511023134,-11.63125306638645
8482,54.07755478651701,-10.32044777787947
8483,57.15198824196857,-9.446056177610307
8484,78.92297393060652,-7.7161361461167814
8485,40.30806363417445,-8.419808751065228
8486,38.614220530601486,-11.652398239760743
8487,13.90168002410952,-15.63832757069381
8488,15.71685133563767,-16.701665319615856
8489,42.83568248600129,-8.74531489567788
8490,-9.262771044211604,-16.664938084943337
8491,4.057443468444433,-22.25719200010845
8492,26.680371850976602,-22.334767150437706
8493,39.4781668556389,-12.655218246014988
8494,47.92055354386133,-8.929989026244678
8495,93.1352644627556,-6.466450332257989
8496,70.3694864449353,-6.715877763535916
8497,12.775572353628316,-26.073942998612154
8498,23.815252768199556,-9.265432479911306
8499,17.313884128265844,-15.661850055939464
8500,10.775413513114817,-17.091832013071016
8501,46.217238846000065,-11.979912577824535
8502,2.688141413600076,-17.778906289636755
8503,82.54374938280382,-5.594538878402789
8504,47.25088008506455,-9.628564269131768
8505,63.10112569166149,-4.373138192561898
8506,1.6848826573383269,-18.236221864108913
8507,42.63619474864724,-14.948737232750863
8508,7.267371059111349,-14.717143302046608
8509,30.93767213539822,-16.047338907439645
8510,78.36077960706749,-5.6705660454425715
8511,55.34342813793849,-7.017240215059617
8512,10.57259807567197,-14.352045547297966
8513,51.50522159778037,-7.46030334483766
8514,33.66052748132522,-23.119334433819848
8515,24.918527412999648,-11.659503886904975
8516,25.572832903451914,-8.464055476838661
8517,62.625499593473435,-6.8981286622403
8518,20.998484784813588,-9.605845947990233
8519,73.48277534640006,-9.354987872112497
8520,23.08605225268794,-16.564840876153287
8521,20.348020288245493,-20.936173314474193
8522,31.91232766671568,-14.552291409076457
8523,26.50351930173325,-11.058939305301275
8524,76.91812574795594,-6.466450332257978
8525,57.393437427442166,-10.522278760638182
8526,20.44956404009437,-16.976095014383873
8527,65.41384880486807,-5.194416054278095
8528,9.497796002895731,-15.680406325481721
8529,20.785262552175432,-9.002391848115154
8530,13.953701137197449,-13.679150213891479
8531,35.5864761389604,-12.106502549041299
8532,40.14295546058322,-16.46363717321503
8533,19.540397223112027,-13.536313586237092
8534,57.39486096641517,-13.330856599761265
8535,19.375736753212756,-16.455985548187947
8536,15.324417502418552,-15.1822669385413
8537,60.56357365279026,-4.3817215722217195
8538,8.839314331926861,-14.627433304127779
8539,-13.17997737197205,-25.437265245285545
8540,44.098305267614116,-8.878002503186021
8541,-2.157008419023787,-17.99725265100505
8542,34.19297876390757,-10.641149795587946
8543,29.35946328959873,-11.188818491325492
8544,73.78507194116712,-7.716136146116792
8545,42.3080256351799,-6.32236042971932
8546,55.175889870817876,-8.552474596836767
8547,75.07074275601772,-7.93821792850512
8548,14.582524607326164,-22.496956252913623
8549,30.688973532294828,-7.825094745452099
8550,29.558311029277327,-14.229523096212127
8551,-12.645089130694863,-16.176542564029784
8552,-11.268018852405003,-20.26833336183834
8553,27.765478522580644,-20.25109299959481
8554,36.258306971767816,-13.019364139691458
8555,55.96486018051985,-11.213004303471708
8556,42.27080605127196,-11.188818491325492
8557,22.35356340461594,-13.502703468284661
8558,55.27372978074068,-7.716136146116792
8559,60.09907205624163,-7.716136146116803
8560,16.318849848231043,-17.290339146838306
8561,37.179996282496155,-18.83593377335806
8562,18.579039698460996,-16.414838846356762
8563,44.61655798764062,-5.032586131114758
8564,12.409643375536028,-21.850181976833603
8565,0.23814682445761903,-25.35627728360045
8566,54.31346120156621,-8.036726863120048
8567,34.66692006849894,-21.971912674783944
8568,8.647535246357174,-10.215276602592837
8569,21.217889081292785,-12.514750865520385
8570,40.84446957051231,-16.83304206069286
8571,13.68279331553428,-14.128055414185315
8572,15.916587701159912,-15.421763177755865
8573,0.2629964405159946,-14.131685692420447
8574,56.660326270234364,-8.555033008611357
8575,20.263783312602037,-12.103668828169479
8576,13.096600523591672,-13.514824309904217
8577,52.88092075938218,-8.784306501583162
8578,44.28205131059042,-11.008204442346525
8579,-4.311530730453994,-16.854825667181895
8580,28.848616888515387,-10.249532878104805
8581,45.735817020710435,-7.945118891853642
8582,50.37381427282246,-8.630734449705724
8583,-9.987719892895653,-26.906798385703556
8584,71.00724122344073,-7.716136146116792
8585,14.008083822405393,-8.899655775069581
8586,39.09378398510004,-9.026002174375325
8587,40.668756047712584,-6.676394562101096
8588,46.015048452017446,-20.024013449866107
8589,7.005297652001308,-14.001912290632223
8590,28.62739096934195,-12.060121553172143
8591,58.99054268773438,-7.565490680538655
8592,41.1966596449703,-9.799665115152534
8593,78.92458905801563,-4.050414694095316
8594,28.58431963284167,-18.492944073816997
8595,2.879152395686879,-13.297755547882861
8596,59.52285894894565,-7.716136146116792
8597,12.273462984024075,-20.521985814731323
8598,20.608015808601408,-19.534915366823967
8599,26.172530717502852,-7.97161901963478
8600,18.273479338532027,-10.20448959206589
8601,32.42288099415196,-11.751837041882796
8602,29.141922476861293,-12.485674194866936
8603,33.85762088845314,-8.065955471977649
8604,59.97257166135892,-7.716136146116792
8605,7.592602832190809,-14.903725055133354
8606,7.6309102085190705,-14.448367012479258
8607,16.22632844072256,-15.827202387157445
8608,29.635538993970577,-10.245221392037928
8609,12.26303780549527,-10.11679899429172
8610,29.440022722221993,-12.185048151158973
8611,32.440511934646274,-18.490896109156495
8612,46.31772568212704,-14.453228532303442
8613,0.8276715253616729,-19.090434147376556
8614,19.793154611645836,-16.74080566622961
8615,58.56521716855438,-10.069442714582799
8616,27.255290273532218,-11.012826641796858
8617,28.748583445705613,-17.299742173147557
8618,40.84547813043682,-8.970834058444188
8619,1.5338273234956512,-18.992404663859585
8620,54.16679465586023,-4.762578749196889
8621,75.22821400047424,-7.716136146116792
8622,9.385821065803523,-13.686840699823023
8623,42.52000842442296,-13.224411201068264
8624,64.28574219615528,-14.35374427616546
8625,45.540515842882165,-10.32044777787946
8626,-27.14016081039965,-36.12283321504083
8627,31.19546639781532,-7.716136146116792
8628,16.08488704015818,-12.22497727430174
8629,31.387713682619122,-11.502836532759297
8630,56.40762670170363,-7.875330661004032
8631,21.852226468203927,-14.464063012738448
8632,40.37987324904029,-17.181472207778302
8633,26.003067854655583,-16.094010019424086
8634,33.736362588500654,-12.287497602253872
8635,34.36641851536217,-9.417154506549263
8636,55.77720907107204,-7.716136146116792
8637,12.216147239588725,-10.286038568742429
8638,7.7843394750790385,-12.920200098974789
8639,-0.7622747598068913,-16.6677931024106
8640,55.87227621923849,-9.897831840169957
8641,11.755103238529152,-15.603279551405402
8642,40.16088385001515,-15.922913072472511
8643,65.98873482464359,-6.466450332257989
8644,45.77606671711045,-8.420677206175032
8645,49.96359787585058,-9.996867575035829
8646,94.13911250633917,-7.745526650997647
8647,42.84283256425778,-12.48222943376921
8648,44.859875774488536,-14.696202367271594
8649,-3.3927024109983828,-18.46862606944709
8650,64.92364421799772,-12.194064253726777
8651,79.06314737994565,-6.471151908530026
8652,37.592314249642314,-7.759726067511464
8653,23.655776680461504,-15.965568159745269
8654,3.128230041941227,-14.221526553510566
8655,27.750301393968925,-11.050250966966036
8656,46.296005424536844,-10.912290592884776
8657,-4.594454608360032,-22.019643284138578
8658,23.513351681859884,-11.475318502747278
8659,28.489683231633855,-13.49685128973518
8660,15.31482047060424,-11.971966147122748
8661,46.241110511116965,-13.934635692983544
8662,20.1988927470667,-15.264116379364435
8663,41.96883271902359,-18.470775860108958
8664,23.581479024078522,-20.288958609092877
8665,46.687123297658026,-7.716136146116792
8666,6.997484558664557,-22.117656749093094
8667,23.94916704799275,-11.729717183372568
8668,32.43508342066599,-13.389631504283106
8669,37.635370600962936,-9.990995070746722
8670,37.9515220489139,-19.428520443584695
8671,24.554732389890944,-11.415047688106572
8672,23.373046932679365,-12.7529508397066
8673,63.590581541357636,-10.788200301214301
8674,22.85268152872635,-13.182780971392361
8675,22.22649437652391,-13.385531300239862
8676,32.17550052117226,-9.637011839881504
8677,8.92836572548279,-17.361791959501616
8678,35.21653799379622,-11.556964019336702
8679,25.069928399451346,-16.13098003230984
8680,42.255506383377536,-13.17763191557325
8681,43.27807115140301,-14.103148760488683
8682,43.111559255533315,-6.466450332257989
8683,13.222896233840832,-11.15326023595069
8684,84.01811814328295,-8.695974097923909
8685,41.16092428458356,-9.310593052871418
8686,35.7615601914937,-20.34391527283631
8687,45.513384307735016,-10.797563322880976
8688,63.84599629397994,-12.944348626068535
8689,14.25130034865365,-18.438320482235284
8690,22.51511312237684,-14.389532547442464
8691,73.9666336573423,-6.466450332257978
8692,38.65201514224221,-11.641090014427125
8693,65.65739081041757,-7.716136146116792
8694,53.01890781683613,-10.329888066521509
8695,-14.6963658274193,-31.06722967539778
8696,0.37504233177938495,-22.07139960272516
8697,16.38832419171219,-15.970925132091251
8698,-2.4499966083932456,-19.690193092240026
8699,59.72752011913079,-7.651529344179842
8700,52.52899345546646,-13.683626366916723
8701,9.209859571881452,-14.845264082559106
8702,28.082326145192926,-12.871421153851637
8703,65.40620025523305,-5.880184359572671
8704,26.73968942003406,-17.87180594340675
8705,52.66818796929134,-14.038846816066197
8706,48.03280837077588,-9.878261937644538
8707,7.290957780273377,-18.087010027019634
8708,68.02234154807523,-11.659503886904988
8709,9.476522899425287,-26.972533384659247
8710,28.976580818668317,-13.942139095243588
8711,57.81337730451461,-8.339449675914501
8712,43.76024883866969,-11.931028418858569
8713,65.92837008664203,-9.498730399605403
8714,1.0161819523571314,-20.83261292531885
8715,12.193392757869749,-11.52585136779144
8716,23.111464586247088,-12.438638421521443
8717,36.03100212099941,-12.857485085401898
8718,9.022553791240039,-16.895901460139275
8719,14.295161184365535,-19.623391813068714
8720,54.1611301147642,-10.830715850434025
8721,23.486743719546578,-7.716136146116792
8722,4.248533819833389,-15.195860331714183
8723,67.0672435845764,-8.643552860802872
8724,44.72195984701954,-7.747512495864328
8725,67.82575108233661,-9.753428591357494
8726,29.50456720295125,-12.02303874044599
8727,61.46005228635501,-6.692659728929462
8728,31.924160439004723,-10.300055506376648
8729,27.232314448976226,-7.319706519633873
8730,54.964927128976406,-9.587720241680596
8731,35.071358749729576,-9.888657007287005
8732,27.80285585672473,-16.550515580874826
8733,30.259497954946447,-6.466450332257989
8734,41.651922537634455,-9.082050824482323
8735,28.939373208288632,-10.522278760638182
8736,51.37299358055141,-5.596025691030615
8737,0.4140343683723735,-26.416631365465282
8738,26.610413435691925,-9.00426977546287
8739,27.819673446858182,-10.812456644417823
8740,34.919058415843594,-8.503949793494659
8741,45.85982038421228,-9.283048851136776
8742,56.54796293464048,-8.470479438059286
8743,27.946987152732696,-13.555296514874504
8744,6.412540512947484,-18.889021817480078
8745,49.874497477483025,-11.783050367718651
8746,2.2811454533757214,-24.009702931947054
8747,31.967309495055417,-15.162405998853568
8748,22.136201774024556,-11.751837041882784
8749,12.031387377775694,-21.43683345785503
8750,21.44377508748876,-18.225901004186262
8751,48.846401639106205,-12.479233576483505
8752,-2.874477081983795,-17.913559520423416
8753,47.66815941648619,-9.854175736755922
8754,67.64592086979235,-8.221780915176746
8755,42.52690618061137,-18.769640070035155
8756,23.05900198385491,-17.817011689648165
8757,-4.6294705858467955,-25.15058070644962
8758,41.62343185392145,-6.360650625429798
8759,26.866667435526082,-11.007532728552071
8760,8.723654688419336,-14.232009408138001
8761,30.81746819045548,-12.968598287810995
8762,-17.82774097471599,-32.16112246917856
8763,24.110653280015804,-8.672173979210672
8764,18.140999957663784,-14.09855187920086
8765,19.294526242135323,-13.254374241459278
8766,6.246616140950745,-30.207802809697327
8767,24.433367932030592,-10.600363718457118
8768,41.21638999396373,-12.578232134993018
8769,16.686040198156316,-16.17788480568817
8770,39.31397824359604,-6.645773021281098
8771,55.046972130072525,-10.083941403764673
8772,6.726088120704343,-15.51186713960827
8773,50.87941228047315,-11.007003548248539
8774,7.313371142117031,-14.551551517250571
8775,40.992196403869215,-9.956377507676217
8776,27.055942936540145,-15.256446167615312
8777,63.762818808281516,-7.400533250980768
8778,0.010274384318509355,-17.72207529286457
8779,-0.8911114298364775,-20.548353496651217
8780,51.67088048687989,-6.466450332258001
8781,41.49842929615295,-9.045147012580523
8782,40.786996483916525,-13.632764096006433
8783,75.31733301006187,-4.373138192561898
8784,18.9900054268225,-9.09552316974368
8785,26.59152903920452,-8.575590766124797
8786,23.490928779800925,-15.26662710558735
8787,29.044715706085178,-13.436723562339248
8788,2.237761792531323,-14.913126308883829
8789,-1.6313949946886952,-14.691509026792026
8790,20.9912081246056,-15.929890137340108
8791,9.139450615317246,-21.085263582441303
8792,16.988873217939783,-13.49266359628858
8793,7.404795163378308,-15.89694792946853
8794,23.773944401789706,-19.473013951703454
8795,4.169216052358649,-20.013351159254032
8796,26.255215280358748,-11.966395490773696
8797,32.897267621391954,-13.18122563992824
8798,21.067997967200625,-13.865035811922988
8799,48.852773327350185,-8.31338939063837
8800,45.16085631947,-9.757743983692258
8801,52.47385065918966,-11.410589359171086
8802,17.171265166105385,-12.386750629340204
8803,53.35426329264514,-7.7161361461167814
8804,6.730306914267081,-14.896698777379713
8805,16.834054960149913,-13.078572764708596
8806,20.82086498533735,-20.962671363782203
8807,25.558273542868392,-22.574720258426083
8808,6.551399751855991,-10.262184321935608
8809,51.18138009856761,-9.82165430945081
8810,52.824272637028535,-7.631782736767178
8811,53.030079973445865,-7.780951437655659
8812,40.794158462293794,-7.455794854239217
8813,-1.8198290125959526,-20.09446226291709
8814,16.299641008923913,-11.16077896895863
8815,15.416513668678578,-10.68162868881407
8816,50.22719566533582,-9.196021305117885
8817,18.70912139637042,-13.619129682184173
8818,-4.532834107937678,-22.724790239431048
8819,19.460909062493492,-7.909520251449143
8820,88.9166325261602,-7.384482880673005
8821,21.934107489020917,-9.538653353654913
8822,33.5368328704388,-13.959490501445625
8823,86.21720861749229,-6.466450332257989
8824,15.885645670817627,-11.405773342067194
8825,33.65797378713808,-13.476581299244616
8826,69.56120119605391,-7.716136146116792
8827,55.64973724203022,-10.796212688041894
8828,60.135071416962546,-7.716136146116792
8829,19.00410201497442,-9.377795878688532
8830,23.37065254044397,-11.417909130646564
8831,36.77989118822778,-7.716136146116792
8832,30.716376359964357,-11.518640988800078
8833,11.448963057822393,-13.68577659048491
8834,34.11807481014504,-11.861728366505542
8835,16.874303084362772,-11.961427222778687
8836,-19.097941147881347,-29.745220244835014
8837,58.279326027644565,-8.153988162376614
8838,51.92957680081314,-8.636415145861031
8839,26.606866642571546,-17.627812871341696
8840,62.30350274290339,-7.713481913390352
8841,30.811145761758894,-22.875522168549423
8842,39.66961368404216,-10.463218207356718
8843,40.078955279468566,-15.078586885772104
8844,21.70922726284701,-13.391946871817762
8845,62.411575007671274,-10.076739253563293
8846,35.95539588545576,-14.025866178506263
8847,26.992833203021192,-9.398165491034682
8848,24.22747896070625,-12.514750865520396
8849,31.85386560005381,-9.265432479911318
8850,19.30465437640234,-11.003593043743043
8851,53.876905317771076,-6.869454449771517
8852,35.80889243851155,-14.21228631214061
8853,29.621931941745228,-16.469336957579152
8854,18.419775590790046,-9.411716295674
8855,60.1809858958469,-9.986158903738673
8856,-0.34164011008933626,-27.531302840416327
8857,3.016173780869691,-18.372855221484553
8858,34.80080615391328,-15.23473523689427
8859,88.49845068196423,-8.899469953692552
8860,54.81771215004467,-10.518895730535071
8861,64.74241064684567,-7.859349474763288
8862,21.240290395340654,-10.292887560328579
8863,-1.252421754669264,-15.911016861951321
8864,19.078804482396738,-14.406140317288163
8865,35.97188989824656,-9.138834961770204
8866,42.18036405474286,-8.193345469300839
8867,-0.5074591138849116,-23.421468820112867
8868,10.705234803640895,-20.09934390359537
8869,36.7319499247321,-10.396735189881579
8870,33.43563790322159,-9.58177651969928
8871,50.92942802278895,-9.579712577515808
8872,36.723948353300905,-12.758489015735574
8873,28.96189078503044,-12.820974164774723
8874,29.668732247655317,-16.70006582384278
8875,3.3221863427135734,-16.69353770086417
8876,-0.46283687192131273,-21.238194306736325
8877,6.2398871609576245,-16.051947894572272
8878,-6.874382156898995,-22.412505160901198
8879,41.58529588706688,-14.236683295398011
8880,38.01895177887107,-19.052632397775994
8881,45.55362615705312,-13.058502483067624
8882,51.38764925257391,-13.355382413748174
8883,20.198473826476793,-16.996146181347605
8884,6.428776649022239,-14.489649546658779
8885,16.6976501491783,-15.65178773566992
8886,54.43501174504668,-5.352546808184178
8887,43.973061581683126,-11.518640988800065
8888,25.159130926698147,-9.996942282698495
8889,29.420831797380064,-8.628137394423351
8890,25.069506885467074,-12.705270933307379
8891,41.708702164820096,-7.716136146116792
8892,-11.824209607390745,-29.43652790470037
8893,12.970905528281996,-9.130585816986114
8894,38.72010714129994,-10.37914021657177
8895,9.312079572875298,-12.661632536944524
8896,-0.056116066627209804,-22.534585245661265
8897,18.894144316901752,-17.005055110834633
8898,15.298389290427462,-10.489779815461675
8899,40.81657466423467,-8.50098358872512
8900,6.147950557156556,-20.91169417077673
8901,74.93223643605835,-14.274868355843651
8902,32.13372210901129,-9.151444150442678
8903,39.18395452970083,-13.393429992522176
8904,29.251170553918527,-7.7161361461167814
8905,42.14837688895234,-6.466450332257989
8906,3.9296773204628765,-17.66261518453771
8907,9.058116862448419,-21.023229519311215
8908,49.298711666921214,-11.071300842931587
8909,58.66872765698539,-11.498218253803305
8910,-8.763828960409626,-15.403084813356493
8911,31.26575541807515,-7.7161361461167814
8912,12.92620333978427,-9.954589808600456
8913,-4.505419232385766,-32.55293863391173
8914,10.333037752046614,-11.328641666849126
8915,38.504199818970285,-11.123907502692887
8916,73.82697199690453,-8.362617566033848
8917,15.940245253248285,-13.410379444912667
8918,15.603110012757337,-17.827236582235106
8919,25.99137616623526,-10.336315718927047
8920,28.31929420982673,-10.366473603922987
8921,15.618602229935297,-6.805792251002806
8922,21.18745210052808,-20.578203789225846
8923,36.70118656214658,-10.904160528520013
8924,9.19042200926632,-17.463244806126344
8925,24.526330821897368,-10.146759919535365
8926,3.6157499102761115,-22.936670287414607
8927,-3.655550449482259,-25.29087881501425
8928,36.557033133095814,-10.870037691739176
8929,14.214269368674938,-19.26523179650631
8930,17.364718125884693,-17.160634454258528
8931,-5.712384393743619,-26.018573949739952
8932,70.93026094214754,-9.486904366118775
8933,34.36615809074346,-8.689878552076047
8934,42.15736625921265,-8.173394772098186
8935,39.71150463455921,-10.373922115325607
8936,22.25001826061972,-17.3945342731047
8937,28.68363428628267,-10.463218207356718
8938,-0.2332248437323492,-18.581647107212806
8939,24.96097602751801,-7.889459387840702
8940,4.687050739726972,-14.355020994410406
8941,44.803892165170886,-8.516268845711295
8942,9.03188936412187,-20.503204313718637
8943,19.079675309611055,-10.789094257892696
8944,32.66649195290561,-7.9508590737852
8945,50.3907984899024,-6.373247278637628
8946,63.652977352525795,-6.466450332257989
8947,0.2956544565189789,-14.810212783995036
8948,68.49791368787244,-10.785143867506275
8949,64.94995442234475,-9.950736281132444
8950,64.86827109356112,-7.716136146116792
8951,14.31248876544322,-19.324195806053122
8952,30.057528481979755,-9.740691477506125
8953,22.627870688562936,-14.159767144038993
8954,25.815999385537157,-20.89129702897232
8955,74.53636505492638,-7.1427960880473655
8956,10.179609116072918,-13.978166401231318
8957,78.55955842874283,-5.274685604704244
8958,0.5221626503006949,-15.299816631878604
8959,24.59047329158024,-16.736416148530342
8960,31.118848507109732,-6.466450332257989
8961,39.382003260425776,-10.889113610434077
8962,13.860987057297237,-15.491886702592572
8963,49.408702598353905,-7.716136146116792
8964,20.260620923187346,-9.263328313687136
8965,43.81052996340535,-12.322807769288191
8966,43.78766878237934,-8.649018890334082
8967,30.513496857196042,-22.994762342830477
8968,-0.6186766962075763,-21.230122445474276
8969,6.48224332574614,-21.352347688776952
8970,42.1053606549544,-14.18406165698105
8971,72.9233779848105,-11.481300434168862
8972,0.31716908034591373,-20.498703941596542
8973,10.552546114004201,-17.89722839784026
8974,27.85543972569262,-15.598797476491244
8975,49.01469411944692,-9.151780989913993
8976,36.38107729952096,-11.629184721630391
8977,61.986914400912084,-8.912024245743522
8978,88.43596925039954,-7.716136146116792
8979,27.19292852894617,-11.985368123466532
8980,36.48517995087619,-22.570915652819302
8981,30.923849410292625,-15.022014572522313
8982,26.755477880741687,-9.211357927816167
8983,21.76698290958057,-14.094006809528103
8984,13.627938914427551,-11.664381850949912
8985,48.997511329498764,-15.922977401554483
8986,-2.440952257359308,-18.234038621158323
8987,16.585919466947917,-17.612698433660523
8988,24.635870216628852,-10.860856535696929
8989,19.116060821018642,-19.879690774572822
8990,58.05326857718609,-7.384482880673005
8991,43.01078650963292,-12.045150638591995
8992,33.43262241953147,-10.687153984218057
8993,33.65631904919641,-7.716136146116792
8994,39.80244988417767,-17.143882864015026
8995,33.39344130700801,-15.370150748430023
8996,43.30690100619166,-8.697397178836141
8997,25.74347977699276,-18.221560917938817
8998,6.727354134325236,-20.116136864919763
8999,33.691194894631415,-13.884270549501455
9000,18.228668478256637,-18.745094505505435
9001,25.958231691936252,-13.543297809409594
9002,29.93390750056144,-6.466450332257978
9003,34.06633842282234,-7.769612756674138
9004,53.48922161941345,-7.944730188692095
9005,-6.625263254932944,-15.30638650361027
9006,41.40383694360344,-12.55334834529821
9007,29.78812122972634,-8.26882049135762
9008,49.03509632983092,-8.479359818605637
9009,43.7719471543381,-12.759491187941329
9010,17.274199232377143,-16.931749433075428
9011,43.4508620228236,-8.034324925674385
9012,63.41845404689235,-8.376801836813163
9013,21.61967502098847,-12.05497600468889
9014,27.907559159234175,-11.532995624432374
9015,37.08109015457997,-7.18392276339741
9016,31.01437594522927,-14.032886546371525
9017,3.8720244379695234,-12.134557626301234
9018,15.490555223069368,-9.426797564071954
9019,-10.029068298471099,-20.871985398219838
9020,58.091679201585976,-7.716136146116803
9021,3.579438853982042,-16.386685890886245
9022,21.911197143441584,-16.226315190749673
9023,46.48864139619964,-12.248082987633268
9024,50.19247411875156,-18.23114175529119
9025,22.83918975475039,-11.476207541455864
9026,66.9112154667009,-11.388389514335607
9027,27.893635293421415,-11.73018562682664
9028,47.628893040446215,-8.929989026244678
9029,73.16233888846575,-6.466450332257989
9030,22.41066506250162,-14.840827865530848
9031,27.319515183036103,-17.125231793419992
9032,34.21451607504618,-17.082538238193823
9033,51.271369251308904,-10.522278760638182
9034,30.313558252123475,-9.563728376899528
9035,30.758311502899538,-10.282520869712119
9036,19.942651181576675,-9.722650301134362
9037,13.29332650025481,-14.013981281462273
9038,21.58341254257694,-12.553347893255717
9039,34.64566073727735,-17.333090551923057
9040,51.751251598337824,-14.113917203704961
9041,48.78630024461559,-8.459355070101038
9042,24.561287075275096,-16.340601708278236
9043,-39.11079258814443,-41.901182782547345
9044,38.08019826944198,-13.46703695131165
9045,47.42988550353389,-17.240244122566185
9046,-37.561280381956394,-39.97801449112299
9047,81.56163891776083,-6.466450332257989
9048,0.6711331618117988,-22.289132162194612
9049,20.07451347727105,-15.390567119150688
9050,41.33189623336286,-10.034453645505248
9051,23.12282051108241,-13.546481363349406
9052,8.829230204004679,-16.482013979298493
9053,54.967877498893934,-12.11858311526136
9054,50.714985494246825,-10.556801715636865
9055,18.17268234952527,-14.302396429442899
9056,57.41385628142366,-6.779287918323263
9057,41.11447596716684,-7.716136146116792
9058,22.181484423993926,-13.922588567311267
9059,71.78561553681058,-8.126150008330956
9060,17.769477757210183,-18.036246487248963
9061,46.836033067115565,-10.187207905054729
9062,87.18289594826123,-6.466450332257989
9063,43.61754284811887,-10.146511031618088
9064,58.6641452767904,-7.93265417544281
9065,64.87200626410372,-6.966794146442989
9066,18.794501732968904,-13.304879356288756
9067,51.747095821388456,-9.399804214638674
9068,40.632288899966305,-11.056388174633636
9069,32.158392938816725,-8.96862637567738
9070,-20.259397125130352,-32.959118861861015
9071,75.82076930196995,-10.98048258837111
9072,46.50961217827672,-9.357294337766254
9073,46.67427937301007,-8.885358251778275
9074,13.485297269774254,-20.446579986543266
9075,22.551097325120573,-11.848116819348785
9076,9.070876914481607,-14.099968182923728
9077,27.02146849151883,-11.726396343236601
9078,110.6926924692579,-3.7630439387617565
9079,39.137783662847106,-9.127851305401148
9080,8.247454601336912,-14.24594507114778
9081,24.108469715923576,-11.441448832307199
9082,11.889709567705742,-12.887996595542251
9083,36.33029420324807,-7.716136146116792
9084,38.06803163332182,-11.528804553041583
9085,15.689912761973336,-18.737034165770794
9086,56.64742877349902,-10.726851334937603
9087,57.868305794038164,-15.958210303018461
9088,-5.7841909962099365,-26.273934469558736
9089,27.942343251616908,-17.24725705284079
9090,-0.8261636531734173,-14.005190663713973
9091,37.98203826964552,-10.580156078471703
9092,35.47679650801074,-10.000711740703572
9093,37.79237874020043,-13.917902097498924
9094,-2.637677295582186,-25.891084279181275
9095,-11.462777250619538,-20.755259224318788
9096,19.26616914389292,-12.566929403403082
9097,21.849257968414616,-10.286257514580077
9098,-4.822700412774017,-14.89973920841935
9099,32.578872163593495,-13.305530893198437
9100,40.44129571052664,-13.345657740998051
9101,42.34408269965859,-18.325867303581056
9102,-10.480930856838999,-24.59808164628352
9103,33.57661759471184,-9.289938211313975
9104,-1.8008973901451508,-15.825739353425995
9105,9.4276100570738,-21.23206771844799
9106,41.02320012638634,-10.386796411145916
9107,25.78149756495356,-16.208530079503625
9108,82.50559036570264,-5.9785580376295
9109,-5.844272224117553,-19.26395247042384
9110,41.14123998631043,-7.875330661004032
9111,7.7337722661557695,-20.355230703850868
9112,35.681639709590904,-7.7161361461167814
9113,11.144688354095278,-14.820945494635962
9114,34.33454548081285,-8.461396379255115
9115,65.3115181743814,-4.2730847800563465
9116,10.891954784689384,-19.078599900730598
9117,49.481073831704926,-7.700408337097075
9118,22.304108087143227,-12.751711846303914
9119,46.866601799426434,-15.6893286543899
9120,19.949146404326168,-17.794767874637664
9121,47.009637108428784,-8.722564851618364
9122,9.441554660909745,-12.102130709429703
9123,0.426245958030691,-22.375355309044544
9124,66.86022934319989,-6.9070738447713165
9125,65.0762845535437,-8.465194445190804
9126,54.22360484838955,-8.939347134651888
9127,6.524112356822509,-15.706932921866223
9128,45.634520033808236,-10.238347621483845
9129,27.882873279401863,-8.31338939063835
9130,20.55818306253647,-15.068163863840823
9131,11.046297200288336,-14.462928436922084
9132,10.035105916823195,-15.57509279184689
9133,35.06335350537142,-13.553379145711641
9134,36.13679772672496,-9.893533411157174
9135,60.7045926872533,-9.341992540296772
9136,36.700249485222834,-18.699544036601225
9137,10.876416206135687,-16.338195148324143
9138,5.336495271556507,-17.361758591362264
9139,-2.43442762955679,-15.089643955491095
9140,76.91428003024876,-10.405982951716176
9141,54.6405949776795,-7.716136146116792
9142,30.292491811662913,-10.974194638509694
9143,31.556872649842017,-15.027796220574807
9144,28.187327805101358,-11.386063243980127
9145,-2.0103361889610927,-14.98397372762642
9146,46.82052568774644,-11.751837041882773
9147,31.520510353122845,-12.180561124383637
9148,41.62519019804631,-11.587419605623438
9149,-2.5071683412502654,-22.688388755652213
9150,-1.6916083661169923,-16.098230794033864
9151,33.643194655954375,-11.004816414459873
9152,59.68432521196478,-11.13577440928799
9153,25.467276716396704,-13.879019076184084
9154,57.28943663431772,-7.535911511251559
9155,-10.182701594130572,-24.607985894791096
9156,48.28416648085978,-7.0882323959938205
9157,68.29186506261362,-11.659503886904998
9158,75.4756138863919,-6.466450332257989
9159,22.091099658698287,-8.774034063099712
9160,43.362635203262826,-8.728388971999223
9161,18.38180129570066,-10.476805981747273
9162,26.86848631552563,-11.74636862741294
9163,42.34762836344261,-10.894170221780508
9164,23.821034181049285,-17.780326162504558
9165,-4.462338383456032,-15.836706951820133
9166,66.72966265322047,-6.466450332257989
9167,51.82664561925263,-8.89580895194564
9168,7.974202573862921,-21.364917958202145
9169,56.71464461008053,-7.716136146116792
9170,43.7381494828488,-10.884363327421266
9171,31.025518060943714,-15.701745617272566
9172,46.31669754622849,-10.318004070358366
9173,3.5784677441689006,-23.635318916845584
9174,35.40644562364472,-11.321043555327915
9175,47.556206725835494,-12.142488225212645
9176,39.22155287646187,-16.93863234957299
9177,22.610318723003253,-10.718052118816212
9178,35.372153926107444,-10.993976007096784
9179,49.831097624140305,-7.854856037387437
9180,55.57879431977311,-7.716136146116792
9181,54.79448385621603,-10.906785984584456
9182,39.6548158583645,-14.343338364675674
9183,9.831453798501077,-13.932427658852964
9184,15.752740312096547,-15.077995217469809
9185,66.68963460424453,-14.642936813469554
9186,45.795013483523995,-10.243615836409203
9187,-25.57131508123861,-38.820242567531096
9188,84.01365675042453,-7.716136146116792
9189,25.627395459455983,-13.293104595583449
9190,67.77868253211969,-9.195158145487047
9191,51.182644031119736,-6.0716628661181655
9192,75.63950002069713,-6.524744616675104
9193,39.351242275239784,-10.556801715636876
9194,87.53348693698983,-6.466450332257989
9195,-0.43941127038605865,-24.455147806185217
9196,31.855269665949425,-7.927946568101973
9197,49.817511544701,-10.634878285847972
9198,28.771879258183098,-27.211873081453174
9199,19.874912120616695,-16.66719251570673
9200,34.491974743146024,-10.634878285847993
9201,42.2227197882532,-9.10567368773555
9202,35.20143334344963,-9.960037879606187
9203,60.11888944638646,-17.01695079789799
9204,52.16708553438447,-6.661050128369284
9205,67.1462471481623,-11.372839063290673
9206,18.925206950861817,-20.574879815537017
9207,49.27122695172377,-12.55591999600627
9208,69.96819281366751,-9.408593833882062
9209,19.212819697641613,-18.794362724349888
9210,42.02125596899406,-9.112662834364627
9211,28.543766221585432,-20.010688660369546
9212,64.88788219841248,-7.716136146116792
9213,6.6590515641931525,-18.20645457030561
9214,26.606520263597577,-20.221403453777487
9215,42.72136807275992,-12.742611510879065
9216,70.50586071170228,-12.06825185574677
9217,97.88483282982247,-2.712267144250624
9218,26.43943319257005,-9.799665115152544
9219,49.826932744949204,-11.313982378302667
9220,105.05969882883849,-4.273084780056324
9221,44.56651325866454,-18.216870070283843
9222,-5.809487474992747,-25.811196922659143
9223,42.005890687112824,-7.716136146116792
9224,33.6416948529106,-11.751837041882796
9225,23.903167753110544,-8.892544822982295
9226,22.233882521945226,-8.0179643425075
9227,34.55623610553125,-11.946445874045464
9228,52.32301058275315,-12.184527678472323
9229,27.450535878359418,-13.041302887019368
9230,43.8566205057626,-7.65216718143521
9231,7.470094697589702,-15.844024601935969
9232,62.81016759337887,-7.800929174426797
9233,50.46290020483657,-7.780951437655648
9234,27.356346098712535,-10.055578391598486
9235,48.91333161813463,-7.180020945938015
9236,38.83218807754047,-11.09997311148092
9237,23.507965467589642,-15.110348767314175
9238,95.69275174878575,-6.466450332257989
9239,107.48177653046768,-4.650387229520037
9240,68.10710406221325,-6.466450332257989
9241,30.491180877134294,-10.63934747310663
9242,53.89441505704611,-7.716136146116792
9243,12.509704026660561,-17.858498156720103
9244,5.383476083797856,-15.967309181125767
9245,5.3923210397466725,-29.040420172396118
9246,98.47355391361954,-4.373138192561898
9247,13.680098186588886,-20.851355163573103
9248,32.2467027751504,-12.38820291655246
9249,30.51242724425409,-8.176369943397365
9250,63.74760703730424,-7.97161901963479
9251,-13.038201254911918,-21.29667188620684
9252,51.28718966790886,-10.87709780095436
9253,7.587533489823706,-17.18438820358984
9254,40.11620046584643,-13.956985082828544
9255,34.4670775316291,-11.883010422085771
9256,25.809516584740244,-18.000951153431178
9257,19.44219791730393,-13.836253036717638
9258,45.199541001805585,-11.061249872763446
9259,17.408576737768232,-17.79698714734087
9260,32.35885044230478,-10.09175855256026
9261,-3.1857662122405483,-16.269776276914317
9262,41.11088021169556,-12.37475212694391
9263,58.59215400511011,-7.716136146116792
9264,23.586197560838862,-16.486919133906454
9265,82.07783473957109,-16.249822564816508
9266,50.76552530925322,-12.059114848832031
9267,21.64720474716193,-14.110437445247703
9268,59.986786354554255,-10.32044777787946
9269,17.975453517897733,-15.635672623573072
9270,-5.116030605173815,-22.240244234449868
9271,29.383478495225447,-7.384482880673016
9272,89.06676339987769,-4.120443904152015
9273,0.816768872842788,-21.181773801854277
9274,-3.6147370388157185,-14.85477857112455
9275,61.81797172916508,-10.907092272738439
9276,52.41586823180051,-11.751837041882773
9277,19.179793369059016,-13.112414404076123
9278,44.991477481816624,-9.48221513922377
9279,40.94850467400797,-8.508334835207954
9280,44.5147097136988,-15.60907344276199
9281,23.67967121446315,-12.289092743702568
9282,67.20626481856505,-7.819630492074115
9283,26.51218642992199,-16.27779339938685
9284,11.349643226108675,-14.766855397838652
9285,76.82665182483642,-7.7161361461167814
9286,17.106600216033783,-11.505442172008895
9287,15.278220402350895,-11.383192084712402
9288,12.699321047496426,-20.419931676729874
9289,15.228142501421527,-20.695768795362913
9290,6.772578658272588,-19.184093422305757
9291,19.997944344237272,-9.656149919002143
9292,0.11845069181606327,-16.33477093216087
9293,17.3055396890069,-23.080905937064177
9294,83.70779732549482,-9.003330068747495
9295,23.73900579127981,-21.100345644824404
9296,37.83265073694155,-7.716136146116803
9297,58.403768440466905,-7.716136146116792
9298,49.63043480876175,-7.537262306653714
9299,64.53715390271772,-9.265432479911318
9300,28.69751293627938,-9.200580825526195
9301,35.71913999911806,-7.7161361461167814
9302,38.73444625719182,-9.034647419426978
9303,10.520764311210073,-16.8729405670311
9304,27.837672785922596,-18.404959469557447
9305,-2.2805314675641397,-13.665630276263375
9306,59.94761533136072,-9.703037972461892
9307,33.8788222321162,-10.279679818542832
9308,30.972358787058106,-13.195869026565477
9309,11.911557515835236,-13.987118001508648
9310,25.680675102320482,-12.710693880432178
9311,29.460059755917612,-15.32938346308229
9312,23.589450174449933,-10.696234408482342
9313,5.022847698674604,-18.116773216858938
9314,68.76824452717823,-6.8964279157066155
9315,44.19648351414867,-6.6457730212811095
9316,9.359013980300567,-21.464220449343763
9317,16.333168460155044,-16.517100738551793
9318,30.924252981832566,-9.985208994396332
9319,22.224175467558172,-10.607806193481828
9320,7.777094243238869,-16.06029052233977
9321,32.1720502259697,-10.250496471215154
9322,34.59663535880975,-11.058918273170427
9323,34.03559315666664,-12.250012719135906
9324,65.42533984214862,-8.37351633625647
9325,18.4876250641981,-10.27762334250799
9326,18.258815963147,-12.827999110314959
9327,44.89873092154502,-9.310593052871429
9328,27.127311547267354,-15.711384506362036
9329,29.683295946672537,-21.044460975490743
9330,83.66995348183957,-6.373247278637628
9331,57.80747217998088,-11.591924156438028
9332,75.62481589751803,-6.241599705544076
9333,31.042245283300417,-12.245547200009533
9334,50.146598845061874,-7.716136146116792
9335,52.06705957319742,-9.828922159052144
9336,28.30897913317059,-10.378102756704644
9337,20.90022048723643,-10.267803600720804
9338,31.06250460217592,-9.447425651914953
9339,37.52405886220733,-6.6457730212811095
9340,27.476629355739888,-9.12077651430323
9341,8.980314645816922,-23.50013663462024
9342,62.20564895481884,-7.875330661004032
9343,19.98582848568258,-13.647050024200901
9344,24.603280198463494,-9.736886942934653
9345,16.861747510236214,-14.262016510973341
9346,43.022189551874625,-6.103650968949981
9347,42.205085323502956,-7.870836513899193
9348,21.34238967505071,-26.71673050799027
9349,-6.748893137269163,-19.951840006171107
9350,21.914690908143687,-16.362410745924507
9351,57.743243562550475,-6.466450332257989
9352,51.148760867786656,-9.789297758709859
9353,2.086244519829039,-23.273576960033804
9354,15.967785346436504,-20.428745252219315
9355,84.46345564290769,-11.751837041882784
9356,82.46598532096041,-6.466450332258001
9357,35.84347534628125,-8.073924479692817
9358,13.341681859062838,-16.78452889071993
9359,31.568024816401774,-11.530369830924958
9360,18.74523157126977,-11.480471816425586
9361,6.810168605274347,-21.985671617566794
9362,28.8095117560762,-9.0319023600977
9363,52.240218348540466,-10.463218207356695
9364,50.43114605604644,-8.649939991269651
9365,54.47793123445661,-7.097448754308466
9366,69.31877755349865,-9.506518638603211
9367,37.97962748208283,-18.561185442178118
9368,68.48959604070377,-4.373138192561898
9369,42.63265346365015,-15.702304657724842
9370,8.735008848261128,-17.690187686834
9371,31.520822663921333,-18.89032069278094
9372,13.378885571052557,-13.29462611894192
9373,57.35836949298707,-11.921015907411759
9374,59.92928570767844,-8.11070034825445
9375,57.60703057107654,-8.655166251319912
9376,23.551311724533907,-11.878903199217817
9377,41.43146393445791,-11.203236821015295
9378,54.98724445823684,-11.659503886904975
9379,51.12858966090259,-7.716136146116792
9380,50.85680139241813,-6.466450332257989
9381,60.83352654362586,-5.2222242131023
9382,51.256233330835045,-14.77041992897885
9383,61.76184479994835,-5.864553336448353
9384,20.1307856344322,-12.223889455570635
9385,41.508367291926994,-6.466450332257989
9386,12.472418350114566,-15.172978778874713
9387,11.83356234912505,-14.91245844586997
9388,12.677020789399629,-14.251567788527419
9389,48.33898043211802,-7.716136146116792
9390,38.261969354565025,-8.108030618567607
9391,26.80405513069408,-14.836884721979482
9392,0.9765625690273838,-17.950740580363668
9393,32.24014547910477,-7.463554477686374
9394,39.5077302495834,-9.819028768041505
9395,35.24142583523169,-7.716136146116792
9396,7.691017244172049,-12.711662421806935
9397,47.73862487650047,-8.440242876687165
9398,57.82253812954485,-9.356212808924958
9399,24.555345352887837,-12.0606835931791
9400,26.997090024372184,-9.493463988070328
9401,19.367318183666814,-13.557309140594443
9402,68.92487328362702,-10.528783227536431
9403,29.331496722325202,-10.542102619928261
9404,36.30763979497005,-7.834737430768268
9405,46.514542848725185,-8.725064001271399
9406,47.087110113506725,-13.00373194948017
9407,70.50783095593825,-10.036063852209875
9408,24.117733090684325,-16.17279901378549
9409,37.869559486254744,-10.375233568024434
9410,28.595462556023634,-11.22315674670914
9411,0.8434894636450974,-15.465958401832392
9412,51.18673672432528,-10.73560484141679
9413,9.225633768046638,-10.294772406542263
9414,49.04693566904954,-11.06732191139903
9415,30.52817400051593,-19.034814513933707
9416,28.849927542981035,-15.480491721077794
9417,51.67078861836356,-14.228506833223475
9418,-0.38946773861070483,-15.064949281929085
9419,63.88187880722385,-18.623595652316105
9420,61.68312547925725,-7.173566672547271
9421,23.496027068432678,-14.200311762980245
9422,-0.13690817870911642,-19.070795109698622
9423,10.687131183650767,-19.4921295941465
9424,38.33262056567659,-11.659503886904988
9425,51.72047838652889,-10.159986605324578
9426,-21.942259008605415,-33.20609829483284
9427,55.37100188337569,-9.0510060645837
9428,10.61489126043762,-15.044041765647131
9429,-7.744641311405253,-33.173504017360244
9430,35.063337589793456,-10.879069296740862
9431,24.07296485936601,-22.91558880032526
9432,41.88156888887464,-8.913657357980142
9433,37.4444525998572,-9.861480411973144
9434,20.931881869755188,-11.393530932532947
9435,21.511868089754515,-11.769797261209725
9436,50.855925058769124,-7.716136146116803
9437,77.55358893920277,-6.466450332258001
9438,27.048788381291743,-15.350632927620689
9439,0.6429158996305695,-13.875319765374595
9440,22.610405033871352,-14.305667917115617
9441,39.15947210446051,-7.569784897991328
9442,42.33218283881537,-11.004816414459873
9443,16.6210577349597,-16.66659168192719
9444,-1.8235187555236454,-13.148193220738214
9445,89.24293264446537,-7.391362674952717
9446,35.3626867771764,-14.731115648690363
9447,78.6105459785068,-6.466450332257989
9448,9.748591867664501,-13.960150365726687
9449,12.638018134019369,-9.982165175363345
9450,36.5126454235148,-12.995202730661426
9451,47.879523864912635,-12.627349898409934
9452,77.89006833318388,-7.716136146116792
9453,4.0047207950920205,-17.567152690186695
9454,37.068486571994306,-11.650971572538815
9455,5.81851869390142,-19.921009382604595
9456,2.4079427665871567,-20.86671304766554
9457,13.561892031473487,-13.40665746434545
9458,28.982152960824294,-9.841419700449006
9459,26.256332562595652,-14.008198286034169
9460,38.04443466469654,-11.004816414459883
9461,14.368611519387642,-16.14944518587832
9462,25.028424781854607,-12.815400674339772
9463,26.54957815207226,-11.407752222106648
9464,22.90297217336821,-20.83622619292361
9465,36.06202814276494,-7.716136146116792
9466,62.82939602338917,-7.994542050941722
9467,29.8050914165239,-9.373955477199358
9468,64.19670064422354,-9.003330068747484
9469,9.825782051654697,-17.569508451500294
9470,48.31915990738456,-6.466450332257978
9471,30.083369269430914,-8.45648755517685
9472,42.902783729106076,-12.386670290042467
9473,26.152553705929392,-14.704874869130414
9474,78.23637319323427,-7.716136146116792
9475,5.627876112270425,-21.7025071043491
9476,10.391885910615727,-11.741501573565671
9477,12.738602925912978,-14.538564891398998
9478,11.704496559762534,-15.069644883079302
9479,16.39328837531764,-20.523884040017258
9480,2.140972075514158,-13.61690432650603
9481,45.77720012255122,-7.716136146116792
9482,45.61016145918813,-12.943605791348068
9483,35.81933284230916,-11.994639780388393
9484,6.476441777329223,-13.301909962450386
9485,48.3248407020435,-8.802927855120968
9486,47.12004444644977,-7.716136146116792
9487,78.98257069150138,-8.555033008611357
9488,13.399404180553987,-13.304111345190261
9489,72.09981156989534,-5.688314667936522
9490,68.86364785639452,-13.337733899741577
9491,37.5640538608008,-8.63934425695846
9492,22.0110674462217,-9.694117784622335
9493,41.16651563889773,-11.640154738093223
9494,64.5627319626203,-6.103650968949981
9495,50.32606689611383,-10.510100168267467
9496,47.29128930366044,-15.107835376453306
9497,37.77277747066148,-14.274889424615356
9498,37.262676984817155,-10.556801715636865
9499,39.3190305219941,-7.263844032742883
9500,33.93440445803617,-5.734093109708316
9501,27.252166997918614,-20.466335399355117
9502,86.19741283513433,-8.541643359801565
9503,1.9287430628974755,-17.561770155353496
9504,19.581851895112855,-19.661147186487494
9505,101.00043532403204,-5.368129806156718
9506,12.742860087537533,-23.140482082895485
9507,27.240404126625826,-10.12979070380493
9508,37.617036340069966,-7.716136146116803
9509,19.476329469520092,-9.194091379896928
9510,53.977332841853624,-8.669323028102083
9511,-6.7930320207461925,-26.902701962883192
9512,42.46875680119766,-9.177789047394036
9513,61.013627894973155,-12.53031024531268
9514,76.83251817486398,-6.466450332257989
9515,22.71174217988461,-11.60981116255474
9516,39.6045480077857,-10.146759919535365
9517,10.961400953861977,-9.788807311270808
9518,49.362580376768726,-15.121710075225536
9519,18.961832176850567,-14.167326960558036
9520,50.631870956867985,-9.418001160552791
9521,5.013724508476525,-20.25293359566678
9522,12.424646195888478,-20.2711781274581
9523,64.67409829419644,-6.466450332257989
9524,32.45674629257525,-20.272660315299028
9525,33.46716206410842,-10.095364787054484
9526,29.110969944828646,-12.661099115433105
9527,47.26771068715654,-12.07389900160224
9528,80.4334011773521,-6.466450332257989
9529,-16.0880383512919,-25.33690790616904
9530,92.13761894000534,-4.373138192561898
9531,25.059135807177423,-10.324661374977584
9532,57.13620585249688,-8.09984424817789
9533,33.840191007044936,-10.912298850195523
9534,24.267107223847905,-16.024912480854013
9535,9.586029326129996,-11.686482415908085
9536,42.05707478318583,-7.716136146116792
9537,10.735831377824612,-12.6713785956454
9538,6.004331213301062,-14.82572054430018
9539,29.554904160444906,-14.698469026473393
9540,12.129195255819836,-13.41860353881602
9541,81.51191503953123,-6.466450332258001
9542,1.3645585104010927,-19.85396759178745
9543,-11.679607319327589,-25.983990874613127
9544,65.57122300322695,-7.402422934703012
9545,19.219398741993054,-15.282321090783036
9546,14.320811739771422,-12.81230829756238
9547,20.15825539601588,-14.442342867796265
9548,64.06734885348573,-7.025849605363543
9549,24.621685917973156,-18.052305734752437
9550,39.95334550267246,-8.31338939063835
9551,46.439957701647174,-14.721636970899487
9552,-5.101463478862634,-26.89530186620178
9553,31.51140313298324,-14.800284040456157
9554,50.6300136026651,-7.716136146116792
9555,34.15365904643129,-8.353343813188353
9556,2.5800407193165453,-15.151736609684352
9557,19.68907013902843,-15.993793107512955
9558,-5.1217790932558405,-26.580353537701384
9559,61.54797637506599,-11.701356312388523
9560,46.63604086369049,-8.671729371495317
9561,-18.065690971623173,-27.060648186576252
9562,26.57463653898253,-8.828801787575202
9563,17.59081342155384,-12.180019630215956
9564,5.282168241486063,-14.436599008966745
9565,13.166781617758417,-15.803922477806488
9566,7.006986396414505,-10.188676232666749
9567,84.24327082387302,-22.557638616595423
9568,-5.070352235481668,-13.155083474786123
9569,37.5731978860369,-7.716136146116792
9570,36.14766605029269,-9.496383111462126
9571,32.326001293474405,-12.427574741070547
9572,16.48545891978801,-9.619064147708222
9573,62.3470336540475,-8.191413451165918
9574,10.097316448208748,-22.57226573628882
9575,72.3695726778172,-10.825773706726338
9576,79.86919503354315,-4.820799436640078
9577,13.92378859201935,-27.130446962450005
9578,36.06906894937736,-9.841309461303515
9579,3.505507827959109,-13.877630847109579
9580,86.28292074432937,-6.103650968949992
9581,-0.28611514130718607,-19.31243785882888
9582,31.765974055351577,-10.463218207356705
9583,-3.0390711622233946,-22.815403507876187
9584,21.433155660052815,-11.29325169760964
9585,53.61732856902708,-6.466450332257978
9586,44.67492585376212,-7.716136146116792
9587,26.08071648561534,-11.497857547925616
9588,23.808351105295465,-13.136080873505108
9589,-13.85973427206164,-26.238628295947088
9590,45.01234169816033,-7.716136146116792
9591,74.26221452934185,-12.227369420342216
9592,80.35784162559874,-4.667471361267617
9593,33.67205632735677,-12.101810432764381
9594,48.261623612431336,-16.03482939535593
9595,22.63678317894886,-13.556241233583554
9596,28.799541895321813,-12.102304904679361
9597,42.21864687205079,-10.16685620241139
9598,64.40229292638662,-7.716136146116792
9599,4.492437430956531,-16.481030988181157
9600,27.442063491556357,-12.175758174507035
9601,17.851905204360683,-15.533091652656116
9602,12.16649945549506,-13.72212529434501
9603,37.22949572598762,-8.459355070101038
9604,64.60082976497449,-4.273084780056335
9605,15.234174920751586,-9.477036464256205
9606,1.4470328627293139,-25.46835955333271
9607,33.843852296375786,-7.716136146116803
9608,68.74313607497345,-10.463218207356705
9609,22.092322375688255,-17.323224212828602
9610,43.871168397018145,-7.716136146116792
9611,23.742075539131324,-15.125567463574063
9612,30.590732328859403,-7.716136146116792
9613,6.364909532710272,-13.210354679491621
9614,-12.718829111342467,-22.19640247931265
9615,21.123142579020794,-12.551685941440216
9616,45.75075996312701,-13.451381483824
9617,41.05207175461678,-10.679964566328238
9618,35.87115159879701,-16.33348229516325
9619,28.678645063692244,-9.637011839881481
9620,56.20432035390473,-9.79328112098068
9621,66.45819986939567,-6.412908837116882
9622,79.75309705681425,-4.373138192561898
9623,13.72214442429598,-15.365141735245535
9624,26.124947773844752,-13.566348511199966
9625,38.23989895753839,-10.583888002407328
9626,43.890403517792386,-8.597677522085245
9627,11.18734924462541,-17.5868831594468
9628,22.104531755335778,-10.861752589332163
9629,44.90643561750507,-12.522360240738962
9630,3.2788129623875006,-17.65287639113725
9631,32.76147862670198,-15.999500533627264
9632,14.119486584665331,-11.812712777745082
9633,13.403884728419468,-16.100290207164726
9634,19.133082433635117,-16.904295597452347
9635,27.90947759915534,-10.26922978631777
9636,78.07889131472005,-6.637072598816229
9637,8.192191302907048,-20.149536187896867
9638,57.21673502298101,-10.431864634278842
9639,49.07507033040777,-6.546878211670315
9640,5.63262398633031,-17.318758766193486
9641,25.373494034940936,-17.071774421765674
9642,39.52029032208038,-10.32044777787946
9643,63.63442257996314,-6.155458622381305
9644,38.28817852495443,-9.265432479911318
9645,54.85310970102433,-10.652391592211297
9646,23.259839685139227,-14.824667604039732
9647,28.87799340632824,-9.239290910874232
9648,49.322300854960275,-8.488513547371157
9649,1.1179255578729785,-19.830730527193662
9650,4.341682440784789,-23.036544701845507
9651,44.948464048229454,-17.01234102398019
9652,23.686787826354163,-17.798444352373753
9653,-16.427643406797365,-29.953444051176493
9654,37.9009305081647,-10.857548694904363
9655,20.513546281345675,-14.313844069428027
9656,12.328106699809549,-12.988226093967182
9657,-7.633734076818022,-20.739187107795964
9658,9.746769691698143,-19.78076437746552
9659,-17.341255158773784,-29.225047210599875
9660,41.01385816590955,-7.716136146116792
9661,30.515183402195834,-15.92242496531171
9662,51.381602688412784,-8.948488209939654
9663,31.811146501088693,-7.716136146116792
9664,66.81165655774637,-6.466450332257989
9665,9.644023273632317,-23.406817055025275
9666,46.41021233902085,-12.300302290864906
9667,35.429951781714266,-9.183492587290164
9668,40.988315959280456,-7.611639135666581
9669,0.8434858758755714,-23.996336070965686
9670,12.654619867862005,-10.233625481231412
9671,101.8246558977689,-6.466450332258001
9672,86.51603531508665,-7.728433728328509
9673,44.32608989222035,-10.21912106487065
9674,45.94117045266424,-8.036726863120048
9675,94.05689977436037,-6.466450332257989
9676,33.23934306031195,-10.976131142663014
9677,63.741088448787806,-10.81308754241601
9678,-7.714636446987544,-24.147045099352205
9679,-3.5170163862124793,-31.01026265894591
9680,28.95694109118745,-16.272526327767267
9681,8.40093689474668,-19.97978387351097
9682,34.034686696600815,-17.429882068037095
9683,69.95212509161419,-8.85755927834574
9684,35.93127518834722,-12.620349785759666
9685,39.200862104925996,-8.957769948260118
9686,23.02821261677732,-11.856371372901076
9687,11.91137596945746,-22.358518319172926
9688,13.019543408135226,-12.94307495722763
9689,34.42287651829399,-10.976664890773058
9690,-2.529700560155146,-21.30582251770454
9691,40.31669281846975,-11.732707214610794
9692,27.06561708398054,-13.922588567311244
9693,15.555203020575735,-17.048137488528102
9694,0.5458459641910718,-29.432660309480575
9695,27.921813037383615,-8.305421416689374
9696,65.89825710231733,-8.217458622869266
9697,35.986834844234394,-7.597611092670464
9698,16.64993825539316,-14.938747078740855
9699,71.05194586305481,-5.693732060478418
9700,53.39935936750078,-14.847519422079781
9701,5.514089695333069,-14.233752732359328
9702,-0.7066642066774875,-13.990385333042187
9703,30.149212952622094,-6.466450332257989
9704,10.5113824234645,-15.676633090741133
9705,11.629008870708502,-13.43016699058598
9706,34.32393262508751,-9.51768838626551
9707,32.09835741649627,-11.519700156754787
9708,61.76581808175903,-10.654760158999366
9709,33.25067292113984,-8.351902916688314
9710,45.81550789858293,-9.191769899084868
9711,11.299639168463749,-15.365764079650546
9712,29.94475735268416,-9.507453760925522
9713,31.32951268632329,-10.300673548928806
9714,73.27108840069066,-6.720953602193058
9715,3.2555481718585133,-14.252319422447634
9716,22.013815214096798,-15.01674258928295
9717,34.55818389774412,-14.067960122178846
9718,53.37494193722816,-7.6322405063090955
9719,28.27910666424227,-14.415934933309149
9720,10.908093337381143,-13.30822035478415
9721,11.530665847988853,-17.101329822505797
9722,36.268632352822536,-7.716136146116792
9723,15.432655852989052,-20.240325226767787
9724,18.351302872657914,-19.986033892908097
9725,27.540750445085838,-18.9482041350701
9726,24.64953680502271,-12.861709967518086
9727,31.55330473373088,-7.7161361461167814
9728,24.53617426066421,-10.59540579905045
9729,33.5715624863667,-11.605090945918416
9730,15.508263053383352,-13.556428923467278
9731,3.689017309061815,-22.22268232364536
9732,14.985113005852547,-11.835331197080311
9733,54.53630307374853,-6.818837293207336
9734,40.337584900486334,-11.250569399718746
9735,31.623908570094894,-15.78502803372077
9736,26.520299075740716,-14.064385093667253
9737,25.07589688373546,-10.00101264926676
9738,58.15863314858392,-8.315046153553507
9739,16.863564676272592,-19.871722059252406
9740,20.02798579043663,-10.927412479750998
9741,46.5731648595809,-8.726730396126992
9742,1.91149974237943,-17.759330629130567
9743,39.67285453262199,-10.522278760638171
9744,82.79943529987767,-4.373138192561898
9745,61.49244302862768,-7.716136146116792
9746,76.82450654990136,-7.595894603841313
9747,25.404952164345286,-16.662061392382242
9748,42.71785241587283,-9.70907613854093
9749,65.6933414489017,-10.551093470551166
9750,68.62239289647651,-6.466450332257989
9751,20.90485067294743,-17.07879381210762
9752,57.09698540271133,-4.273084780056335
9753,39.68673626102621,-8.455673796826712
9754,70.8885039744749,-11.366821521225523
9755,41.66397895601723,-9.14945748626489
9756,33.68216109070059,-9.477608353087808
9757,1.9552799062001691,-17.59625687134152
9758,0.15814190022398478,-18.836893410845345
9759,42.18427124030437,-5.914793914980443
9760,-3.594330980922389,-15.603513346663078
9761,-9.640764724578222,-20.451251073081757
9762,41.071742188482354,-11.251194754964732
9763,64.2777013766707,-7.684463585473933
9764,24.088885918492963,-26.364074782826506
9765,36.374969728738435,-14.643827786271746
9766,107.52784970180151,-7.911121587699588
9767,26.221678178960794,-11.57806778077315
9768,25.681665858038215,-10.21912106487064
9769,66.48936980901343,-6.466450332257989
9770,42.297599489611,-9.463557574727854
9771,53.808881857890256,-8.733673468168801
9772,27.762115531776477,-18.326905804948435
9773,36.88501686957824,-9.358270981343676
9774,26.47323496520726,-7.554458120282148
9775,24.444982415267624,-12.49786095862685
9776,40.694972186902234,-16.281405079954837
9777,9.632398573711697,-11.153524473746057
9778,48.34492185191985,-10.00229625463428
9779,26.67632713222874,-14.894008205772312
9780,25.70561499821975,-5.739805944957599
9781,21.46222612653135,-16.25869263022025
9782,7.127696645247061,-14.951318913345013
9783,49.344713764582735,-13.563980594677115
9784,55.88586773446487,-11.004816414459873
9785,51.03126736059658,-7.321346957178676
9786,18.191850178774715,-11.659503886904988
9787,25.839807791798975,-10.927536168713036
9788,46.087113993488906,-9.9890285579613
9789,61.60399743702947,-9.765236093509355
9790,35.76830627210688,-11.0983718321785
9791,-1.7658019090799337,-22.077836190392286
9792,66.15744838840361,-6.466450332257989
9793,30.50044666387319,-11.052453141500763
9794,-9.011465112544926,-26.843266943121847
9795,43.74000782992717,-15.632031348742636
9796,51.305772315762674,-8.373086419316088
9797,3.2869719585078228,-18.632694698811925
9798,4.987315435860928,-20.072645336702422
9799,75.28506220222681,-4.171740576765492
9800,81.3304240206507,-5.028529817233352
9801,18.68889314219604,-13.092958527065402
9802,41.40467133474193,-9.959847968028434
9803,42.08130234052019,-8.065792279574824
9804,52.70722377093344,-6.297786455115995
9805,74.60765410848967,-8.632865260630918
9806,-5.141562478875505,-17.43752952471185
9807,85.8815730618553,-4.120443904152027
9808,15.538532034493201,-14.65299784873
9809,34.4628928476693,-8.073199738944936
9810,60.22925770615966,-4.995737157491753
9811,16.93685193537282,-21.701476712520606
9812,50.120246708240465,-20.589640925738316
9813,62.2255144773292,-14.796731433342936
9814,41.50041292915652,-11.868980489646141
9815,17.789586724220197,-11.912881247557616
9816,-2.8877833812292697,-15.434931453497235
9817,59.858664433970965,-9.196021305117895
9818,19.274039315924263,-14.576136888147007
9819,15.408448859016843,-8.896468231430067
9820,42.83271358816345,-13.553756644640746
9821,29.018207938058094,-7.968324447393959
9822,38.612806651759676,-13.260546747092217
9823,27.438934934741678,-13.725094668941097
9824,6.302747272216802,-15.682439896873912
9825,23.857730001355847,-14.061284218465065
9826,39.9581260393018,-6.902945839765595
9827,22.066019734128428,-7.716136146116792
9828,73.3135292076916,-6.466450332257978
9829,43.33127086830868,-12.113432645210832
9830,8.101934124120657,-14.93263292100887
9831,39.832182790644424,-8.942830331252338
9832,71.15382338565934,-7.716136146116803
9833,70.99175379055795,-7.510700332641318
9834,8.755929033309528,-19.486018762551183
9835,23.30567042238638,-12.969197960524447
9836,14.013733001793538,-20.0372499069274
9837,53.96709688114289,-8.929989026244678
9838,19.63401956881201,-8.347650555419882
9839,25.30659935247126,-19.2980292399075
9840,59.27219211661263,-12.04313984436447
9841,-0.5800477361112777,-19.37229218129636
9842,5.825317059791901,-11.212749520510357
9843,30.611436936379622,-7.384482880673005
9844,17.575248980178436,-8.874250908910163
9845,4.861169056506909,-22.519972894423923
9846,41.14356886850483,-8.152083811101395
9847,42.5113946064098,-7.7161361461167814
9848,19.61800749105511,-20.012498446539194
9849,48.30090079199287,-13.774570138221476
9850,21.951234577072775,-10.831862283885362
9851,24.024440967534154,-16.789294946680645
9852,22.026789091319856,-16.1569779747199
9853,48.90134315630679,-11.539313864691369
9854,15.84411751590633,-17.730835617447795
9855,7.211087185300524,-16.34062639681154
9856,26.015759618838352,-13.363024812184154
9857,11.1585445625064,-18.3428958874828
9858,53.280503352723585,-6.677850055723278
9859,20.148233071310596,-10.757210264859262
9860,48.35590197381669,-10.463218207356705
9861,16.015736042280814,-9.174809268011986
9862,22.13687911438371,-22.09291432694146
9863,8.384478993670319,-15.666629906857265
9864,68.39330703962536,-6.466450332257989
9865,11.599976720417926,-21.283679063359028
9866,10.876353752035506,-9.707477874338121
9867,35.11083093722067,-16.83773352468958
9868,12.774897673422437,-16.474975273446724
9869,-2.643296714978971,-24.167429590184895
9870,57.04355117529823,-6.466450332257978
9871,32.028711751495244,-10.534267508619122
9872,14.328688657864873,-14.549079279757283
9873,3.1247219080811517,-21.09794112381227
9874,35.89178890031275,-13.160404738903065
9875,31.633708693171858,-9.353514841645794
9876,34.718853520829995,-6.466450332257989
9877,32.64889519040403,-10.51282263575387
9878,2.277604613254147,-15.064863430851027
9879,33.21000480667069,-20.237956600201557
9880,24.682371039364547,-20.953170164829594
9881,43.30095239510929,-9.832909841781934
9882,37.735389230223724,-14.871855837443327
9883,-0.9172775913673492,-19.088125857503957
9884,32.94699060488719,-13.128722199144748
9885,46.62052414435609,-8.437147102660248
9886,49.029261821503866,-5.8801843595726595
9887,18.062620038435682,-26.24404260429919
9888,3.1184341598292864,-18.095997613359273
9889,22.39554216179158,-12.087660231791252
9890,26.417738139900628,-17.674278264724165
9891,34.26416041337104,-10.223684877670447
9892,60.32387082048045,-6.741988013717936
9893,40.78721605847812,-13.23338050598819
9894,46.033868409992216,-7.7161361461167814
9895,35.294384731990135,-10.10531624025921
9896,53.89152771015302,-12.072757049955774
9897,31.059543749238028,-10.801405098502247
9898,8.011631987652512,-16.596744013207022
9899,25.370864831456586,-10.951367217438769
9900,31.122159473247745,-11.751837041882773
9901,22.267217240398285,-9.33257536966977
9902,23.026086451823513,-13.01956438725842
9903,21.82126703994345,-10.313900627772632
9904,48.63264420234816,-5.274685604704244
9905,35.654070113904424,-11.324856103941016
9906,53.45101946771522,-9.036729117458398
9907,36.41285731033301,-17.317150461897757
9908,15.571612383134736,-16.805042131366765
9909,10.414081265047859,-10.984251897890706
9910,78.6387332489169,-7.288565016889049
9911,53.087002856359256,-6.466450332257978
9912,29.733145970538487,-4.804309255768757
9913,-7.404879473845738,-20.103921680930736
9914,49.03004112026521,-7.035923349702244
9915,38.22537342784935,-7.442139082895515
9916,-10.20680147536429,-15.691962833388262
9917,82.41840393101675,-6.397642534287518
9918,34.04873506101336,-8.197389589040327
9919,84.09333987040755,-9.671294935192565
9920,68.86274746361593,-5.990174666627423
9921,58.051081529667805,-10.153122864619203
9922,32.39010384969714,-9.82390617299107
9923,12.305414883536535,-12.64953898489114
9924,43.355206316287465,-10.118892769395682
9925,31.492689572308883,-16.495154155060376
9926,3.0611016810764724,-13.974984511267596
9927,21.655536296210375,-13.203720791353636
9928,64.7941073708161,-7.97161901963478
9929,35.0246737942695,-17.882750199272625
9930,25.797143693128778,-10.310785570638858
9931,1.5777585313326403,-16.437653403873597
9932,25.1476540554852,-12.77001012709671
9933,24.773197068422583,-12.878992787914589
9934,11.753395013245838,-16.81719913564902
9935,17.278125836127867,-17.152018958322778
9936,-1.7456862098269799,-12.919024715834137
9937,42.889434471804066,-19.136079651064087
9938,56.67605521401933,-11.986753046124733
9939,75.30740726222342,-6.466450332257989
9940,58.68278615513107,-6.6893911051835175
9941,6.357351085690954,-20.124916370073777
9942,62.047182328366326,-10.342256406767468
9943,17.843887632133914,-15.035275000516302
9944,52.326354398146435,-4.801094642362058
9945,79.03853862460078,-4.716172054992529
9946,68.20920336332115,-7.937023393147758
9947,-10.589186703970189,-33.29501730133042
9948,39.23293199643929,-7.633527799974171
9949,23.375583047795256,-18.18136434884776
9950,31.017227285530357,-15.925750796439864
9951,-3.8131139228457456,-21.574782095583068
9952,53.448375055344634,-10.185929903911994
9953,58.68239928728598,-11.167247308189033
9954,11.934836396785764,-25.002651297514
9955,10.935782232048584,-13.942201092101335
9956,64.09501616090381,-11.208741855211613
9957,34.32293495035268,-13.211273084117735
9958,41.66212141794339,-13.11467528654533
9959,35.128838698870645,-8.31338939063835
9960,33.79899405185618,-13.188593517229187
9961,13.804536902327458,-10.936735853627743
9962,33.59136587411182,-6.466450332257989
9963,47.11423451758267,-12.583494021001995
9964,6.290577519982188,-14.282947297220428
9965,21.850067011581785,-14.761410607983938
9966,49.313373845475226,-8.122209090311594
9967,8.855935105044676,-21.81075073332015
9968,24.620520472577656,-16.798451124781987
9969,-6.445699968613439,-23.032446976754116
9970,16.218632279876832,-12.39338160012351
9971,28.459909513012605,-9.75452218672509
9972,55.279367288043325,-10.303060776749106
9973,40.98621779913496,-8.571771584111065
9974,40.708407783698576,-10.281703200050007
9975,67.20307798326111,-6.869454449771506
9976,40.472077950974075,-8.555033008611357
9977,4.766255281403531,-17.017299334873215
9978,18.001102714061922,-12.326983348292941
9979,10.15146776819671,-19.05359579799123
9980,52.54941201621024,-4.373138192561898
9981,8.843878508776282,-14.537598031287335
9982,41.247305126485514,-10.493825413074942
9983,-10.801907812190292,-26.08042815083964
9984,3.447028571894717,-20.093192060439247
9985,10.307576184157874,-17.23335142499005
9986,19.047070969707214,-12.527714229806397
9987,57.22058169047261,-7.716136146116792
9988,60.49839133179766,-8.157170546304272
9989,11.112057196431913,-12.655803279126976
9990,45.85672743333931,-14.66934222429932
9991,-20.000636479761667,-31.54895527250936
9992,56.74542840535848,-11.37420278512522
9993,44.87332828301997,-10.86645597909065
9994,1.2683358773581288,-21.465063457101596
9995,34.5661864528483,-10.463218207356695
9996,43.71020063752762,-9.799665115152544
9997,27.54784733558655,-7.945193340225554
9998,3.4743523008991195,-12.391062937092045
9999,42.754024815453896,-10.556801715636876
10000,38.48704781339558,-15.888763625898239
